Vehicle_ID,Vehicle_Model,Manufacturer,Manufacturing_Year,Battery_Capacity,Battery_State_of_Health,Charging_Start_Time,Charging_End_Time,Charging_Duration,Charging_Station,Charging_Type,Temperature,Energy_Consumed,Distance_Travelled,Charging_Cost,Fleet_ID,Location,Charging_Status,Maintenance_Status,Driver_ID,Weather,Battery_Temperature,Distance_Travelled_km,Efficiency_kWh_100km,Degradation_Status
EV0001,Tata Nexon EV,Tata,2023,40,94.2,2026-01-08 11:15:00,2026-01-08 12:21:00,1.1,Mangalore Station 1,Normal,32,20.8,67.0,249.6,Premium Fleet,Mangalore,Completed,Good,D0001,Cloudy,22.5,76.0,26.32,Healthy
EV0002,Kia EV6,Kia,2023,77,95.8,2026-01-09 19:00:00,2026-01-09 21:35:00,2.58,Belagavi Station 2,Normal,30,46.8,278.0,561.6,Premium Fleet,Belagavi,Completed,Good,D0002,Sunny,22.5,76.0,26.32,Healthy
EV0003,Mahindra XUV400,Mahindra,2023,39,98.5,2026-01-10 07:15:00,2026-01-10 07:41:00,0.43,Mangalore Station 1,Fast,32,24.3,77.0,291.60000000000002,Green Mobility,Mangalore,Completed,Good,D0003,Sunny,22.5,76.0,26.32,Healthy
EV0004,BYD Atto 3,BYD,2023,60,97.6,2026-01-11 11:00:00,2026-01-11 11:33:00,0.55,Mysore Station 2,Fast,28,25.0,95.0,300,Green Mobility,Mysore,Completed,Good,D0004,Cloudy,22.5,76.0,26.32,Healthy
EV0005,Tata Curvv EV,Tata,2023,55,94.5,2026-01-12 19:30:00,2026-01-12 21:35:00,2.08,Hubli Station 2,Normal,32,36.9,70.0,442.8,EV Fleet India,Hubli,Completed,Good,D0005,Rainy,22.5,76.0,26.32,Healthy
EV0006,MG Comet EV,MG,2023,17,98.4,2026-01-13 19:30:00,2026-01-13 19:34:00,0.07,Belagavi Station 1,Fast,29,5.5,182.0,66,Premium Fleet,Belagavi,Completed,Good,D0006,Rainy,22.5,76.0,26.32,Healthy
EV0007,BYD Atto 3,BYD,2023,60,98.1,2026-01-14 07:00:00,2026-01-14 07:51:00,0.85,Hubli Station 1,Fast,37,46.4,143.0,556.79999999999995,City EV,Hubli,Completed,Good,D0007,Cloudy,22.5,76.0,26.32,Healthy
EV0008,MG ZS EV,MG,2023,50,98.4,2026-01-15 00:45:00,2026-01-15 01:30:00,0.75,Bangalore Station 2,Fast,30,37.1,194.0,445.2,City EV,Bangalore,Completed,Good,D0008,Rainy,22.5,76.0,26.32,Healthy
EV0009,Tata Punch EV,Tata,2023,35,98.5,2026-01-16 22:15:00,2026-01-16 22:43:00,0.47,Bangalore Station 2,Fast,31,25.5,292.0,306,Green Mobility,Bangalore,Completed,Good,D0009,Rainy,22.5,76.0,26.32,Healthy
EV0010,Mahindra XUV400,Mahindra,2023,39,95.7,2026-01-17 19:30:00,2026-01-17 19:52:00,0.37,Bangalore Station 1,Fast,27,18.0,209.0,216,Green Mobility,Bangalore,Completed,Good,D0010,Sunny,22.5,76.0,26.32,Healthy
EV0011,Tata Punch EV,Tata,2023,35,96.0,2026-01-18 05:45:00,2026-01-18 06:13:00,0.47,Belagavi Station 1,Fast,38,27.4,138.0,328.8,EV Fleet India,Belagavi,Completed,Good,D0011,Cloudy,22.5,76.0,26.32,Healthy
EV0012,MG ZS EV,MG,2023,50,98.8,2026-01-19 09:30:00,2026-01-19 11:05:00,1.58,Hubli Station 2,Normal,37,26.9,146.0,322.8,Green Mobility,Hubli,Completed,Good,D0012,Sunny,22.5,76.0,26.32,Healthy
EV0013,Kia EV6,Kia,2023,77,98.9,2026-01-20 06:30:00,2026-01-20 08:56:00,2.43,Belagavi Station 1,Normal,31,43.1,333.0,517.20000000000005,EV Fleet India,Belagavi,Completed,Good,D0013,Cloudy,22.5,76.0,26.32,Healthy
EV0014,MG ZS EV,MG,2023,50,97.2,2026-01-21 05:30:00,2026-01-21 07:53:00,2.38,Mysore Station 1,Normal,29,41.8,188.0,501.6,City EV,Mysore,Completed,Good,D0014,Cloudy,22.5,76.0,26.32,Healthy
EV0015,Tata Nexon EV,Tata,2023,40,95.3,2026-01-22 12:45:00,2026-01-22 13:03:00,0.3,Belagavi Station 2,Fast,34,10.2,254.0,122.4,Premium Fleet,Belagavi,Completed,Good,D0015,Cloudy,22.5,76.0,26.32,Healthy
EV0016,Tata Curvv EV,Tata,2023,55,99.7,2026-01-23 09:30:00,2026-01-23 10:25:00,0.92,Bangalore Station 2,Fast,38,44.8,278.0,537.6,City EV,Bangalore,Completed,Good,D0016,Sunny,22.5,76.0,26.32,Healthy
EV0017,BYD Atto 3,BYD,2023,60,96.3,2026-01-24 00:00:00,2026-01-24 01:27:00,1.45,Hubli Station 1,Normal,33,24.7,337.0,296.39999999999998,Green Mobility,Hubli,Completed,Good,D0017,Sunny,22.5,76.0,26.32,Healthy
EV0018,Kia EV6,Kia,2023,77,94.1,2026-01-25 19:15:00,2026-01-25 21:09:00,1.9,Mangalore Station 1,Normal,33,33.7,329.0,404.4,City EV,Mangalore,Completed,Good,D0018,Sunny,22.5,76.0,26.32,Healthy
EV0019,MG Comet EV,MG,2023,17,97.2,2026-01-26 18:15:00,2026-01-26 18:28:00,0.22,Mysore Station 1,Fast,29,8.3,155.0,99.6,Premium Fleet,Mysore,Completed,Good,D0019,Sunny,22.5,76.0,26.32,Healthy
EV0020,Tata Nexon EV,Tata,2023,40,97.8,2026-01-27 09:30:00,2026-01-27 09:48:00,0.3,Bangalore Station 1,Fast,28,9.1,296.0,109.2,City EV,Bangalore,Completed,Good,D0020,Cloudy,22.5,76.0,26.32,Healthy
EV0021,Mahindra XUV400,Mahindra,2023,39,97.0,2026-01-28 04:45:00,2026-01-28 05:24:00,0.65,Hubli Station 1,Normal,39,11.6,174.0,139.19999999999999,EV Fleet India,Hubli,Completed,Good,D0021,Cloudy,22.5,76.0,26.32,Healthy
EV0022,BYD Atto 3,BYD,2023,60,94.2,2026-01-29 05:30:00,2026-01-29 06:16:00,0.77,Belagavi Station 2,Fast,35,38.9,123.0,466.8,City EV,Belagavi,Completed,Good,D0022,Rainy,22.5,76.0,26.32,Healthy
EV0023,Tata Nexon EV,Tata,2023,40,95.1,2026-01-30 13:45:00,2026-01-30 14:08:00,0.38,Mangalore Station 2,Fast,37,18.6,199.0,223.2,Green Mobility,Mangalore,Completed,Good,D0023,Sunny,22.5,76.0,26.32,Healthy
EV0024,Tata Curvv EV,Tata,2023,55,95.5,2026-01-31 16:45:00,2026-01-31 19:07:00,2.37,Bangalore Station 2,Normal,30,42.8,192.0,513.6,Green Mobility,Bangalore,Completed,Good,D0024,Sunny,22.5,76.0,26.32,Healthy
EV0025,BYD Seal,BYD,2023,82,94.6,2026-02-01 00:15:00,2026-02-01 02:09:00,1.9,Hubli Station 1,Normal,35,32.3,219.0,387.6,City EV,Hubli,Completed,Good,D0025,Rainy,22.5,76.0,26.32,Healthy
EV0026,BYD Atto 3,BYD,2023,60,99.8,2026-02-02 23:45:00,2026-02-03 01:17:00,1.53,Bangalore Station 1,Normal,27,28.0,235.0,336,Green Mobility,Bangalore,Completed,Good,D0026,Sunny,22.5,76.0,26.32,Healthy
EV0027,Tata Nexon EV,Tata,2023,40,97.8,2026-02-03 23:00:00,2026-02-04 00:11:00,1.18,Hubli Station 2,Normal,36,21.5,301.0,258,Eco Drive,Hubli,Completed,Good,D0027,Rainy,22.5,76.0,26.32,Healthy
EV0028,MG Comet EV,MG,2023,17,96.9,2026-02-04 01:45:00,2026-02-04 02:05:00,0.33,Belagavi Station 2,Fast,34,11.7,323.0,140.4,City EV,Belagavi,Completed,Good,D0028,Cloudy,22.5,76.0,26.32,Healthy
EV0029,Tata Punch EV,Tata,2023,35,94.4,2026-02-05 15:15:00,2026-02-05 15:49:00,0.57,Mangalore Station 1,Fast,39,23.9,114.0,286.8,EV Fleet India,Mangalore,Completed,Good,D0029,Rainy,22.5,76.0,26.32,Healthy
EV0030,Tata Nexon EV,Tata,2023,40,96.9,2026-02-06 02:15:00,2026-02-06 03:24:00,1.15,Hubli Station 1,Normal,34,21.9,285.0,262.8,EV Fleet India,Hubli,Completed,Good,D0030,Sunny,22.5,76.0,26.32,Healthy
EV0031,MG ZS EV,MG,2023,50,94.8,2026-02-07 22:30:00,2026-02-07 23:02:00,0.53,Belagavi Station 2,Fast,31,27.3,235.0,327.60000000000002,EV Fleet India,Belagavi,Completed,Good,D0031,Sunny,22.5,76.0,26.32,Healthy
EV0032,Kia EV6,Kia,2023,77,97.8,2026-02-08 19:15:00,2026-02-08 21:37:00,2.37,Belagavi Station 1,Normal,28,40.5,120.0,486,EV Fleet India,Belagavi,Completed,Good,D0032,Rainy,22.5,76.0,26.32,Healthy
EV0033,Mahindra XUV400,Mahindra,2023,39,95.0,2026-02-09 14:45:00,2026-02-09 15:19:00,0.57,Bangalore Station 1,Fast,30,28.6,82.0,343.2,Green Mobility,Bangalore,Completed,Good,D0033,Sunny,22.5,76.0,26.32,Healthy
EV0034,MG Comet EV,MG,2023,17,98.7,2026-02-10 11:15:00,2026-02-10 11:56:00,0.68,Bangalore Station 2,Normal,31,10.6,251.0,127.2,EV Fleet India,Bangalore,Completed,Good,D0034,Sunny,22.5,76.0,26.32,Healthy
EV0035,BYD Atto 3,BYD,2023,60,97.0,2026-02-11 02:45:00,2026-02-11 03:57:00,1.2,Mysore Station 1,Normal,35,21.0,327.0,252,Eco Drive,Mysore,Completed,Good,D0035,Sunny,22.5,76.0,26.32,Healthy
EV0036,Tata Curvv EV,Tata,2023,55,96.3,2026-02-12 18:15:00,2026-02-12 18:58:00,0.72,Mangalore Station 2,Fast,37,32.0,174.0,384,Premium Fleet,Mangalore,Completed,Good,D0036,Sunny,22.5,76.0,26.32,Healthy
EV0037,Kia EV6,Kia,2023,77,94.4,2026-02-13 11:15:00,2026-02-13 12:46:00,1.52,Hubli Station 2,Normal,36,26.4,160.0,316.8,EV Fleet India,Hubli,Completed,Good,D0037,Rainy,22.5,76.0,26.32,Healthy
EV0038,Hyundai Kona EV,Hyundai,2023,39,98.1,2026-02-14 05:00:00,2026-02-14 05:28:00,0.47,Bangalore Station 2,Fast,33,25.8,212.0,309.60000000000002,City EV,Bangalore,Completed,Good,D0038,Rainy,22.5,76.0,26.32,Healthy
EV0039,Tata Punch EV,Tata,2023,35,94.1,2026-02-15 13:15:00,2026-02-15 14:30:00,1.25,Belagavi Station 1,Normal,29,20.3,132.0,243.6,Eco Drive,Belagavi,Completed,Good,D0039,Sunny,22.5,76.0,26.32,Healthy
EV0040,Tata Nexon EV,Tata,2023,40,95.9,2026-02-16 09:30:00,2026-02-16 10:45:00,1.25,Mangalore Station 1,Normal,37,23.3,166.0,279.60000000000002,Eco Drive,Mangalore,Completed,Good,D0040,Cloudy,22.5,76.0,26.32,Healthy
EV0041,Kia EV6,Kia,2023,77,97.8,2026-02-17 01:45:00,2026-02-17 02:52:00,1.12,Bangalore Station 2,Fast,39,49.8,149.0,597.6,EV Fleet India,Bangalore,Completed,Good,D0041,Cloudy,22.5,76.0,26.32,Healthy
EV0042,BYD Atto 3,BYD,2023,60,96.5,2026-02-18 03:30:00,2026-02-18 05:25:00,1.92,Bangalore Station 2,Normal,30,35.8,190.0,429.6,Green Mobility,Bangalore,Completed,Good,D0042,Rainy,22.5,76.0,26.32,Healthy
EV0043,Kia EV6,Kia,2023,77,94.2,2026-02-19 17:45:00,2026-02-19 19:30:00,1.75,Hubli Station 1,Normal,35,30.2,329.0,362.4,Premium Fleet,Hubli,Completed,Good,D0043,Cloudy,22.5,76.0,26.32,Healthy
EV0044,BYD Atto 3,BYD,2023,60,96.5,2026-02-20 09:30:00,2026-02-20 10:28:00,0.97,Belagavi Station 1,Fast,34,43.6,138.0,523.20000000000005,Eco Drive,Belagavi,Completed,Good,D0044,Rainy,22.5,76.0,26.32,Healthy
EV0045,BYD Atto 3,BYD,2023,60,98.0,2026-02-21 23:00:00,2026-02-21 23:36:00,0.6,Bangalore Station 2,Fast,30,29.6,161.0,355.2,Premium Fleet,Bangalore,Completed,Good,D0045,Cloudy,22.5,76.0,26.32,Healthy
EV0046,Hyundai Kona EV,Hyundai,2023,39,97.1,2026-02-22 22:00:00,2026-02-22 22:43:00,0.72,Bangalore Station 2,Normal,37,12.8,107.0,153.6,Green Mobility,Bangalore,Completed,Good,D0046,Sunny,22.5,76.0,26.32,Healthy
EV0047,Tata Nexon EV,Tata,2023,40,96.5,2026-02-23 15:45:00,2026-02-23 16:28:00,0.72,Mysore Station 1,Normal,30,12.1,241.0,145.19999999999999,City EV,Mysore,Completed,Good,D0047,Sunny,22.5,76.0,26.32,Healthy
EV0048,Tata Nexon EV,Tata,2023,40,96.9,2026-02-24 23:45:00,2026-02-25 00:20:00,0.58,Bangalore Station 2,Fast,32,22.6,126.0,271.2,EV Fleet India,Bangalore,Completed,Good,D0048,Rainy,22.5,76.0,26.32,Healthy
EV0049,BYD Atto 3,BYD,2023,60,95.1,2026-02-25 10:30:00,2026-02-25 11:07:00,0.62,Hubli Station 1,Fast,31,31.5,255.0,378,Green Mobility,Hubli,Completed,Good,D0049,Sunny,22.5,76.0,26.32,Healthy
EV0050,Mahindra XUV400,Mahindra,2023,39,95.5,2026-02-26 16:45:00,2026-02-26 17:09:00,0.4,Mysore Station 2,Fast,32,18.7,117.0,224.4,Eco Drive,Mysore,Completed,Good,D0050,Sunny,22.5,76.0,26.32,Healthy
EV0051,Tata Curvv EV,Tata,2023,55,94.2,2026-02-27 05:30:00,2026-02-27 06:03:00,0.55,Hubli Station 1,Fast,32,24.7,172.0,296.39999999999998,Eco Drive,Hubli,Completed,Good,D0051,Cloudy,22.5,76.0,26.32,Healthy
EV0052,Tata Nexon EV,Tata,2023,40,96.6,2026-02-28 08:00:00,2026-02-28 08:09:00,0.15,Belagavi Station 1,Fast,34,10.8,101.0,129.6,City EV,Belagavi,Completed,Good,D0052,Cloudy,22.5,76.0,26.32,Healthy
EV0053,BYD Seal,BYD,2023,82,99.4,2026-03-01 01:45:00,2026-03-01 02:24:00,0.65,Hubli Station 2,Fast,30,34.4,122.0,412.8,Green Mobility,Hubli,Completed,Good,D0053,Rainy,22.5,76.0,26.32,Healthy
EV0054,Tata Punch EV,Tata,2023,35,98.6,2026-03-02 22:30:00,2026-03-02 22:40:00,0.17,Mangalore Station 2,Fast,30,12.8,207.0,153.6,City EV,Mangalore,Completed,Good,D0054,Sunny,22.5,76.0,26.32,Healthy
EV0055,MG Comet EV,MG,2023,17,97.7,2026-03-03 20:15:00,2026-03-03 20:32:00,0.28,Mysore Station 1,Fast,33,13.9,246.0,166.8,Eco Drive,Mysore,Completed,Good,D0055,Sunny,22.5,76.0,26.32,Healthy
EV0056,Mahindra XUV400,Mahindra,2023,39,98.9,2026-03-04 03:30:00,2026-03-04 04:06:00,0.6,Mangalore Station 2,Fast,27,23.9,74.0,286.8,City EV,Mangalore,Completed,Good,D0056,Cloudy,22.5,76.0,26.32,Healthy
EV0057,BYD Seal,BYD,2023,82,99.6,2026-03-05 09:15:00,2026-03-05 09:59:00,0.73,Belagavi Station 1,Fast,29,39.1,315.0,469.2,EV Fleet India,Belagavi,Completed,Good,D0057,Rainy,22.5,76.0,26.32,Healthy
EV0058,Hyundai Kona EV,Hyundai,2023,39,96.0,2026-03-06 03:00:00,2026-03-06 03:19:00,0.32,Belagavi Station 2,Fast,36,16.7,209.0,200.4,Premium Fleet,Belagavi,Completed,Good,D0058,Rainy,22.5,76.0,26.32,Healthy
EV0059,Tata Punch EV,Tata,2023,35,98.9,2026-03-07 06:00:00,2026-03-07 06:31:00,0.52,Belagavi Station 2,Fast,35,22.3,288.0,267.60000000000002,Premium Fleet,Belagavi,Completed,Good,D0059,Cloudy,22.5,76.0,26.32,Healthy
EV0060,Tata Curvv EV,Tata,2023,55,96.1,2026-03-08 12:30:00,2026-03-08 12:49:00,0.32,Hubli Station 1,Fast,37,16.9,221.0,202.8,Eco Drive,Hubli,Completed,Good,D0060,Rainy,22.5,76.0,26.32,Healthy
EV0061,MG ZS EV,MG,2023,50,99.4,2026-03-09 07:15:00,2026-03-09 08:56:00,1.68,Belagavi Station 1,Normal,29,28.2,282.0,338.4,Eco Drive,Belagavi,Completed,Good,D0061,Cloudy,22.5,76.0,26.32,Healthy
EV0062,MG Comet EV,MG,2023,17,95.4,2026-03-10 05:45:00,2026-03-10 05:58:00,0.22,Mangalore Station 1,Fast,32,10.2,273.0,122.4,EV Fleet India,Mangalore,Completed,Good,D0062,Rainy,22.5,76.0,26.32,Healthy
EV0063,BYD Atto 3,BYD,2023,60,96.0,2026-03-11 11:45:00,2026-03-11 14:12:00,2.45,Belagavi Station 1,Normal,36,44.7,68.0,536.4,EV Fleet India,Belagavi,Completed,Good,D0063,Cloudy,22.5,76.0,26.32,Healthy
EV0064,BYD Seal,BYD,2023,82,94.9,2026-03-12 19:45:00,2026-03-12 20:55:00,1.17,Hubli Station 2,Fast,37,57.2,324.0,686.4,City EV,Hubli,Completed,Good,D0064,Cloudy,22.5,76.0,26.32,Healthy
EV0065,BYD Seal,BYD,2023,82,98.0,2026-03-13 12:15:00,2026-03-13 13:11:00,0.93,Belagavi Station 2,Fast,28,45.4,277.0,544.79999999999995,Eco Drive,Belagavi,Completed,Good,D0065,Cloudy,22.5,76.0,26.32,Healthy
EV0066,Tata Punch EV,Tata,2023,35,96.1,2026-03-14 03:00:00,2026-03-14 03:38:00,0.63,Belagavi Station 1,Fast,36,26.0,284.0,312,EV Fleet India,Belagavi,Completed,Good,D0066,Sunny,22.5,76.0,26.32,Healthy
EV0067,MG Comet EV,MG,2023,17,99.3,2026-03-15 17:30:00,2026-03-15 17:51:00,0.35,Belagavi Station 2,Normal,28,7.3,256.0,87.6,Green Mobility,Belagavi,Completed,Good,D0067,Cloudy,22.5,76.0,26.32,Healthy
EV0068,Tata Curvv EV,Tata,2023,55,96.5,2026-03-16 02:45:00,2026-03-16 03:35:00,0.83,Hubli Station 2,Fast,39,38.3,251.0,459.6,Premium Fleet,Hubli,Completed,Good,D0068,Cloudy,22.5,76.0,26.32,Healthy
EV0069,Tata Punch EV,Tata,2023,35,96.6,2026-03-17 17:00:00,2026-03-17 17:59:00,0.98,Mysore Station 1,Normal,38,17.8,111.0,213.6,EV Fleet India,Mysore,Completed,Good,D0069,Cloudy,22.5,76.0,26.32,Healthy
EV0070,MG ZS EV,MG,2023,50,96.9,2026-03-18 14:15:00,2026-03-18 14:55:00,0.67,Mangalore Station 2,Fast,30,32.4,146.0,388.8,EV Fleet India,Mangalore,Completed,Good,D0070,Cloudy,22.5,76.0,26.32,Healthy
EV0071,MG Comet EV,MG,2023,17,98.9,2026-03-19 12:00:00,2026-03-19 12:43:00,0.72,Hubli Station 2,Normal,34,14.0,258.0,168,Premium Fleet,Hubli,Completed,Good,D0071,Cloudy,22.5,76.0,26.32,Healthy
EV0072,Kia EV6,Kia,2023,77,94.9,2026-03-20 18:15:00,2026-03-20 19:48:00,1.55,Mysore Station 1,Normal,28,28.3,203.0,339.6,Premium Fleet,Mysore,Completed,Good,D0072,Sunny,22.5,76.0,26.32,Healthy
EV0073,MG Comet EV,MG,2023,17,96.3,2026-03-21 17:00:00,2026-03-21 17:11:00,0.18,Mangalore Station 1,Fast,27,9.1,146.0,109.2,Eco Drive,Mangalore,Completed,Good,D0073,Cloudy,22.5,76.0,26.32,Healthy
EV0074,MG Comet EV,MG,2023,17,97.3,2026-03-22 20:30:00,2026-03-22 20:55:00,0.42,Mangalore Station 2,Normal,38,7.9,86.0,94.8,Green Mobility,Mangalore,Completed,Good,D0074,Rainy,22.5,76.0,26.32,Healthy
EV0075,Tata Curvv EV,Tata,2023,55,98.7,2026-03-23 01:15:00,2026-03-23 01:51:00,0.6,Hubli Station 2,Fast,31,30.1,180.0,361.2,Premium Fleet,Hubli,Completed,Good,D0075,Cloudy,22.5,76.0,26.32,Healthy
EV0076,BYD Seal,BYD,2023,82,96.9,2026-03-24 19:15:00,2026-03-24 21:35:00,2.33,Belagavi Station 1,Normal,32,42.9,220.0,514.79999999999995,Green Mobility,Belagavi,Completed,Good,D0076,Rainy,22.5,76.0,26.32,Healthy
EV0077,MG Comet EV,MG,2023,17,94.1,2026-03-25 14:00:00,2026-03-25 14:09:00,0.15,Mangalore Station 2,Fast,29,10.9,120.0,130.80000000000001,Green Mobility,Mangalore,Completed,Good,D0077,Cloudy,22.5,76.0,26.32,Healthy
EV0078,BYD Seal,BYD,2023,82,97.4,2026-03-26 15:45:00,2026-03-26 18:50:00,3.08,Bangalore Station 1,Normal,32,57.0,154.0,684,Green Mobility,Bangalore,Completed,Good,D0078,Cloudy,22.5,76.0,26.32,Healthy
EV0079,Tata Punch EV,Tata,2023,35,94.2,2026-03-27 06:45:00,2026-03-27 06:56:00,0.18,Belagavi Station 2,Fast,37,14.0,172.0,168,Green Mobility,Belagavi,Completed,Good,D0079,Sunny,22.5,76.0,26.32,Healthy
EV0080,Mahindra XUV400,Mahindra,2023,39,97.2,2026-03-28 09:30:00,2026-03-28 10:43:00,1.22,Hubli Station 2,Normal,33,21.4,137.0,256.8,City EV,Hubli,Completed,Good,D0080,Rainy,22.5,76.0,26.32,Healthy
EV0081,BYD Atto 3,BYD,2023,60,99.0,2026-03-29 15:30:00,2026-03-29 15:42:00,0.2,Hubli Station 2,Fast,27,12.7,92.0,152.4,City EV,Hubli,Completed,Good,D0081,Cloudy,22.5,76.0,26.32,Healthy
EV0082,Tata Nexon EV,Tata,2023,40,98.9,2026-03-30 22:30:00,2026-03-30 23:20:00,0.83,Belagavi Station 1,Normal,37,15.3,234.0,183.6,City EV,Belagavi,Completed,Good,D0082,Rainy,22.5,76.0,26.32,Healthy
EV0083,MG ZS EV,MG,2023,50,94.1,2026-03-31 15:30:00,2026-03-31 16:41:00,1.18,Belagavi Station 1,Normal,33,21.7,203.0,260.39999999999998,City EV,Belagavi,Completed,Good,D0083,Rainy,22.5,76.0,26.32,Healthy
EV0084,MG Comet EV,MG,2023,17,99.5,2026-04-01 06:15:00,2026-04-01 06:34:00,0.32,Mangalore Station 1,Fast,34,11.7,175.0,140.4,City EV,Mangalore,Completed,Good,D0084,Cloudy,22.5,76.0,26.32,Healthy
EV0085,Mahindra XUV400,Mahindra,2023,39,97.2,2026-04-02 15:00:00,2026-04-02 15:38:00,0.63,Bangalore Station 2,Normal,37,13.0,223.0,156,City EV,Bangalore,Completed,Good,D0085,Sunny,22.5,76.0,26.32,Healthy
EV0086,BYD Atto 3,BYD,2023,60,94.2,2026-04-03 19:15:00,2026-04-03 20:55:00,1.67,Mangalore Station 1,Normal,32,30.3,95.0,363.6,Green Mobility,Mangalore,Completed,Good,D0086,Rainy,22.5,76.0,26.32,Healthy
EV0087,Kia EV6,Kia,2023,77,95.6,2026-04-04 16:15:00,2026-04-04 18:07:00,1.87,Belagavi Station 1,Normal,28,32.0,158.0,384,Eco Drive,Belagavi,Completed,Good,D0087,Sunny,22.5,76.0,26.32,Healthy
EV0088,Kia EV6,Kia,2023,77,93.9,2026-04-05 20:30:00,2026-04-05 22:45:00,2.25,Hubli Station 2,Normal,32,40.7,305.0,488.4,EV Fleet India,Hubli,Completed,Good,D0088,Rainy,22.5,76.0,26.32,Healthy
EV0089,BYD Seal,BYD,2023,82,97.2,2026-04-06 04:15:00,2026-04-06 05:33:00,1.3,Belagavi Station 1,Fast,35,68.6,332.0,823.2,Eco Drive,Belagavi,Completed,Good,D0089,Sunny,22.5,76.0,26.32,Healthy
EV0090,Mahindra XUV400,Mahindra,2023,39,98.5,2026-04-07 10:45:00,2026-04-07 11:12:00,0.45,Hubli Station 1,Fast,34,18.1,187.0,217.2,City EV,Hubli,Completed,Good,D0090,Sunny,22.5,76.0,26.32,Healthy
EV0091,Hyundai Kona EV,Hyundai,2023,39,94.5,2026-04-08 08:45:00,2026-04-08 09:03:00,0.3,Hubli Station 1,Fast,33,11.6,292.0,139.19999999999999,EV Fleet India,Hubli,Completed,Good,D0091,Sunny,22.5,76.0,26.32,Healthy
EV0092,Kia EV6,Kia,2023,77,99.3,2026-04-09 07:30:00,2026-04-09 08:15:00,0.75,Hubli Station 1,Fast,35,34.6,116.0,415.2,EV Fleet India,Hubli,Completed,Good,D0092,Cloudy,22.5,76.0,26.32,Healthy
EV0093,BYD Seal,BYD,2023,82,95.1,2026-04-10 04:30:00,2026-04-10 05:34:00,1.07,Mangalore Station 2,Fast,27,55.3,70.0,663.6,Premium Fleet,Mangalore,Completed,Good,D0093,Cloudy,22.5,76.0,26.32,Healthy
EV0094,Kia EV6,Kia,2023,77,95.8,2026-04-11 20:15:00,2026-04-11 23:02:00,2.78,Mangalore Station 1,Normal,27,47.7,309.0,572.4,Green Mobility,Mangalore,Completed,Good,D0094,Rainy,22.5,76.0,26.32,Healthy
EV0095,Hyundai Kona EV,Hyundai,2023,39,98.2,2026-04-12 05:45:00,2026-04-12 07:14:00,1.48,Mangalore Station 1,Normal,36,24.5,311.0,294,Eco Drive,Mangalore,Completed,Good,D0095,Sunny,22.5,76.0,26.32,Healthy
EV0096,MG ZS EV,MG,2023,50,99.0,2026-04-13 19:45:00,2026-04-13 20:13:00,0.47,Bangalore Station 2,Fast,30,25.2,188.0,302.39999999999998,Premium Fleet,Bangalore,Completed,Good,D0096,Sunny,22.5,76.0,26.32,Healthy
EV0097,Mahindra XUV400,Mahindra,2023,39,95.3,2026-04-14 08:00:00,2026-04-14 09:08:00,1.13,Bangalore Station 2,Normal,38,21.1,306.0,253.2,Premium Fleet,Bangalore,Completed,Good,D0097,Cloudy,22.5,76.0,26.32,Healthy
EV0098,BYD Atto 3,BYD,2023,60,99.4,2026-04-15 05:45:00,2026-04-15 07:28:00,1.72,Mysore Station 2,Normal,37,28.6,309.0,343.2,City EV,Mysore,Completed,Good,D0098,Cloudy,22.5,76.0,26.32,Healthy
EV0099,Tata Curvv EV,Tata,2023,55,96.8,2026-04-16 08:45:00,2026-04-16 09:04:00,0.32,Belagavi Station 2,Fast,37,19.5,339.0,234,Green Mobility,Belagavi,Completed,Good,D0099,Cloudy,22.5,76.0,26.32,Healthy
EV0100,MG ZS EV,MG,2023,50,96.8,2026-04-17 04:45:00,2026-04-17 06:15:00,1.5,Bangalore Station 1,Normal,28,26.3,76.0,315.60000000000002,City EV,Bangalore,Completed,Good,D0100,Cloudy,22.5,76.0,26.32,Healthy
EV0101,Tata Nexon EV,Tata,2023,40,99.5,2026-04-18 20:00:00,2026-04-18 20:27:00,0.45,Hubli Station 1,Fast,32,17.7,264.0,212.4,Premium Fleet,Hubli,Completed,Good,D0101,Sunny,22.5,76.0,26.32,Healthy
EV0102,Tata Curvv EV,Tata,2023,55,93.9,2026-04-19 17:45:00,2026-04-19 18:18:00,0.55,Mangalore Station 1,Fast,32,21.1,251.0,253.2,City EV,Mangalore,Completed,Good,D0102,Sunny,22.5,76.0,26.32,Healthy
EV0103,Mahindra XUV400,Mahindra,2023,39,95.3,2026-04-20 06:15:00,2026-04-20 06:49:00,0.57,Mangalore Station 1,Normal,34,8.9,119.0,106.8,Eco Drive,Mangalore,Completed,Good,D0103,Sunny,22.5,76.0,26.32,Healthy
EV0104,Hyundai Kona EV,Hyundai,2023,39,96.3,2026-04-21 22:30:00,2026-04-21 22:50:00,0.33,Hubli Station 1,Fast,32,13.4,245.0,160.80000000000001,Premium Fleet,Hubli,Completed,Good,D0104,Cloudy,22.5,76.0,26.32,Healthy
EV0105,Tata Curvv EV,Tata,2023,55,98.6,2026-04-22 17:30:00,2026-04-22 18:26:00,0.93,Hubli Station 2,Fast,29,40.6,141.0,487.2,Green Mobility,Hubli,Completed,Good,D0105,Rainy,22.5,76.0,26.32,Healthy
EV0106,MG ZS EV,MG,2023,50,97.5,2026-04-23 19:30:00,2026-04-23 20:56:00,1.43,Hubli Station 1,Normal,38,26.4,318.0,316.8,Eco Drive,Hubli,Completed,Good,D0106,Rainy,22.5,76.0,26.32,Healthy
EV0107,Tata Punch EV,Tata,2023,35,97.3,2026-04-24 23:30:00,2026-04-24 23:51:00,0.35,Bangalore Station 2,Fast,35,21.6,61.0,259.2,Premium Fleet,Bangalore,Completed,Good,D0107,Cloudy,22.5,76.0,26.32,Healthy
EV0108,BYD Seal,BYD,2023,82,96.1,2026-04-25 08:00:00,2026-04-25 09:15:00,1.25,Mysore Station 2,Fast,39,64.8,201.0,777.6,Eco Drive,Mysore,Completed,Good,D0108,Sunny,22.5,76.0,26.32,Healthy
EV0109,BYD Atto 3,BYD,2023,60,98.7,2026-04-26 15:00:00,2026-04-26 15:23:00,0.38,Belagavi Station 1,Fast,36,21.6,159.0,259.2,EV Fleet India,Belagavi,Completed,Good,D0109,Cloudy,22.5,76.0,26.32,Healthy
EV0110,Tata Punch EV,Tata,2023,35,95.0,2026-04-27 14:45:00,2026-04-27 14:57:00,0.2,Bangalore Station 1,Fast,28,11.1,214.0,133.19999999999999,City EV,Bangalore,Completed,Good,D0110,Cloudy,22.5,76.0,26.32,Healthy
EV0111,Mahindra XUV400,Mahindra,2023,39,96.7,2026-04-28 12:45:00,2026-04-28 13:16:00,0.52,Mysore Station 1,Fast,31,24.4,321.0,292.8,Eco Drive,Mysore,Completed,Good,D0111,Cloudy,22.5,76.0,26.32,Healthy
EV0112,BYD Atto 3,BYD,2023,60,98.7,2026-04-29 22:45:00,2026-04-29 23:14:00,0.48,Bangalore Station 2,Fast,33,28.2,203.0,338.4,Eco Drive,Bangalore,Completed,Good,D0112,Cloudy,22.5,76.0,26.32,Healthy
EV0113,BYD Seal,BYD,2023,82,96.3,2026-04-30 22:45:00,2026-05-01 00:15:00,1.5,Belagavi Station 2,Normal,36,27.4,89.0,328.8,EV Fleet India,Belagavi,Completed,Good,D0113,Rainy,22.5,76.0,26.32,Healthy
EV0114,Tata Punch EV,Tata,2023,35,97.4,2026-05-01 09:30:00,2026-05-01 09:52:00,0.37,Belagavi Station 1,Fast,39,11.9,172.0,142.80000000000001,City EV,Belagavi,Completed,Good,D0114,Cloudy,22.5,76.0,26.32,Healthy
EV0115,BYD Seal,BYD,2023,82,97.2,2026-05-02 02:30:00,2026-05-02 03:25:00,0.92,Belagavi Station 1,Fast,33,42.5,195.0,510,City EV,Belagavi,Completed,Good,D0115,Cloudy,22.5,76.0,26.32,Healthy
EV0116,BYD Seal,BYD,2023,82,96.9,2026-05-03 18:00:00,2026-05-03 18:46:00,0.77,Belagavi Station 2,Fast,27,39.8,66.0,477.6,City EV,Belagavi,Completed,Good,D0116,Rainy,22.5,76.0,26.32,Healthy
EV0117,Hyundai Kona EV,Hyundai,2023,39,99.0,2026-05-04 09:00:00,2026-05-04 09:34:00,0.57,Belagavi Station 2,Fast,39,31.1,130.0,373.2,Eco Drive,Belagavi,Completed,Good,D0117,Rainy,22.5,76.0,26.32,Healthy
EV0118,BYD Atto 3,BYD,2023,60,99.2,2026-05-05 14:30:00,2026-05-05 15:51:00,1.35,Belagavi Station 2,Normal,38,22.7,147.0,272.39999999999998,Premium Fleet,Belagavi,Completed,Good,D0118,Rainy,22.5,76.0,26.32,Healthy
EV0119,MG Comet EV,MG,2023,17,94.8,2026-05-06 09:15:00,2026-05-06 09:44:00,0.48,Mysore Station 2,Normal,35,7.6,340.0,91.2,Eco Drive,Mysore,Completed,Good,D0119,Sunny,22.5,76.0,26.32,Healthy
EV0120,Tata Punch EV,Tata,2023,35,94.3,2026-05-07 10:30:00,2026-05-07 11:16:00,0.77,Mysore Station 1,Normal,36,12.5,244.0,150,City EV,Mysore,Completed,Good,D0120,Sunny,22.5,76.0,26.32,Healthy
EV0121,Tata Curvv EV,Tata,2023,55,94.0,2026-05-08 22:00:00,2026-05-08 23:52:00,1.87,Bangalore Station 2,Normal,37,35.0,257.0,420,Eco Drive,Bangalore,Completed,Good,D0121,Sunny,22.5,76.0,26.32,Healthy
EV0122,BYD Atto 3,BYD,2023,60,95.7,2026-05-09 05:30:00,2026-05-09 05:55:00,0.42,Mysore Station 2,Fast,31,17.2,330.0,206.4,EV Fleet India,Mysore,Completed,Good,D0122,Cloudy,22.5,76.0,26.32,Healthy
EV0123,Tata Punch EV,Tata,2023,35,94.6,2026-05-10 01:30:00,2026-05-10 01:39:00,0.15,Mysore Station 2,Fast,38,11.0,210.0,132,Green Mobility,Mysore,Completed,Good,D0123,Cloudy,22.5,76.0,26.32,Healthy
EV0124,Tata Curvv EV,Tata,2023,55,98.5,2026-05-11 14:45:00,2026-05-11 15:31:00,0.77,Bangalore Station 2,Fast,35,35.0,198.0,420,Green Mobility,Bangalore,Completed,Good,D0124,Cloudy,22.5,76.0,26.32,Healthy
EV0125,MG Comet EV,MG,2023,17,99.3,2026-05-12 04:15:00,2026-05-12 04:26:00,0.18,Hubli Station 1,Fast,32,5.2,304.0,62.4,Green Mobility,Hubli,Completed,Good,D0125,Cloudy,22.5,76.0,26.32,Healthy
EV0126,Tata Curvv EV,Tata,2023,55,95.7,2026-05-13 13:45:00,2026-05-13 14:30:00,0.75,Belagavi Station 2,Fast,37,40.8,176.0,489.6,Eco Drive,Belagavi,Completed,Good,D0126,Rainy,22.5,76.0,26.32,Healthy
EV0127,Tata Punch EV,Tata,2023,35,94.2,2026-05-14 14:00:00,2026-05-14 14:15:00,0.25,Hubli Station 1,Fast,29,13.4,77.0,160.80000000000001,Green Mobility,Hubli,Completed,Good,D0127,Rainy,22.5,76.0,26.32,Healthy
EV0128,BYD Seal,BYD,2023,82,95.2,2026-05-15 04:15:00,2026-05-15 05:05:00,0.83,Belagavi Station 2,Fast,27,44.1,306.0,529.20000000000005,Eco Drive,Belagavi,Completed,Good,D0128,Sunny,22.5,76.0,26.32,Healthy
EV0129,Mahindra XUV400,Mahindra,2023,39,94.9,2026-05-16 11:00:00,2026-05-16 11:32:00,0.53,Belagavi Station 2,Fast,34,24.7,336.0,296.39999999999998,Premium Fleet,Belagavi,Completed,Good,D0129,Sunny,22.5,76.0,26.32,Healthy
EV0130,Kia EV6,Kia,2023,77,94.9,2026-05-17 14:00:00,2026-05-17 15:17:00,1.28,Mangalore Station 2,Fast,31,60.7,248.0,728.4,City EV,Mangalore,Completed,Good,D0130,Cloudy,22.5,76.0,26.32,Healthy
EV0131,Tata Curvv EV,Tata,2023,55,95.8,2026-05-18 01:45:00,2026-05-18 03:03:00,1.3,Bangalore Station 1,Normal,38,24.5,107.0,294,Premium Fleet,Bangalore,Completed,Good,D0131,Cloudy,22.5,76.0,26.32,Healthy
EV0132,Kia EV6,Kia,2023,77,94.1,2026-05-19 07:30:00,2026-05-19 10:02:00,2.53,Bangalore Station 1,Normal,37,43.2,273.0,518.4,Premium Fleet,Bangalore,Completed,Good,D0132,Sunny,22.5,76.0,26.32,Healthy
EV0133,Mahindra XUV400,Mahindra,2023,39,98.4,2026-05-20 12:00:00,2026-05-20 12:33:00,0.55,Bangalore Station 1,Fast,36,22.2,294.0,266.39999999999998,Premium Fleet,Bangalore,Completed,Good,D0133,Cloudy,22.5,76.0,26.32,Healthy
EV0134,Kia EV6,Kia,2023,77,99.2,2026-05-21 23:30:00,2026-05-22 00:15:00,0.75,Mysore Station 2,Fast,35,40.2,258.0,482.4,Premium Fleet,Mysore,Completed,Good,D0134,Rainy,22.5,76.0,26.32,Healthy
EV0135,Tata Curvv EV,Tata,2023,55,97.0,2026-05-22 22:00:00,2026-05-23 00:26:00,2.43,Belagavi Station 1,Normal,31,43.0,160.0,516,City EV,Belagavi,Completed,Good,D0135,Cloudy,22.5,76.0,26.32,Healthy
EV0136,Hyundai Kona EV,Hyundai,2023,39,96.4,2026-05-23 11:15:00,2026-05-23 11:36:00,0.35,Bangalore Station 2,Fast,34,20.6,248.0,247.2,Eco Drive,Bangalore,Completed,Good,D0136,Rainy,22.5,76.0,26.32,Healthy
EV0137,BYD Seal,BYD,2023,82,97.4,2026-05-24 13:30:00,2026-05-24 13:54:00,0.4,Hubli Station 2,Fast,36,22.6,324.0,271.2,Green Mobility,Hubli,Completed,Good,D0137,Cloudy,22.5,76.0,26.32,Healthy
EV0138,MG ZS EV,MG,2023,50,95.7,2026-05-25 08:30:00,2026-05-25 09:01:00,0.52,Bangalore Station 2,Fast,30,26.2,312.0,314.39999999999998,City EV,Bangalore,Completed,Good,D0138,Cloudy,22.5,76.0,26.32,Healthy
EV0139,Tata Punch EV,Tata,2023,35,94.5,2026-05-26 11:00:00,2026-05-26 11:23:00,0.38,Bangalore Station 2,Fast,28,21.3,220.0,255.6,City EV,Bangalore,Completed,Good,D0139,Rainy,22.5,76.0,26.32,Healthy
EV0140,MG ZS EV,MG,2023,50,95.4,2026-05-27 21:00:00,2026-05-27 21:44:00,0.73,Bangalore Station 2,Fast,32,35.1,68.0,421.2,EV Fleet India,Bangalore,Completed,Good,D0140,Cloudy,22.5,76.0,26.32,Healthy
EV0141,Tata Curvv EV,Tata,2023,55,94.0,2026-05-28 04:45:00,2026-05-28 05:28:00,0.72,Mysore Station 2,Fast,37,36.9,348.0,442.8,Eco Drive,Mysore,Completed,Good,D0141,Rainy,22.5,76.0,26.32,Healthy
EV0142,Mahindra XUV400,Mahindra,2023,39,96.9,2026-05-29 10:30:00,2026-05-29 10:45:00,0.25,Hubli Station 2,Fast,30,13.0,289.0,156,Premium Fleet,Hubli,Completed,Good,D0142,Sunny,22.5,76.0,26.32,Healthy
EV0143,BYD Atto 3,BYD,2023,60,97.7,2026-05-30 22:30:00,2026-05-30 23:10:00,0.67,Belagavi Station 1,Fast,27,28.2,236.0,338.4,Premium Fleet,Belagavi,Completed,Good,D0143,Sunny,22.5,76.0,26.32,Healthy
EV0144,Mahindra XUV400,Mahindra,2023,39,99.6,2026-05-31 11:45:00,2026-05-31 13:19:00,1.57,Belagavi Station 2,Normal,30,26.1,74.0,313.2,Green Mobility,Belagavi,Completed,Good,D0144,Rainy,22.5,76.0,26.32,Healthy
EV0145,MG ZS EV,MG,2023,50,94.4,2026-06-01 09:45:00,2026-06-01 10:09:00,0.4,Mysore Station 2,Fast,38,16.5,338.0,198,City EV,Mysore,Completed,Good,D0145,Rainy,22.5,76.0,26.32,Healthy
EV0146,Kia EV6,Kia,2023,77,95.9,2026-06-02 09:00:00,2026-06-02 09:44:00,0.73,Mysore Station 2,Fast,36,38.4,229.0,460.8,City EV,Mysore,Completed,Good,D0146,Rainy,22.5,76.0,26.32,Healthy
EV0147,Hyundai Kona EV,Hyundai,2023,39,97.3,2026-06-03 11:00:00,2026-06-03 11:23:00,0.38,Mysore Station 2,Fast,34,20.8,203.0,249.6,City EV,Mysore,Completed,Good,D0147,Rainy,22.5,76.0,26.32,Healthy
EV0148,Hyundai Kona EV,Hyundai,2023,39,95.5,2026-06-04 17:00:00,2026-06-04 17:29:00,0.48,Mysore Station 2,Fast,32,28.9,187.0,346.8,Green Mobility,Mysore,Completed,Good,D0148,Rainy,22.5,76.0,26.32,Healthy
EV0149,MG Comet EV,MG,2023,17,96.0,2026-06-05 07:00:00,2026-06-05 07:15:00,0.25,Hubli Station 1,Fast,39,7.8,318.0,93.6,Eco Drive,Hubli,Completed,Good,D0149,Rainy,22.5,76.0,26.32,Healthy
EV0150,BYD Atto 3,BYD,2023,60,97.4,2026-06-06 19:45:00,2026-06-06 20:21:00,0.6,Bangalore Station 2,Fast,35,33.0,280.0,396,EV Fleet India,Bangalore,Completed,Good,D0150,Rainy,22.5,76.0,26.32,Healthy
EV0151,Tata Curvv EV,Tata,2023,55,94.3,2026-06-07 04:00:00,2026-06-07 04:53:00,0.88,Hubli Station 1,Normal,28,14.9,197.0,178.8,Eco Drive,Hubli,Completed,Good,D0151,Rainy,22.5,76.0,26.32,Healthy
EV0152,Tata Curvv EV,Tata,2023,55,97.5,2026-06-08 15:15:00,2026-06-08 15:51:00,0.6,Mysore Station 1,Fast,30,27.4,188.0,328.8,EV Fleet India,Mysore,Completed,Good,D0152,Sunny,22.5,76.0,26.32,Healthy
EV0153,Tata Nexon EV,Tata,2023,40,96.4,2026-06-09 22:15:00,2026-06-09 22:35:00,0.33,Mangalore Station 2,Fast,35,17.6,318.0,211.2,Premium Fleet,Mangalore,Completed,Good,D0153,Rainy,22.5,76.0,26.32,Healthy
EV0154,MG ZS EV,MG,2023,50,98.0,2026-06-10 10:30:00,2026-06-10 10:58:00,0.47,Hubli Station 2,Fast,28,27.7,206.0,332.4,Green Mobility,Hubli,Completed,Good,D0154,Sunny,22.5,76.0,26.32,Healthy
EV0155,Tata Nexon EV,Tata,2023,40,97.0,2026-06-11 14:00:00,2026-06-11 14:31:00,0.52,Mysore Station 2,Fast,38,25.6,299.0,307.2,EV Fleet India,Mysore,Completed,Good,D0155,Sunny,22.5,76.0,26.32,Healthy
EV0156,MG ZS EV,MG,2023,50,99.3,2026-06-12 11:15:00,2026-06-12 11:35:00,0.33,Mangalore Station 1,Fast,35,16.4,195.0,196.8,Eco Drive,Mangalore,Completed,Good,D0156,Cloudy,22.5,76.0,26.32,Healthy
EV0157,Tata Punch EV,Tata,2023,35,99.2,2026-06-13 10:15:00,2026-06-13 11:48:00,1.55,Bangalore Station 1,Normal,32,28.4,196.0,340.8,City EV,Bangalore,Completed,Good,D0157,Rainy,22.5,76.0,26.32,Healthy
EV0158,Hyundai Kona EV,Hyundai,2023,39,95.8,2026-06-14 18:15:00,2026-06-14 18:49:00,0.57,Hubli Station 1,Fast,37,24.1,205.0,289.2,City EV,Hubli,Completed,Good,D0158,Rainy,22.5,76.0,26.32,Healthy
EV0159,Kia EV6,Kia,2023,77,95.1,2026-06-15 14:00:00,2026-06-15 14:37:00,0.62,Bangalore Station 2,Fast,36,31.3,118.0,375.6,City EV,Bangalore,Completed,Good,D0159,Cloudy,22.5,76.0,26.32,Healthy
EV0160,Hyundai Kona EV,Hyundai,2023,39,95.6,2026-06-16 19:45:00,2026-06-16 21:03:00,1.3,Hubli Station 2,Normal,34,21.4,79.0,256.8,Premium Fleet,Hubli,Completed,Good,D0160,Rainy,22.5,76.0,26.32,Healthy
EV0161,Tata Nexon EV,Tata,2023,40,99.6,2026-06-17 02:30:00,2026-06-17 02:58:00,0.47,Hubli Station 2,Fast,35,24.9,173.0,298.8,Premium Fleet,Hubli,Completed,Good,D0161,Sunny,22.5,76.0,26.32,Healthy
EV0162,MG ZS EV,MG,2023,50,96.4,2026-06-18 14:15:00,2026-06-18 14:37:00,0.37,Belagavi Station 1,Fast,30,23.1,317.0,277.2,City EV,Belagavi,Completed,Good,D0162,Cloudy,22.5,76.0,26.32,Healthy
EV0163,BYD Seal,BYD,2023,82,94.1,2026-06-19 08:45:00,2026-06-19 11:46:00,3.02,Belagavi Station 2,Normal,33,51.9,203.0,622.79999999999995,EV Fleet India,Belagavi,Completed,Good,D0163,Cloudy,22.5,76.0,26.32,Healthy
EV0164,Tata Curvv EV,Tata,2023,55,94.2,2026-06-20 03:45:00,2026-06-20 04:05:00,0.33,Bangalore Station 2,Fast,34,20.2,307.0,242.4,Eco Drive,Bangalore,Completed,Good,D0164,Rainy,22.5,76.0,26.32,Healthy
EV0165,MG ZS EV,MG,2023,50,96.4,2026-06-21 04:30:00,2026-06-21 04:52:00,0.37,Mangalore Station 1,Fast,37,18.4,126.0,220.8,EV Fleet India,Mangalore,Completed,Good,D0165,Rainy,22.5,76.0,26.32,Healthy
EV0166,Hyundai Kona EV,Hyundai,2023,39,97.9,2026-06-22 15:30:00,2026-06-22 15:50:00,0.33,Mangalore Station 1,Fast,27,16.6,295.0,199.2,City EV,Mangalore,Completed,Good,D0166,Rainy,22.5,76.0,26.32,Healthy
EV0167,MG ZS EV,MG,2023,50,94.7,2026-06-23 17:45:00,2026-06-23 18:07:00,0.37,Mangalore Station 1,Fast,37,16.6,137.0,199.2,Premium Fleet,Mangalore,Completed,Good,D0167,Cloudy,22.5,76.0,26.32,Healthy
EV0168,Kia EV6,Kia,2023,77,98.2,2026-06-24 21:45:00,2026-06-24 23:53:00,2.13,Bangalore Station 2,Normal,30,39.2,227.0,470.4,City EV,Bangalore,Completed,Good,D0168,Cloudy,22.5,76.0,26.32,Healthy
EV0169,MG Comet EV,MG,2023,17,94.7,2026-06-25 02:00:00,2026-06-25 02:53:00,0.88,Bangalore Station 1,Normal,32,14.1,237.0,169.2,Eco Drive,Bangalore,Completed,Good,D0169,Cloudy,22.5,76.0,26.32,Healthy
EV0170,Tata Punch EV,Tata,2023,35,95.6,2026-06-26 06:30:00,2026-06-26 07:44:00,1.23,Mangalore Station 1,Normal,36,20.8,184.0,249.6,Premium Fleet,Mangalore,Completed,Good,D0170,Sunny,22.5,76.0,26.32,Healthy
EV0171,BYD Seal,BYD,2023,82,94.4,2026-06-27 03:30:00,2026-06-27 04:52:00,1.37,Mysore Station 1,Normal,33,23.5,99.0,282,Green Mobility,Mysore,Completed,Good,D0171,Cloudy,22.5,76.0,26.32,Healthy
EV0172,Hyundai Kona EV,Hyundai,2023,39,95.3,2026-06-28 10:00:00,2026-06-28 10:19:00,0.32,Belagavi Station 1,Fast,37,13.7,223.0,164.4,Green Mobility,Belagavi,Completed,Good,D0172,Sunny,22.5,76.0,26.32,Healthy
EV0173,MG ZS EV,MG,2023,50,95.0,2026-06-29 20:30:00,2026-06-29 21:49:00,1.32,Hubli Station 2,Normal,29,21.6,119.0,259.2,EV Fleet India,Hubli,Completed,Good,D0173,Rainy,22.5,76.0,26.32,Healthy
EV0174,Kia EV6,Kia,2023,77,99.5,2026-06-30 06:30:00,2026-06-30 07:10:00,0.67,Mangalore Station 2,Fast,38,27.2,140.0,326.39999999999998,City EV,Mangalore,Completed,Good,D0174,Cloudy,22.5,76.0,26.32,Healthy
EV0175,Tata Punch EV,Tata,2023,35,97.4,2026-07-01 20:45:00,2026-07-01 20:56:00,0.18,Mysore Station 1,Fast,38,12.1,152.0,145.19999999999999,Eco Drive,Mysore,Completed,Good,D0175,Sunny,22.5,76.0,26.32,Healthy
EV0176,Tata Curvv EV,Tata,2023,55,96.2,2026-07-02 21:30:00,2026-07-02 22:27:00,0.95,Hubli Station 2,Normal,29,18.2,202.0,218.4,City EV,Hubli,Completed,Good,D0176,Rainy,22.5,76.0,26.32,Healthy
EV0177,MG ZS EV,MG,2023,50,94.7,2026-07-03 03:45:00,2026-07-03 05:19:00,1.57,Belagavi Station 1,Normal,30,29.7,181.0,356.4,City EV,Belagavi,Completed,Good,D0177,Rainy,22.5,76.0,26.32,Healthy
EV0178,Hyundai Kona EV,Hyundai,2023,39,95.6,2026-07-04 15:15:00,2026-07-04 15:47:00,0.53,Mangalore Station 1,Fast,34,23.1,115.0,277.2,EV Fleet India,Mangalore,Completed,Good,D0178,Sunny,22.5,76.0,26.32,Healthy
EV0179,Tata Punch EV,Tata,2023,35,97.0,2026-07-05 06:00:00,2026-07-05 07:20:00,1.33,Mysore Station 2,Normal,29,21.6,228.0,259.2,Eco Drive,Mysore,Completed,Good,D0179,Sunny,22.5,76.0,26.32,Healthy
EV0180,MG ZS EV,MG,2023,50,96.6,2026-07-06 06:30:00,2026-07-06 07:11:00,0.68,Mangalore Station 1,Fast,37,29.1,186.0,349.2,Premium Fleet,Mangalore,Completed,Good,D0180,Rainy,22.5,76.0,26.32,Healthy
EV0181,Kia EV6,Kia,2023,77,96.8,2026-07-07 03:45:00,2026-07-07 04:29:00,0.73,Mangalore Station 2,Fast,30,32.7,248.0,392.4,City EV,Mangalore,Completed,Good,D0181,Rainy,22.5,76.0,26.32,Healthy
EV0182,Tata Nexon EV,Tata,2023,40,94.8,2026-07-08 13:45:00,2026-07-08 14:09:00,0.4,Mysore Station 2,Fast,36,21.1,173.0,253.2,Green Mobility,Mysore,Completed,Good,D0182,Cloudy,22.5,76.0,26.32,Healthy
EV0183,Kia EV6,Kia,2023,77,94.3,2026-07-09 18:00:00,2026-07-09 18:59:00,0.98,Bangalore Station 2,Fast,32,45.8,218.0,549.6,Premium Fleet,Bangalore,Completed,Good,D0183,Cloudy,22.5,76.0,26.32,Healthy
EV0184,Tata Punch EV,Tata,2023,35,99.2,2026-07-10 14:45:00,2026-07-10 15:08:00,0.38,Bangalore Station 1,Fast,29,22.7,105.0,272.39999999999998,City EV,Bangalore,Completed,Good,D0184,Rainy,22.5,76.0,26.32,Healthy
EV0185,MG Comet EV,MG,2023,17,99.7,2026-07-11 22:30:00,2026-07-11 23:07:00,0.62,Bangalore Station 1,Normal,38,10.3,322.0,123.6,Green Mobility,Bangalore,Completed,Good,D0185,Cloudy,22.5,76.0,26.32,Healthy
EV0186,Tata Curvv EV,Tata,2023,55,98.8,2026-07-12 19:30:00,2026-07-12 21:34:00,2.07,Belagavi Station 2,Normal,39,35.3,132.0,423.6,EV Fleet India,Belagavi,Completed,Good,D0186,Sunny,22.5,76.0,26.32,Healthy
EV0187,Tata Curvv EV,Tata,2023,55,98.2,2026-07-13 02:45:00,2026-07-13 04:15:00,1.5,Belagavi Station 2,Normal,31,27.4,248.0,328.8,Eco Drive,Belagavi,Completed,Good,D0187,Cloudy,22.5,76.0,26.32,Healthy
EV0188,Mahindra XUV400,Mahindra,2023,39,99.0,2026-07-14 20:15:00,2026-07-14 21:17:00,1.03,Mangalore Station 2,Normal,37,18.7,336.0,224.4,Green Mobility,Mangalore,Completed,Good,D0188,Rainy,22.5,76.0,26.32,Healthy
EV0189,Tata Nexon EV,Tata,2023,40,99.3,2026-07-15 23:00:00,2026-07-15 23:21:00,0.35,Hubli Station 2,Fast,39,16.0,112.0,192,Green Mobility,Hubli,Completed,Good,D0189,Rainy,22.5,76.0,26.32,Healthy
EV0190,BYD Seal,BYD,2023,82,94.5,2026-07-16 11:00:00,2026-07-16 11:35:00,0.58,Belagavi Station 2,Fast,33,32.5,69.0,390,City EV,Belagavi,Completed,Good,D0190,Sunny,22.5,76.0,26.32,Healthy
EV0191,BYD Atto 3,BYD,2023,60,98.8,2026-07-17 04:30:00,2026-07-17 05:13:00,0.72,Mysore Station 1,Fast,37,39.1,97.0,469.2,Eco Drive,Mysore,Completed,Good,D0191,Cloudy,22.5,76.0,26.32,Healthy
EV0192,MG ZS EV,MG,2023,50,97.9,2026-07-18 13:15:00,2026-07-18 14:03:00,0.8,Bangalore Station 2,Normal,30,16.1,268.0,193.2,Premium Fleet,Bangalore,Completed,Good,D0192,Rainy,22.5,76.0,26.32,Healthy
EV0193,BYD Atto 3,BYD,2023,60,98.5,2026-07-19 23:15:00,2026-07-19 23:52:00,0.62,Hubli Station 1,Fast,36,25.4,61.0,304.8,Eco Drive,Hubli,Completed,Good,D0193,Cloudy,22.5,76.0,26.32,Healthy
EV0194,BYD Seal,BYD,2023,82,95.8,2026-07-20 22:30:00,2026-07-20 23:19:00,0.82,Mangalore Station 1,Fast,27,37.4,112.0,448.8,Eco Drive,Mangalore,Completed,Good,D0194,Cloudy,22.5,76.0,26.32,Healthy
EV0195,Hyundai Kona EV,Hyundai,2023,39,94.6,2026-07-21 07:30:00,2026-07-21 07:58:00,0.47,Bangalore Station 1,Fast,37,17.3,299.0,207.6,Green Mobility,Bangalore,Completed,Good,D0195,Sunny,22.5,76.0,26.32,Healthy
EV0196,Tata Punch EV,Tata,2023,35,95.7,2026-07-22 05:45:00,2026-07-22 06:52:00,1.12,Bangalore Station 2,Normal,33,20.3,132.0,243.6,EV Fleet India,Bangalore,Completed,Good,D0196,Rainy,22.5,76.0,26.32,Healthy
EV0197,MG Comet EV,MG,2023,17,98.3,2026-07-23 09:15:00,2026-07-23 09:31:00,0.27,Belagavi Station 1,Fast,28,9.9,138.0,118.8,Premium Fleet,Belagavi,Completed,Good,D0197,Rainy,22.5,76.0,26.32,Healthy
EV0198,Hyundai Kona EV,Hyundai,2023,39,95.6,2026-07-24 04:00:00,2026-07-24 04:27:00,0.45,Mangalore Station 2,Fast,33,26.5,339.0,318,City EV,Mangalore,Completed,Good,D0198,Sunny,22.5,76.0,26.32,Healthy
EV0199,BYD Atto 3,BYD,2023,60,99.4,2026-07-25 11:15:00,2026-07-25 12:26:00,1.18,Mangalore Station 1,Normal,27,23.0,192.0,276,Eco Drive,Mangalore,Completed,Good,D0199,Sunny,22.5,76.0,26.32,Healthy
EV0200,BYD Seal,BYD,2023,82,94.4,2026-07-26 14:15:00,2026-07-26 16:37:00,2.37,Bangalore Station 1,Normal,30,41.2,131.0,494.4,City EV,Bangalore,Completed,Good,D0200,Sunny,22.5,76.0,26.32,Healthy
EV0201,MG Comet EV,MG,2023,17,97.3,2026-07-27 10:15:00,2026-07-27 10:27:00,0.2,Bangalore Station 2,Fast,33,10.1,339.0,121.2,City EV,Bangalore,Completed,Good,D0201,Rainy,22.5,76.0,26.32,Healthy
EV0202,MG ZS EV,MG,2023,50,97.8,2026-07-28 13:15:00,2026-07-28 15:11:00,1.93,Mysore Station 1,Normal,32,35.0,256.0,420,Green Mobility,Mysore,Completed,Good,D0202,Cloudy,22.5,76.0,26.32,Healthy
EV0203,Mahindra XUV400,Mahindra,2023,39,96.9,2026-07-29 15:30:00,2026-07-29 16:04:00,0.57,Mangalore Station 1,Normal,37,9.5,201.0,114,City EV,Mangalore,Completed,Good,D0203,Rainy,22.5,76.0,26.32,Healthy
EV0204,Tata Curvv EV,Tata,2023,55,96.3,2026-07-30 13:15:00,2026-07-30 13:40:00,0.42,Bangalore Station 1,Fast,38,18.3,100.0,219.6,EV Fleet India,Bangalore,Completed,Good,D0204,Rainy,22.5,76.0,26.32,Healthy
EV0205,BYD Seal,BYD,2023,82,95.0,2026-07-31 21:15:00,2026-08-01 00:14:00,2.98,Hubli Station 2,Normal,34,54.6,336.0,655.20000000000005,Eco Drive,Hubli,Completed,Good,D0205,Rainy,22.5,76.0,26.32,Healthy
EV0206,Tata Curvv EV,Tata,2023,55,95.0,2026-08-01 05:45:00,2026-08-01 06:31:00,0.77,Mangalore Station 1,Fast,38,39.4,160.0,472.8,Premium Fleet,Mangalore,Completed,Good,D0206,Cloudy,22.5,76.0,26.32,Healthy
EV0207,Tata Curvv EV,Tata,2023,55,96.9,2026-08-02 10:45:00,2026-08-02 11:16:00,0.52,Hubli Station 1,Fast,33,19.7,267.0,236.4,Eco Drive,Hubli,Completed,Good,D0207,Sunny,22.5,76.0,26.32,Healthy
EV0208,BYD Seal,BYD,2023,82,99.2,2026-08-03 01:00:00,2026-08-03 02:22:00,1.37,Mangalore Station 2,Fast,30,64.2,312.0,770.4,City EV,Mangalore,Completed,Good,D0208,Sunny,22.5,76.0,26.32,Healthy
EV0209,BYD Seal,BYD,2023,82,98.2,2026-08-04 13:30:00,2026-08-04 15:52:00,2.37,Hubli Station 1,Normal,29,40.6,310.0,487.2,Premium Fleet,Hubli,Completed,Good,D0209,Cloudy,22.5,76.0,26.32,Healthy
EV0210,Tata Curvv EV,Tata,2023,55,99.0,2026-08-05 18:30:00,2026-08-05 19:02:00,0.53,Mysore Station 2,Fast,29,24.3,137.0,291.60000000000002,City EV,Mysore,Completed,Good,D0210,Sunny,22.5,76.0,26.32,Healthy
EV0211,MG Comet EV,MG,2023,17,95.7,2026-08-06 13:00:00,2026-08-06 13:11:00,0.18,Bangalore Station 1,Fast,29,3.6,252.0,43.2,Premium Fleet,Bangalore,Completed,Good,D0211,Sunny,22.5,76.0,26.32,Healthy
EV0212,Tata Curvv EV,Tata,2023,55,95.9,2026-08-07 14:00:00,2026-08-07 14:24:00,0.4,Bangalore Station 1,Fast,29,24.7,264.0,296.39999999999998,Premium Fleet,Bangalore,Completed,Good,D0212,Rainy,22.5,76.0,26.32,Healthy
EV0213,Tata Nexon EV,Tata,2023,40,96.8,2026-08-08 05:45:00,2026-08-08 06:25:00,0.67,Mysore Station 1,Normal,34,12.3,305.0,147.6,Eco Drive,Mysore,Completed,Good,D0213,Sunny,22.5,76.0,26.32,Healthy
EV0214,Hyundai Kona EV,Hyundai,2023,39,99.2,2026-08-09 09:30:00,2026-08-09 09:54:00,0.4,Hubli Station 1,Fast,38,23.6,331.0,283.2,EV Fleet India,Hubli,Completed,Good,D0214,Cloudy,22.5,76.0,26.32,Healthy
EV0215,MG ZS EV,MG,2023,50,98.3,2026-08-10 21:15:00,2026-08-10 21:57:00,0.7,Hubli Station 1,Fast,29,39.9,149.0,478.8,City EV,Hubli,Completed,Good,D0215,Sunny,22.5,76.0,26.32,Healthy
EV0216,MG ZS EV,MG,2023,50,95.9,2026-08-11 08:15:00,2026-08-11 09:18:00,1.05,Bangalore Station 2,Normal,35,17.6,166.0,211.2,Eco Drive,Bangalore,Completed,Good,D0216,Cloudy,22.5,76.0,26.32,Healthy
EV0217,BYD Atto 3,BYD,2023,60,94.4,2026-08-12 06:30:00,2026-08-12 08:09:00,1.65,Belagavi Station 2,Normal,31,30.4,82.0,364.8,Premium Fleet,Belagavi,Completed,Good,D0217,Rainy,22.5,76.0,26.32,Healthy
EV0218,MG ZS EV,MG,2023,50,95.1,2026-08-13 09:15:00,2026-08-13 09:42:00,0.45,Bangalore Station 2,Fast,31,20.4,70.0,244.8,City EV,Bangalore,Completed,Good,D0218,Sunny,22.5,76.0,26.32,Healthy
EV0219,Mahindra XUV400,Mahindra,2023,39,97.8,2026-08-14 19:30:00,2026-08-14 19:59:00,0.48,Mangalore Station 1,Fast,34,18.0,298.0,216,Eco Drive,Mangalore,Completed,Good,D0219,Cloudy,22.5,76.0,26.32,Healthy
EV0220,Hyundai Kona EV,Hyundai,2023,39,98.1,2026-08-15 15:15:00,2026-08-15 15:52:00,0.62,Bangalore Station 1,Normal,32,9.7,103.0,116.4,Eco Drive,Bangalore,Completed,Good,D0220,Rainy,22.5,76.0,26.32,Healthy
EV0221,MG ZS EV,MG,2023,50,94.8,2026-08-16 02:15:00,2026-08-16 02:38:00,0.38,Mangalore Station 2,Fast,27,18.9,335.0,226.8,City EV,Mangalore,Completed,Good,D0221,Sunny,22.5,76.0,26.32,Healthy
EV0222,Tata Nexon EV,Tata,2023,40,96.9,2026-08-17 05:00:00,2026-08-17 05:28:00,0.47,Bangalore Station 1,Fast,39,24.0,213.0,288,Green Mobility,Bangalore,Completed,Good,D0222,Cloudy,22.5,76.0,26.32,Healthy
EV0223,BYD Seal,BYD,2023,82,98.1,2026-08-18 08:00:00,2026-08-18 09:52:00,1.87,Belagavi Station 1,Normal,32,33.2,309.0,398.4,Premium Fleet,Belagavi,Completed,Good,D0223,Sunny,22.5,76.0,26.32,Healthy
EV0224,Tata Curvv EV,Tata,2023,55,97.5,2026-08-19 10:00:00,2026-08-19 10:41:00,0.68,Belagavi Station 1,Fast,30,38.3,85.0,459.6,Eco Drive,Belagavi,Completed,Good,D0224,Rainy,22.5,76.0,26.32,Healthy
EV0225,Tata Nexon EV,Tata,2023,40,94.0,2026-08-20 01:15:00,2026-08-20 01:40:00,0.42,Mangalore Station 1,Fast,33,19.1,340.0,229.2,Eco Drive,Mangalore,Completed,Good,D0225,Sunny,22.5,76.0,26.32,Healthy
EV0226,Mahindra XUV400,Mahindra,2023,39,95.9,2026-08-21 19:30:00,2026-08-21 19:59:00,0.48,Hubli Station 1,Fast,27,20.8,174.0,249.6,City EV,Hubli,Completed,Good,D0226,Cloudy,22.5,76.0,26.32,Healthy
EV0227,Tata Nexon EV,Tata,2023,40,98.6,2026-08-22 18:00:00,2026-08-22 18:40:00,0.67,Mysore Station 2,Fast,30,26.7,117.0,320.39999999999998,City EV,Mysore,Completed,Good,D0227,Sunny,22.5,76.0,26.32,Healthy
EV0228,BYD Seal,BYD,2023,82,96.3,2026-08-23 01:45:00,2026-08-23 02:27:00,0.7,Belagavi Station 2,Fast,32,35.2,183.0,422.4,Green Mobility,Belagavi,Completed,Good,D0228,Sunny,22.5,76.0,26.32,Healthy
EV0229,BYD Seal,BYD,2023,82,97.3,2026-08-24 07:45:00,2026-08-24 08:20:00,0.58,Hubli Station 2,Fast,31,32.1,323.0,385.2,EV Fleet India,Hubli,Completed,Good,D0229,Sunny,22.5,76.0,26.32,Healthy
EV0230,Tata Curvv EV,Tata,2023,55,94.3,2026-08-25 07:45:00,2026-08-25 09:48:00,2.05,Mangalore Station 2,Normal,37,35.6,264.0,427.2,Premium Fleet,Mangalore,Completed,Good,D0230,Rainy,22.5,76.0,26.32,Healthy
EV0231,BYD Seal,BYD,2023,82,95.9,2026-08-26 17:30:00,2026-08-26 18:56:00,1.43,Belagavi Station 1,Fast,34,66.2,332.0,794.4,EV Fleet India,Belagavi,Completed,Good,D0231,Rainy,22.5,76.0,26.32,Healthy
EV0232,Mahindra XUV400,Mahindra,2023,39,97.4,2026-08-27 21:15:00,2026-08-27 22:18:00,1.05,Belagavi Station 1,Normal,39,20.5,291.0,246,EV Fleet India,Belagavi,Completed,Good,D0232,Cloudy,22.5,76.0,26.32,Healthy
EV0233,BYD Atto 3,BYD,2023,60,96.8,2026-08-28 01:30:00,2026-08-28 03:12:00,1.7,Mangalore Station 1,Normal,39,31.1,323.0,373.2,Eco Drive,Mangalore,Completed,Good,D0233,Cloudy,22.5,76.0,26.32,Healthy
EV0234,Tata Nexon EV,Tata,2023,40,97.6,2026-08-29 07:30:00,2026-08-29 07:56:00,0.43,Mysore Station 1,Fast,36,20.8,349.0,249.6,Green Mobility,Mysore,Completed,Good,D0234,Cloudy,22.5,76.0,26.32,Healthy
EV0235,Tata Punch EV,Tata,2023,35,98.7,2026-08-30 18:45:00,2026-08-30 19:02:00,0.28,Mangalore Station 1,Fast,28,12.4,308.0,148.80000000000001,EV Fleet India,Mangalore,Completed,Good,D0235,Sunny,22.5,76.0,26.32,Healthy
EV0236,Hyundai Kona EV,Hyundai,2023,39,95.4,2026-08-31 12:15:00,2026-08-31 13:02:00,0.78,Mysore Station 2,Normal,35,15.6,286.0,187.2,Eco Drive,Mysore,Completed,Good,D0236,Rainy,22.5,76.0,26.32,Healthy
EV0237,Kia EV6,Kia,2023,77,95.4,2026-09-01 18:30:00,2026-09-01 18:49:00,0.32,Mangalore Station 2,Fast,33,17.3,123.0,207.6,Green Mobility,Mangalore,Completed,Good,D0237,Rainy,22.5,76.0,26.32,Healthy
EV0238,Tata Curvv EV,Tata,2023,55,98.2,2026-09-02 07:45:00,2026-09-02 08:29:00,0.73,Mangalore Station 2,Fast,35,37.1,176.0,445.2,Premium Fleet,Mangalore,Completed,Good,D0238,Cloudy,22.5,76.0,26.32,Healthy
EV0239,Tata Punch EV,Tata,2023,35,96.9,2026-09-03 20:45:00,2026-09-03 21:49:00,1.07,Mysore Station 1,Normal,38,20.5,297.0,246,EV Fleet India,Mysore,Completed,Good,D0239,Cloudy,22.5,76.0,26.32,Healthy
EV0240,MG ZS EV,MG,2023,50,99.1,2026-09-04 10:00:00,2026-09-04 10:43:00,0.72,Bangalore Station 1,Normal,32,12.6,271.0,151.19999999999999,Eco Drive,Bangalore,Completed,Good,D0240,Sunny,22.5,76.0,26.32,Healthy
EV0241,MG Comet EV,MG,2023,17,96.3,2026-09-05 15:15:00,2026-09-05 15:50:00,0.58,Mangalore Station 2,Normal,30,10.1,311.0,121.2,Green Mobility,Mangalore,Completed,Good,D0241,Rainy,22.5,76.0,26.32,Healthy
EV0242,Mahindra XUV400,Mahindra,2023,39,97.8,2026-09-06 08:45:00,2026-09-06 09:22:00,0.62,Bangalore Station 1,Fast,36,28.5,205.0,342,City EV,Bangalore,Completed,Good,D0242,Rainy,22.5,76.0,26.32,Healthy
EV0243,Tata Punch EV,Tata,2023,35,99.3,2026-09-07 19:45:00,2026-09-07 20:00:00,0.25,Belagavi Station 1,Fast,27,14.3,126.0,171.6,City EV,Belagavi,Completed,Good,D0243,Sunny,22.5,76.0,26.32,Healthy
EV0244,MG ZS EV,MG,2023,50,98.6,2026-09-08 04:00:00,2026-09-08 05:23:00,1.38,Mysore Station 1,Normal,36,23.0,170.0,276,Green Mobility,Mysore,Completed,Good,D0244,Rainy,22.5,76.0,26.32,Healthy
EV0245,Tata Curvv EV,Tata,2023,55,96.8,2026-09-09 15:00:00,2026-09-09 16:55:00,1.92,Hubli Station 1,Normal,35,33.5,304.0,402,EV Fleet India,Hubli,Completed,Good,D0245,Cloudy,22.5,76.0,26.32,Healthy
EV0246,BYD Seal,BYD,2023,82,97.4,2026-09-10 13:30:00,2026-09-10 14:37:00,1.12,Hubli Station 1,Fast,35,58.6,328.0,703.2,Eco Drive,Hubli,Completed,Good,D0246,Rainy,22.5,76.0,26.32,Healthy
EV0247,Hyundai Kona EV,Hyundai,2023,39,98.9,2026-09-11 15:45:00,2026-09-11 17:24:00,1.65,Belagavi Station 2,Normal,33,31.0,90.0,372,Green Mobility,Belagavi,Completed,Good,D0247,Rainy,22.5,76.0,26.32,Healthy
EV0248,Kia EV6,Kia,2023,77,98.2,2026-09-12 15:30:00,2026-09-12 17:48:00,2.3,Mysore Station 2,Normal,38,39.2,66.0,470.4,Eco Drive,Mysore,Completed,Good,D0248,Cloudy,22.5,76.0,26.32,Healthy
EV0249,Hyundai Kona EV,Hyundai,2023,39,99.0,2026-09-13 00:45:00,2026-09-13 02:22:00,1.62,Bangalore Station 2,Normal,27,27.1,169.0,325.2,EV Fleet India,Bangalore,Completed,Good,D0249,Rainy,22.5,76.0,26.32,Healthy
EV0250,Tata Nexon EV,Tata,2023,40,98.8,2026-09-14 12:45:00,2026-09-14 14:12:00,1.45,Belagavi Station 1,Normal,30,26.3,345.0,315.60000000000002,City EV,Belagavi,Completed,Good,D0250,Sunny,22.5,76.0,26.32,Healthy
EV0251,Tata Curvv EV,Tata,2023,55,96.3,2026-09-15 22:00:00,2026-09-15 22:23:00,0.38,Mysore Station 2,Fast,28,21.7,212.0,260.39999999999998,EV Fleet India,Mysore,Completed,Good,D0251,Cloudy,22.5,76.0,26.32,Healthy
EV0252,BYD Atto 3,BYD,2023,60,95.0,2026-09-16 09:30:00,2026-09-16 10:01:00,0.52,Hubli Station 2,Fast,36,30.2,348.0,362.4,Green Mobility,Hubli,Completed,Good,D0252,Cloudy,22.5,76.0,26.32,Healthy
EV0253,BYD Seal,BYD,2023,82,98.7,2026-09-17 21:15:00,2026-09-17 22:03:00,0.8,Mangalore Station 1,Fast,30,42.9,105.0,514.79999999999995,Premium Fleet,Mangalore,Completed,Good,D0253,Cloudy,22.5,76.0,26.32,Healthy
EV0254,BYD Atto 3,BYD,2023,60,98.5,2026-09-18 16:15:00,2026-09-18 17:09:00,0.9,Belagavi Station 1,Fast,29,48.6,333.0,583.20000000000005,Premium Fleet,Belagavi,Completed,Good,D0254,Cloudy,22.5,76.0,26.32,Healthy
EV0255,Mahindra XUV400,Mahindra,2023,39,94.2,2026-09-19 15:15:00,2026-09-19 16:36:00,1.35,Mangalore Station 1,Normal,39,23.7,113.0,284.39999999999998,Eco Drive,Mangalore,Completed,Good,D0255,Rainy,22.5,76.0,26.32,Healthy
EV0256,Tata Curvv EV,Tata,2023,55,94.6,2026-09-20 03:15:00,2026-09-20 04:04:00,0.82,Bangalore Station 2,Fast,30,38.8,112.0,465.6,EV Fleet India,Bangalore,Completed,Good,D0256,Cloudy,22.5,76.0,26.32,Healthy
EV0257,Tata Nexon EV,Tata,2023,40,99.1,2026-09-21 12:30:00,2026-09-21 12:57:00,0.45,Bangalore Station 2,Fast,28,26.9,190.0,322.8,Premium Fleet,Bangalore,Completed,Good,D0257,Rainy,22.5,76.0,26.32,Healthy
EV0258,Kia EV6,Kia,2023,77,98.1,2026-09-22 16:30:00,2026-09-22 17:51:00,1.35,Hubli Station 2,Fast,33,62.7,207.0,752.4,Premium Fleet,Hubli,Completed,Good,D0258,Cloudy,22.5,76.0,26.32,Healthy
EV0259,Kia EV6,Kia,2023,77,94.2,2026-09-23 02:45:00,2026-09-23 03:42:00,0.95,Hubli Station 1,Fast,32,48.5,169.0,582,Eco Drive,Hubli,Completed,Good,D0259,Cloudy,22.5,76.0,26.32,Healthy
EV0260,Tata Punch EV,Tata,2023,35,96.5,2026-09-24 03:30:00,2026-09-24 03:40:00,0.17,Belagavi Station 2,Fast,30,13.1,133.0,157.19999999999999,Eco Drive,Belagavi,Completed,Good,D0260,Cloudy,22.5,76.0,26.32,Healthy
EV0261,MG ZS EV,MG,2023,50,96.0,2026-09-25 20:45:00,2026-09-25 21:15:00,0.5,Hubli Station 2,Fast,38,19.8,286.0,237.6,City EV,Hubli,Completed,Good,D0261,Cloudy,22.5,76.0,26.32,Healthy
EV0262,Tata Punch EV,Tata,2023,35,95.3,2026-09-26 13:15:00,2026-09-26 13:36:00,0.35,Mysore Station 1,Fast,29,18.0,256.0,216,City EV,Mysore,Completed,Good,D0262,Sunny,22.5,76.0,26.32,Healthy
EV0263,Kia EV6,Kia,2023,77,97.8,2026-09-27 15:15:00,2026-09-27 15:48:00,0.55,Mangalore Station 2,Fast,39,31.8,306.0,381.6,City EV,Mangalore,Completed,Good,D0263,Cloudy,22.5,76.0,26.32,Healthy
EV0264,Hyundai Kona EV,Hyundai,2023,39,99.1,2026-09-28 07:15:00,2026-09-28 07:43:00,0.47,Hubli Station 1,Fast,29,23.1,152.0,277.2,Premium Fleet,Hubli,Completed,Good,D0264,Sunny,22.5,76.0,26.32,Healthy
EV0265,BYD Atto 3,BYD,2023,60,95.4,2026-09-29 23:30:00,2026-09-29 23:49:00,0.32,Mangalore Station 2,Fast,35,19.8,263.0,237.6,City EV,Mangalore,Completed,Good,D0265,Cloudy,22.5,76.0,26.32,Healthy
EV0266,BYD Atto 3,BYD,2023,60,96.3,2026-09-30 14:15:00,2026-09-30 14:39:00,0.4,Mysore Station 2,Fast,28,24.6,188.0,295.2,Green Mobility,Mysore,Completed,Good,D0266,Sunny,22.5,76.0,26.32,Healthy
EV0267,Tata Nexon EV,Tata,2023,40,94.0,2026-10-01 23:30:00,2026-10-02 00:01:00,0.52,Hubli Station 2,Fast,30,23.2,238.0,278.39999999999998,Eco Drive,Hubli,Completed,Good,D0267,Cloudy,22.5,76.0,26.32,Healthy
EV0268,MG Comet EV,MG,2023,17,94.3,2026-10-02 04:00:00,2026-10-02 04:15:00,0.25,Hubli Station 2,Fast,30,7.0,187.0,84,EV Fleet India,Hubli,Completed,Good,D0268,Rainy,22.5,76.0,26.32,Healthy
EV0269,Tata Punch EV,Tata,2023,35,99.6,2026-10-03 02:30:00,2026-10-03 02:59:00,0.48,Belagavi Station 1,Fast,32,24.1,294.0,289.2,City EV,Belagavi,Completed,Good,D0269,Cloudy,22.5,76.0,26.32,Healthy
EV0270,Mahindra XUV400,Mahindra,2023,39,94.2,2026-10-04 12:30:00,2026-10-04 13:00:00,0.5,Mangalore Station 2,Fast,39,24.5,169.0,294,Green Mobility,Mangalore,Completed,Good,D0270,Cloudy,22.5,76.0,26.32,Healthy
EV0271,Mahindra XUV400,Mahindra,2023,39,99.0,2026-10-05 15:15:00,2026-10-05 16:09:00,0.9,Bangalore Station 2,Normal,37,14.7,246.0,176.4,EV Fleet India,Bangalore,Completed,Good,D0271,Rainy,22.5,76.0,26.32,Healthy
EV0272,Tata Curvv EV,Tata,2023,55,96.3,2026-10-06 10:00:00,2026-10-06 10:35:00,0.58,Hubli Station 1,Fast,32,25.9,134.0,310.8,Premium Fleet,Hubli,Completed,Good,D0272,Sunny,22.5,76.0,26.32,Healthy
EV0273,Tata Punch EV,Tata,2023,35,96.0,2026-10-07 10:45:00,2026-10-07 11:02:00,0.28,Hubli Station 2,Fast,30,10.0,280.0,120,Green Mobility,Hubli,Completed,Good,D0273,Sunny,22.5,76.0,26.32,Healthy
EV0274,BYD Atto 3,BYD,2023,60,94.8,2026-10-08 18:00:00,2026-10-08 18:39:00,0.65,Hubli Station 2,Fast,33,27.5,303.0,330,Green Mobility,Hubli,Completed,Good,D0274,Sunny,22.5,76.0,26.32,Healthy
EV0275,Mahindra XUV400,Mahindra,2023,39,94.0,2026-10-09 20:15:00,2026-10-09 20:41:00,0.43,Bangalore Station 2,Fast,35,24.3,297.0,291.60000000000002,EV Fleet India,Bangalore,Completed,Good,D0275,Sunny,22.5,76.0,26.32,Healthy
EV0276,MG Comet EV,MG,2023,17,95.1,2026-10-10 00:00:00,2026-10-10 00:14:00,0.23,Bangalore Station 2,Fast,31,12.1,190.0,145.19999999999999,Premium Fleet,Bangalore,Completed,Good,D0276,Cloudy,22.5,76.0,26.32,Healthy
EV0277,Tata Punch EV,Tata,2023,35,98.1,2026-10-11 21:30:00,2026-10-11 22:05:00,0.58,Mangalore Station 2,Fast,38,23.5,323.0,282,Premium Fleet,Mangalore,Completed,Good,D0277,Rainy,22.5,76.0,26.32,Healthy
EV0278,MG ZS EV,MG,2023,50,97.7,2026-10-12 14:00:00,2026-10-12 14:14:00,0.23,Bangalore Station 2,Fast,36,13.9,63.0,166.8,Eco Drive,Bangalore,Completed,Good,D0278,Sunny,22.5,76.0,26.32,Healthy
EV0279,Hyundai Kona EV,Hyundai,2023,39,96.7,2026-10-13 02:45:00,2026-10-13 03:15:00,0.5,Hubli Station 2,Fast,38,25.6,259.0,307.2,Green Mobility,Hubli,Completed,Good,D0279,Rainy,22.5,76.0,26.32,Healthy
EV0280,Tata Curvv EV,Tata,2023,55,98.9,2026-10-14 03:30:00,2026-10-14 05:01:00,1.52,Mangalore Station 2,Normal,37,25.5,112.0,306,Premium Fleet,Mangalore,Completed,Good,D0280,Sunny,22.5,76.0,26.32,Healthy
EV0281,BYD Seal,BYD,2023,82,98.7,2026-10-15 20:45:00,2026-10-15 21:58:00,1.22,Belagavi Station 1,Normal,32,22.4,348.0,268.8,Premium Fleet,Belagavi,Completed,Good,D0281,Cloudy,22.5,76.0,26.32,Healthy
EV0282,Tata Curvv EV,Tata,2023,55,95.5,2026-10-16 23:45:00,2026-10-17 00:12:00,0.45,Hubli Station 1,Fast,32,26.1,305.0,313.2,Premium Fleet,Hubli,Completed,Good,D0282,Sunny,22.5,76.0,26.32,Healthy
EV0283,BYD Atto 3,BYD,2023,60,99.4,2026-10-17 13:30:00,2026-10-17 14:03:00,0.55,Bangalore Station 1,Fast,35,27.3,210.0,327.60000000000002,Premium Fleet,Bangalore,Completed,Good,D0283,Sunny,22.5,76.0,26.32,Healthy
EV0284,BYD Seal,BYD,2023,82,95.0,2026-10-18 02:45:00,2026-10-18 05:54:00,3.15,Mysore Station 1,Normal,38,57.8,236.0,693.6,City EV,Mysore,Completed,Good,D0284,Rainy,22.5,76.0,26.32,Healthy
EV0285,Tata Nexon EV,Tata,2023,40,93.8,2026-10-19 04:00:00,2026-10-19 04:53:00,0.88,Mysore Station 1,Normal,31,15.2,182.0,182.4,City EV,Mysore,Completed,Good,D0285,Cloudy,22.5,76.0,26.32,Healthy
EV0286,MG ZS EV,MG,2023,50,97.9,2026-10-20 08:15:00,2026-10-20 08:45:00,0.5,Hubli Station 2,Fast,27,18.6,221.0,223.2,Premium Fleet,Hubli,Completed,Good,D0286,Rainy,22.5,76.0,26.32,Healthy
EV0287,Kia EV6,Kia,2023,77,96.9,2026-10-21 07:30:00,2026-10-21 08:34:00,1.07,Belagavi Station 2,Fast,27,57.4,319.0,688.8,City EV,Belagavi,Completed,Good,D0287,Sunny,22.5,76.0,26.32,Healthy
EV0288,Mahindra XUV400,Mahindra,2023,39,94.8,2026-10-22 10:45:00,2026-10-22 11:09:00,0.4,Mysore Station 2,Fast,39,15.2,316.0,182.4,Premium Fleet,Mysore,Completed,Good,D0288,Cloudy,22.5,76.0,26.32,Healthy
EV0289,MG Comet EV,MG,2023,17,98.5,2026-10-23 15:30:00,2026-10-23 15:44:00,0.23,Hubli Station 2,Fast,34,6.1,242.0,73.2,City EV,Hubli,Completed,Good,D0289,Sunny,22.5,76.0,26.32,Healthy
EV0290,Tata Curvv EV,Tata,2023,55,96.3,2026-10-24 08:45:00,2026-10-24 11:10:00,2.42,Hubli Station 1,Normal,33,43.4,294.0,520.79999999999995,Premium Fleet,Hubli,Completed,Good,D0290,Rainy,22.5,76.0,26.32,Healthy
EV0291,Tata Punch EV,Tata,2023,35,93.9,2026-10-25 10:00:00,2026-10-25 10:25:00,0.42,Belagavi Station 1,Fast,38,22.0,291.0,264,Eco Drive,Belagavi,Completed,Good,D0291,Rainy,22.5,76.0,26.32,Healthy
EV0292,Tata Nexon EV,Tata,2023,40,94.8,2026-10-26 19:00:00,2026-10-26 19:09:00,0.15,Bangalore Station 1,Fast,32,7.7,300.0,92.4,EV Fleet India,Bangalore,Completed,Good,D0292,Rainy,22.5,76.0,26.32,Healthy
EV0293,Mahindra XUV400,Mahindra,2023,39,99.5,2026-10-27 06:00:00,2026-10-27 06:48:00,0.8,Belagavi Station 2,Normal,36,15.2,302.0,182.4,Premium Fleet,Belagavi,Completed,Good,D0293,Cloudy,22.5,76.0,26.32,Healthy
EV0294,Tata Punch EV,Tata,2023,35,96.0,2026-10-28 12:30:00,2026-10-28 12:46:00,0.27,Bangalore Station 1,Fast,35,15.7,84.0,188.4,EV Fleet India,Bangalore,Completed,Good,D0294,Rainy,22.5,76.0,26.32,Healthy
EV0295,BYD Seal,BYD,2023,82,97.9,2026-10-29 19:00:00,2026-10-29 22:04:00,3.07,Mysore Station 1,Normal,27,53.3,138.0,639.6,City EV,Mysore,Completed,Good,D0295,Rainy,22.5,76.0,26.32,Healthy
EV0296,Tata Nexon EV,Tata,2023,40,98.7,2026-10-30 11:00:00,2026-10-30 11:25:00,0.42,Belagavi Station 2,Fast,33,20.8,326.0,249.6,Premium Fleet,Belagavi,Completed,Good,D0296,Cloudy,22.5,76.0,26.32,Healthy
EV0297,Hyundai Kona EV,Hyundai,2023,39,95.6,2026-10-31 10:15:00,2026-10-31 10:49:00,0.57,Bangalore Station 2,Fast,31,28.2,102.0,338.4,Eco Drive,Bangalore,Completed,Good,D0297,Rainy,22.5,76.0,26.32,Healthy
EV0298,Kia EV6,Kia,2023,77,95.4,2026-11-01 06:15:00,2026-11-01 07:03:00,0.8,Bangalore Station 1,Fast,27,44.3,112.0,531.6,EV Fleet India,Bangalore,Completed,Good,D0298,Cloudy,22.5,76.0,26.32,Healthy
EV0299,Mahindra XUV400,Mahindra,2023,39,98.3,2026-11-02 13:00:00,2026-11-02 13:25:00,0.42,Bangalore Station 1,Fast,39,21.6,222.0,259.2,Premium Fleet,Bangalore,Completed,Good,D0299,Rainy,22.5,76.0,26.32,Healthy
EV0300,MG Comet EV,MG,2023,17,99.4,2026-11-03 21:30:00,2026-11-03 21:34:00,0.07,Mangalore Station 2,Fast,29,5.6,116.0,67.2,Eco Drive,Mangalore,Completed,Good,D0300,Rainy,22.5,76.0,26.32,Healthy
EV0301,Tata Curvv EV,Tata,2023,55,97.3,2026-11-04 13:00:00,2026-11-04 14:19:00,1.32,Bangalore Station 1,Normal,35,22.0,154.0,264,Premium Fleet,Bangalore,Completed,Good,D0301,Cloudy,22.5,76.0,26.32,Healthy
EV0302,Hyundai Kona EV,Hyundai,2023,39,98.9,2026-11-05 21:00:00,2026-11-05 22:24:00,1.4,Mangalore Station 2,Normal,37,25.7,278.0,308.39999999999998,EV Fleet India,Mangalore,Completed,Good,D0302,Cloudy,22.5,76.0,26.32,Healthy
EV0303,MG Comet EV,MG,2023,17,97.0,2026-11-06 17:30:00,2026-11-06 17:45:00,0.25,Hubli Station 2,Fast,36,7.9,93.0,94.8,City EV,Hubli,Completed,Good,D0303,Rainy,22.5,76.0,26.32,Healthy
EV0304,Tata Punch EV,Tata,2023,35,93.9,2026-11-07 13:45:00,2026-11-07 15:00:00,1.25,Bangalore Station 2,Normal,27,21.6,114.0,259.2,Green Mobility,Bangalore,Completed,Good,D0304,Cloudy,22.5,76.0,26.32,Healthy
EV0305,MG Comet EV,MG,2023,17,96.5,2026-11-08 13:00:00,2026-11-08 13:13:00,0.22,Belagavi Station 1,Fast,38,8.1,235.0,97.2,Premium Fleet,Belagavi,Completed,Good,D0305,Rainy,22.5,76.0,26.32,Healthy
EV0306,Tata Nexon EV,Tata,2023,40,99.1,2026-11-09 09:45:00,2026-11-09 10:16:00,0.52,Bangalore Station 2,Fast,34,24.0,79.0,288,Eco Drive,Bangalore,Completed,Good,D0306,Cloudy,22.5,76.0,26.32,Healthy
EV0307,Kia EV6,Kia,2023,77,95.8,2026-11-10 11:30:00,2026-11-10 12:14:00,0.73,Mysore Station 1,Fast,32,30.7,263.0,368.4,City EV,Mysore,Completed,Good,D0307,Sunny,22.5,76.0,26.32,Healthy
EV0308,MG ZS EV,MG,2023,50,96.5,2026-11-11 17:45:00,2026-11-11 19:43:00,1.97,Mysore Station 2,Normal,30,35.2,96.0,422.4,Eco Drive,Mysore,Completed,Good,D0308,Cloudy,22.5,76.0,26.32,Healthy
EV0309,MG Comet EV,MG,2023,17,98.4,2026-11-12 15:30:00,2026-11-12 15:46:00,0.27,Bangalore Station 2,Fast,27,8.4,221.0,100.8,Eco Drive,Bangalore,Completed,Good,D0309,Sunny,22.5,76.0,26.32,Healthy
EV0310,Tata Curvv EV,Tata,2023,55,97.2,2026-11-13 10:15:00,2026-11-13 11:03:00,0.8,Bangalore Station 2,Fast,35,36.3,168.0,435.6,EV Fleet India,Bangalore,Completed,Good,D0310,Rainy,22.5,76.0,26.32,Healthy
EV0311,Kia EV6,Kia,2023,77,96.3,2026-11-14 13:15:00,2026-11-14 14:36:00,1.35,Mangalore Station 2,Normal,31,22.1,61.0,265.2,Green Mobility,Mangalore,Completed,Good,D0311,Sunny,22.5,76.0,26.32,Healthy
EV0312,Tata Punch EV,Tata,2023,35,93.9,2026-11-15 15:15:00,2026-11-15 15:29:00,0.23,Belagavi Station 2,Fast,39,12.3,129.0,147.6,EV Fleet India,Belagavi,Completed,Good,D0312,Rainy,22.5,76.0,26.32,Healthy
EV0313,BYD Seal,BYD,2023,82,94.5,2026-11-16 10:00:00,2026-11-16 11:02:00,1.03,Mysore Station 2,Fast,29,47.6,269.0,571.20000000000005,Green Mobility,Mysore,Completed,Good,D0313,Rainy,22.5,76.0,26.32,Healthy
EV0314,BYD Seal,BYD,2023,82,97.4,2026-11-17 18:00:00,2026-11-17 19:11:00,1.18,Mangalore Station 2,Fast,32,57.0,238.0,684,City EV,Mangalore,Completed,Good,D0314,Rainy,22.5,76.0,26.32,Healthy
EV0315,BYD Atto 3,BYD,2023,60,94.0,2026-11-18 11:45:00,2026-11-18 12:55:00,1.17,Hubli Station 2,Normal,28,19.2,270.0,230.4,City EV,Hubli,Completed,Good,D0315,Cloudy,22.5,76.0,26.32,Healthy
EV0316,Tata Nexon EV,Tata,2023,40,95.0,2026-11-19 16:30:00,2026-11-19 16:53:00,0.38,Mangalore Station 2,Fast,34,20.5,112.0,246,Eco Drive,Mangalore,Completed,Good,D0316,Cloudy,22.5,76.0,26.32,Healthy
EV0317,Tata Curvv EV,Tata,2023,55,94.7,2026-11-20 07:30:00,2026-11-20 08:07:00,0.62,Mysore Station 2,Normal,37,12.6,85.0,151.19999999999999,EV Fleet India,Mysore,Completed,Good,D0317,Cloudy,22.5,76.0,26.32,Healthy
EV0318,Tata Punch EV,Tata,2023,35,96.6,2026-11-21 17:15:00,2026-11-21 17:49:00,0.57,Mangalore Station 2,Fast,30,29.2,77.0,350.4,Eco Drive,Mangalore,Completed,Good,D0318,Sunny,22.5,76.0,26.32,Healthy
EV0319,MG ZS EV,MG,2023,50,94.7,2026-11-22 12:45:00,2026-11-22 14:29:00,1.73,Bangalore Station 2,Normal,27,30.4,64.0,364.8,Green Mobility,Bangalore,Completed,Good,D0319,Rainy,22.5,76.0,26.32,Healthy
EV0320,Tata Curvv EV,Tata,2023,55,96.0,2026-11-23 10:45:00,2026-11-23 11:23:00,0.63,Bangalore Station 1,Fast,29,27.4,220.0,328.8,Premium Fleet,Bangalore,Completed,Good,D0320,Cloudy,22.5,76.0,26.32,Healthy
EV0321,MG ZS EV,MG,2023,50,96.7,2026-11-24 12:15:00,2026-11-24 12:52:00,0.62,Belagavi Station 1,Fast,31,27.4,70.0,328.8,Eco Drive,Belagavi,Completed,Good,D0321,Cloudy,22.5,76.0,26.32,Healthy
EV0322,MG Comet EV,MG,2023,17,96.6,2026-11-25 12:30:00,2026-11-25 12:37:00,0.12,Belagavi Station 2,Fast,32,6.4,165.0,76.8,Green Mobility,Belagavi,Completed,Good,D0322,Sunny,22.5,76.0,26.32,Healthy
EV0323,Kia EV6,Kia,2023,77,97.6,2026-11-26 09:00:00,2026-11-26 10:13:00,1.22,Hubli Station 2,Fast,30,54.9,315.0,658.8,EV Fleet India,Hubli,Completed,Good,D0323,Rainy,22.5,76.0,26.32,Healthy
EV0324,MG Comet EV,MG,2023,17,98.6,2026-11-27 23:30:00,2026-11-27 23:51:00,0.35,Bangalore Station 2,Normal,38,6.0,119.0,72,EV Fleet India,Bangalore,Completed,Good,D0324,Rainy,22.5,76.0,26.32,Healthy
EV0325,BYD Seal,BYD,2023,82,99.1,2026-11-28 19:45:00,2026-11-28 21:28:00,1.72,Mysore Station 2,Normal,27,30.9,75.0,370.8,Premium Fleet,Mysore,Completed,Good,D0325,Rainy,22.5,76.0,26.32,Healthy
EV0326,BYD Seal,BYD,2023,82,99.5,2026-11-29 07:00:00,2026-11-29 08:52:00,1.87,Mangalore Station 1,Normal,28,34.4,200.0,412.8,Premium Fleet,Mangalore,Completed,Good,D0326,Cloudy,22.5,76.0,26.32,Healthy
EV0327,BYD Atto 3,BYD,2023,60,99.2,2026-11-30 00:00:00,2026-11-30 00:57:00,0.95,Mangalore Station 1,Fast,27,47.2,278.0,566.4,Premium Fleet,Mangalore,Completed,Good,D0327,Rainy,22.5,76.0,26.32,Healthy
EV0328,Kia EV6,Kia,2023,77,93.9,2026-12-01 05:00:00,2026-12-01 06:18:00,1.3,Belagavi Station 1,Normal,37,21.3,71.0,255.6,Green Mobility,Belagavi,Completed,Good,D0328,Sunny,22.5,76.0,26.32,Healthy
EV0329,Hyundai Kona EV,Hyundai,2023,39,97.3,2026-12-02 19:45:00,2026-12-02 20:18:00,0.55,Mysore Station 1,Fast,31,29.1,80.0,349.2,City EV,Mysore,Completed,Good,D0329,Cloudy,22.5,76.0,26.32,Healthy
EV0330,Tata Curvv EV,Tata,2023,55,94.4,2026-12-03 14:15:00,2026-12-03 15:22:00,1.12,Belagavi Station 1,Normal,39,21.7,180.0,260.39999999999998,EV Fleet India,Belagavi,Completed,Good,D0330,Cloudy,22.5,76.0,26.32,Healthy
EV0331,Hyundai Kona EV,Hyundai,2023,39,94.5,2026-12-04 03:45:00,2026-12-04 03:57:00,0.2,Belagavi Station 1,Fast,30,8.9,305.0,106.8,EV Fleet India,Belagavi,Completed,Good,D0331,Sunny,22.5,76.0,26.32,Healthy
EV0332,MG Comet EV,MG,2023,17,95.9,2026-12-05 09:30:00,2026-12-05 10:10:00,0.67,Mangalore Station 2,Normal,32,10.7,343.0,128.4,EV Fleet India,Mangalore,Completed,Good,D0332,Sunny,22.5,76.0,26.32,Healthy
EV0333,Tata Punch EV,Tata,2023,35,96.6,2026-12-06 06:45:00,2026-12-06 07:49:00,1.07,Belagavi Station 1,Normal,27,20.9,224.0,250.8,EV Fleet India,Belagavi,Completed,Good,D0333,Sunny,22.5,76.0,26.32,Healthy
EV0334,BYD Atto 3,BYD,2023,60,98.7,2026-12-07 06:45:00,2026-12-07 09:04:00,2.32,Hubli Station 1,Normal,39,42.2,74.0,506.4,Premium Fleet,Hubli,Completed,Good,D0334,Sunny,22.5,76.0,26.32,Healthy
EV0335,BYD Atto 3,BYD,2023,60,99.0,2026-12-08 19:00:00,2026-12-08 20:46:00,1.77,Hubli Station 2,Normal,38,32.3,73.0,387.6,City EV,Hubli,Completed,Good,D0335,Cloudy,22.5,76.0,26.32,Healthy
EV0336,Tata Nexon EV,Tata,2023,40,94.5,2026-12-09 00:45:00,2026-12-09 01:46:00,1.02,Hubli Station 1,Normal,30,17.2,227.0,206.4,Premium Fleet,Hubli,Completed,Good,D0336,Sunny,22.5,76.0,26.32,Healthy
EV0337,Mahindra XUV400,Mahindra,2023,39,99.2,2026-12-10 05:45:00,2026-12-10 06:15:00,0.5,Mangalore Station 2,Fast,29,28.0,347.0,336,Green Mobility,Mangalore,Completed,Good,D0337,Sunny,22.5,76.0,26.32,Healthy
EV0338,MG ZS EV,MG,2023,50,94.4,2026-12-11 22:45:00,2026-12-12 00:32:00,1.78,Mangalore Station 2,Normal,32,32.5,79.0,390,Green Mobility,Mangalore,Completed,Good,D0338,Rainy,22.5,76.0,26.32,Healthy
EV0339,Tata Nexon EV,Tata,2023,40,97.9,2026-12-12 20:30:00,2026-12-12 21:00:00,0.5,Bangalore Station 2,Fast,33,25.0,242.0,300,Green Mobility,Bangalore,Completed,Good,D0339,Rainy,22.5,76.0,26.32,Healthy
EV0340,Tata Punch EV,Tata,2023,35,95.1,2026-12-13 16:00:00,2026-12-13 17:02:00,1.03,Mysore Station 1,Normal,30,16.3,279.0,195.6,Eco Drive,Mysore,Completed,Good,D0340,Sunny,22.5,76.0,26.32,Healthy
EV0341,MG ZS EV,MG,2023,50,97.5,2026-12-14 20:15:00,2026-12-14 20:31:00,0.27,Bangalore Station 1,Fast,35,17.5,251.0,210,City EV,Bangalore,Completed,Good,D0341,Sunny,22.5,76.0,26.32,Healthy
EV0342,MG Comet EV,MG,2023,17,97.1,2026-12-15 23:30:00,2026-12-15 23:45:00,0.25,Belagavi Station 1,Fast,36,7.0,128.0,84,City EV,Belagavi,Completed,Good,D0342,Rainy,22.5,76.0,26.32,Healthy
EV0343,Hyundai Kona EV,Hyundai,2023,39,98.7,2026-12-16 11:00:00,2026-12-16 12:33:00,1.55,Mangalore Station 2,Normal,35,27.9,173.0,334.8,Eco Drive,Mangalore,Completed,Good,D0343,Rainy,22.5,76.0,26.32,Healthy
EV0344,Kia EV6,Kia,2023,77,98.1,2026-12-17 13:00:00,2026-12-17 14:16:00,1.27,Mangalore Station 1,Normal,30,20.8,210.0,249.6,Premium Fleet,Mangalore,Completed,Good,D0344,Sunny,22.5,76.0,26.32,Healthy
EV0345,Tata Punch EV,Tata,2023,35,97.0,2026-12-18 21:45:00,2026-12-18 22:16:00,0.52,Belagavi Station 1,Fast,38,19.3,310.0,231.6,City EV,Belagavi,Completed,Good,D0345,Cloudy,22.5,76.0,26.32,Healthy
EV0346,BYD Seal,BYD,2023,82,95.3,2026-12-19 19:00:00,2026-12-19 20:30:00,1.5,Mangalore Station 1,Normal,30,25.1,83.0,301.2,EV Fleet India,Mangalore,Completed,Good,D0346,Sunny,22.5,76.0,26.32,Healthy
EV0347,BYD Seal,BYD,2023,82,97.4,2026-12-20 11:00:00,2026-12-20 12:15:00,1.25,Mangalore Station 2,Normal,29,22.5,120.0,270,City EV,Mangalore,Completed,Good,D0347,Rainy,22.5,76.0,26.32,Healthy
EV0348,BYD Seal,BYD,2023,82,95.9,2026-12-21 07:00:00,2026-12-21 08:23:00,1.38,Bangalore Station 2,Normal,35,23.9,318.0,286.8,Green Mobility,Bangalore,Completed,Good,D0348,Cloudy,22.5,76.0,26.32,Healthy
EV0349,Tata Curvv EV,Tata,2023,55,98.8,2026-12-22 20:00:00,2026-12-22 21:48:00,1.8,Mysore Station 1,Normal,35,32.3,302.0,387.6,City EV,Mysore,Completed,Good,D0349,Cloudy,22.5,76.0,26.32,Healthy
EV0350,Kia EV6,Kia,2023,77,96.5,2026-12-23 09:15:00,2026-12-23 11:53:00,2.63,Mysore Station 2,Normal,28,46.9,286.0,562.79999999999995,Premium Fleet,Mysore,Completed,Good,D0350,Rainy,22.5,76.0,26.32,Healthy
EV0351,BYD Seal,BYD,2023,82,99.3,2026-12-24 10:30:00,2026-12-24 12:26:00,1.93,Bangalore Station 1,Normal,34,35.1,70.0,421.2,EV Fleet India,Bangalore,Completed,Good,D0351,Rainy,22.5,76.0,26.32,Healthy
EV0352,BYD Atto 3,BYD,2023,60,96.9,2026-12-25 03:00:00,2026-12-25 04:42:00,1.7,Bangalore Station 1,Normal,27,31.7,216.0,380.4,Green Mobility,Bangalore,Completed,Good,D0352,Cloudy,22.5,76.0,26.32,Healthy
EV0353,Tata Curvv EV,Tata,2023,55,97.8,2026-12-26 08:00:00,2026-12-26 09:25:00,1.42,Hubli Station 1,Normal,32,26.2,162.0,314.39999999999998,Premium Fleet,Hubli,Completed,Good,D0353,Cloudy,22.5,76.0,26.32,Healthy
EV0354,Hyundai Kona EV,Hyundai,2023,39,98.3,2026-12-27 14:45:00,2026-12-27 15:13:00,0.47,Mangalore Station 2,Fast,28,22.9,219.0,274.8,Green Mobility,Mangalore,Completed,Good,D0354,Rainy,22.5,76.0,26.32,Healthy
EV0355,Tata Curvv EV,Tata,2023,55,98.3,2026-12-28 22:00:00,2026-12-28 22:48:00,0.8,Hubli Station 1,Fast,29,43.3,316.0,519.6,EV Fleet India,Hubli,Completed,Good,D0355,Cloudy,22.5,76.0,26.32,Healthy
EV0356,MG ZS EV,MG,2023,50,98.4,2026-12-29 10:30:00,2026-12-29 10:48:00,0.3,Mysore Station 2,Fast,31,14.6,337.0,175.2,Eco Drive,Mysore,Completed,Good,D0356,Sunny,22.5,76.0,26.32,Healthy
EV0357,BYD Atto 3,BYD,2023,60,94.8,2026-12-30 06:45:00,2026-12-30 07:17:00,0.53,Hubli Station 1,Fast,27,26.5,118.0,318,Green Mobility,Hubli,Completed,Good,D0357,Rainy,22.5,76.0,26.32,Healthy
EV0358,BYD Atto 3,BYD,2023,60,99.7,2026-12-31 10:15:00,2026-12-31 10:45:00,0.5,Mangalore Station 2,Fast,32,25.2,85.0,302.39999999999998,EV Fleet India,Mangalore,Completed,Good,D0358,Cloudy,22.5,76.0,26.32,Healthy
EV0359,Tata Nexon EV,Tata,2023,40,99.5,2027-01-01 11:00:00,2027-01-01 11:30:00,0.5,Mysore Station 2,Fast,37,18.5,340.0,222,Green Mobility,Mysore,Completed,Good,D0359,Cloudy,22.5,76.0,26.32,Healthy
EV0360,Tata Curvv EV,Tata,2023,55,95.9,2027-01-02 19:15:00,2027-01-02 19:47:00,0.53,Mangalore Station 2,Fast,28,21.0,184.0,252,EV Fleet India,Mangalore,Completed,Good,D0360,Rainy,22.5,76.0,26.32,Healthy
EV0361,BYD Atto 3,BYD,2023,60,97.7,2027-01-03 06:00:00,2027-01-03 07:46:00,1.77,Mangalore Station 1,Normal,28,33.5,292.0,402,EV Fleet India,Mangalore,Completed,Good,D0361,Rainy,22.5,76.0,26.32,Healthy
EV0362,MG Comet EV,MG,2023,17,99.0,2027-01-04 10:45:00,2027-01-04 11:01:00,0.27,Belagavi Station 2,Fast,30,11.5,203.0,138,Eco Drive,Belagavi,Completed,Good,D0362,Sunny,22.5,76.0,26.32,Healthy
EV0363,Tata Punch EV,Tata,2023,35,96.5,2027-01-05 21:15:00,2027-01-05 21:36:00,0.35,Mangalore Station 2,Fast,30,22.4,326.0,268.8,City EV,Mangalore,Completed,Good,D0363,Sunny,22.5,76.0,26.32,Healthy
EV0364,Tata Nexon EV,Tata,2023,40,99.7,2027-01-06 09:30:00,2027-01-06 09:53:00,0.38,Bangalore Station 2,Fast,31,19.6,185.0,235.2,Green Mobility,Bangalore,Completed,Good,D0364,Sunny,22.5,76.0,26.32,Healthy
EV0365,Hyundai Kona EV,Hyundai,2023,39,96.2,2027-01-07 20:30:00,2027-01-07 20:55:00,0.42,Mangalore Station 2,Fast,27,22.2,310.0,266.39999999999998,Eco Drive,Mangalore,Completed,Good,D0365,Sunny,22.5,76.0,26.32,Healthy
EV0366,BYD Seal,BYD,2023,82,94.7,2027-01-08 00:00:00,2027-01-08 00:28:00,0.47,Mysore Station 1,Fast,37,25.5,299.0,306,City EV,Mysore,Completed,Good,D0366,Cloudy,22.5,76.0,26.32,Healthy
EV0367,Tata Nexon EV,Tata,2023,40,94.3,2027-01-09 05:15:00,2027-01-09 05:43:00,0.47,Belagavi Station 1,Fast,28,24.4,155.0,292.8,Eco Drive,Belagavi,Completed,Good,D0367,Cloudy,22.5,76.0,26.32,Healthy
EV0368,Tata Punch EV,Tata,2023,35,96.3,2027-01-10 00:45:00,2027-01-10 00:59:00,0.23,Bangalore Station 2,Fast,36,15.7,75.0,188.4,Premium Fleet,Bangalore,Completed,Good,D0368,Rainy,22.5,76.0,26.32,Healthy
EV0369,BYD Atto 3,BYD,2023,60,94.3,2027-01-11 06:15:00,2027-01-11 07:53:00,1.63,Mangalore Station 1,Normal,27,30.2,142.0,362.4,Eco Drive,Mangalore,Completed,Good,D0369,Rainy,22.5,76.0,26.32,Healthy
EV0370,MG Comet EV,MG,2023,17,94.0,2027-01-12 00:30:00,2027-01-12 00:47:00,0.28,Mysore Station 1,Fast,27,13.3,258.0,159.6,EV Fleet India,Mysore,Completed,Good,D0370,Sunny,22.5,76.0,26.32,Healthy
EV0371,Kia EV6,Kia,2023,77,98.5,2027-01-13 00:00:00,2027-01-13 01:02:00,1.03,Mangalore Station 1,Fast,32,45.9,291.0,550.79999999999995,Premium Fleet,Mangalore,Completed,Good,D0371,Sunny,22.5,76.0,26.32,Healthy
EV0372,Tata Nexon EV,Tata,2023,40,96.3,2027-01-14 11:30:00,2027-01-14 11:51:00,0.35,Mangalore Station 1,Fast,28,13.3,166.0,159.6,Premium Fleet,Mangalore,Completed,Good,D0372,Sunny,22.5,76.0,26.32,Healthy
EV0373,BYD Seal,BYD,2023,82,95.6,2027-01-15 10:15:00,2027-01-15 12:37:00,2.37,Mangalore Station 2,Normal,38,43.3,95.0,519.6,Premium Fleet,Mangalore,Completed,Good,D0373,Rainy,22.5,76.0,26.32,Healthy
EV0374,MG Comet EV,MG,2023,17,99.5,2027-01-16 05:00:00,2027-01-16 05:17:00,0.28,Bangalore Station 2,Fast,33,9.7,201.0,116.4,City EV,Bangalore,Completed,Good,D0374,Sunny,22.5,76.0,26.32,Healthy
EV0375,Hyundai Kona EV,Hyundai,2023,39,95.9,2027-01-17 07:30:00,2027-01-17 07:52:00,0.37,Hubli Station 2,Fast,37,12.1,141.0,145.19999999999999,Eco Drive,Hubli,Completed,Good,D0375,Sunny,22.5,76.0,26.32,Healthy
EV0376,Tata Nexon EV,Tata,2023,40,98.0,2027-01-18 20:15:00,2027-01-18 20:42:00,0.45,Belagavi Station 1,Fast,32,24.2,236.0,290.39999999999998,Premium Fleet,Belagavi,Completed,Good,D0376,Cloudy,22.5,76.0,26.32,Healthy
EV0377,BYD Seal,BYD,2023,82,98.3,2027-01-19 16:00:00,2027-01-19 17:17:00,1.28,Mysore Station 2,Fast,36,64.1,197.0,769.2,Green Mobility,Mysore,Completed,Good,D0377,Sunny,22.5,76.0,26.32,Healthy
EV0378,Tata Curvv EV,Tata,2023,55,99.3,2027-01-20 09:00:00,2027-01-20 11:13:00,2.22,Hubli Station 2,Normal,30,41.6,256.0,499.2,Premium Fleet,Hubli,Completed,Good,D0378,Sunny,22.5,76.0,26.32,Healthy
EV0379,Mahindra XUV400,Mahindra,2023,39,96.9,2027-01-21 21:30:00,2027-01-21 22:48:00,1.3,Mangalore Station 1,Normal,39,23.3,250.0,279.60000000000002,Premium Fleet,Mangalore,Completed,Good,D0379,Rainy,22.5,76.0,26.32,Healthy
EV0380,MG ZS EV,MG,2023,50,94.3,2027-01-22 23:45:00,2027-01-23 00:25:00,0.67,Bangalore Station 2,Fast,38,29.4,200.0,352.8,EV Fleet India,Bangalore,Completed,Good,D0380,Rainy,22.5,76.0,26.32,Healthy
EV0381,MG ZS EV,MG,2023,50,98.0,2027-01-23 12:45:00,2027-01-23 14:18:00,1.55,Mysore Station 1,Normal,27,28.9,236.0,346.8,City EV,Mysore,Completed,Good,D0381,Cloudy,22.5,76.0,26.32,Healthy
EV0382,Kia EV6,Kia,2023,77,99.3,2027-01-24 13:30:00,2027-01-24 14:33:00,1.05,Belagavi Station 1,Fast,28,49.5,260.0,594,EV Fleet India,Belagavi,Completed,Good,D0382,Cloudy,22.5,76.0,26.32,Healthy
EV0383,Tata Curvv EV,Tata,2023,55,96.4,2027-01-25 16:45:00,2027-01-25 17:17:00,0.53,Mangalore Station 1,Fast,37,21.8,164.0,261.60000000000002,Green Mobility,Mangalore,Completed,Good,D0383,Cloudy,22.5,76.0,26.32,Healthy
EV0384,Mahindra XUV400,Mahindra,2023,39,96.8,2027-01-26 02:15:00,2027-01-26 02:37:00,0.37,Mysore Station 1,Fast,27,12.6,216.0,151.19999999999999,Green Mobility,Mysore,Completed,Good,D0384,Rainy,22.5,76.0,26.32,Healthy
EV0385,Kia EV6,Kia,2023,77,99.5,2027-01-27 07:15:00,2027-01-27 10:01:00,2.77,Mysore Station 2,Normal,31,48.9,138.0,586.79999999999995,Eco Drive,Mysore,Completed,Good,D0385,Cloudy,22.5,76.0,26.32,Healthy
EV0386,MG Comet EV,MG,2023,17,98.8,2027-01-28 19:15:00,2027-01-28 19:21:00,0.1,Mangalore Station 2,Fast,30,7.6,202.0,91.2,Premium Fleet,Mangalore,Completed,Good,D0386,Rainy,22.5,76.0,26.32,Healthy
EV0387,Mahindra XUV400,Mahindra,2023,39,97.0,2027-01-29 20:30:00,2027-01-29 20:50:00,0.33,Mangalore Station 1,Fast,29,19.5,245.0,234,City EV,Mangalore,Completed,Good,D0387,Sunny,22.5,76.0,26.32,Healthy
EV0388,Tata Punch EV,Tata,2023,35,98.7,2027-01-30 18:15:00,2027-01-30 19:05:00,0.83,Mangalore Station 2,Normal,38,14.6,270.0,175.2,EV Fleet India,Mangalore,Completed,Good,D0388,Rainy,22.5,76.0,26.32,Healthy
EV0389,Hyundai Kona EV,Hyundai,2023,39,95.6,2027-01-31 12:00:00,2027-01-31 13:03:00,1.05,Mangalore Station 2,Normal,36,19.7,142.0,236.4,City EV,Mangalore,Completed,Good,D0389,Rainy,22.5,76.0,26.32,Healthy
EV0390,BYD Atto 3,BYD,2023,60,98.1,2027-02-01 08:15:00,2027-02-01 09:13:00,0.97,Mangalore Station 1,Fast,28,47.8,277.0,573.6,Premium Fleet,Mangalore,Completed,Good,D0390,Cloudy,22.5,76.0,26.32,Healthy
EV0391,BYD Seal,BYD,2023,82,96.2,2027-02-02 09:00:00,2027-02-02 09:38:00,0.63,Bangalore Station 1,Fast,33,36.2,323.0,434.4,Eco Drive,Bangalore,Completed,Good,D0391,Sunny,22.5,76.0,26.32,Healthy
EV0392,BYD Seal,BYD,2023,82,97.9,2027-02-03 04:45:00,2027-02-03 06:06:00,1.35,Hubli Station 1,Fast,33,64.6,92.0,775.2,City EV,Hubli,Completed,Good,D0392,Sunny,22.5,76.0,26.32,Healthy
EV0393,MG ZS EV,MG,2023,50,93.8,2027-02-04 08:30:00,2027-02-04 09:19:00,0.82,Mangalore Station 1,Fast,37,40.1,138.0,481.2,Eco Drive,Mangalore,Completed,Good,D0393,Rainy,22.5,76.0,26.32,Healthy
EV0394,Tata Curvv EV,Tata,2023,55,95.0,2027-02-05 03:45:00,2027-02-05 04:33:00,0.8,Belagavi Station 2,Fast,30,34.8,226.0,417.6,Eco Drive,Belagavi,Completed,Good,D0394,Sunny,22.5,76.0,26.32,Healthy
EV0395,Mahindra XUV400,Mahindra,2023,39,95.5,2027-02-06 22:45:00,2027-02-06 23:10:00,0.42,Bangalore Station 2,Fast,28,19.1,152.0,229.2,Green Mobility,Bangalore,Completed,Good,D0395,Rainy,22.5,76.0,26.32,Healthy
EV0396,BYD Seal,BYD,2023,82,95.8,2027-02-07 00:15:00,2027-02-07 02:51:00,2.6,Mysore Station 2,Normal,30,45.4,239.0,544.79999999999995,City EV,Mysore,Completed,Good,D0396,Cloudy,22.5,76.0,26.32,Healthy
EV0397,Hyundai Kona EV,Hyundai,2023,39,99.3,2027-02-08 04:45:00,2027-02-08 05:35:00,0.83,Belagavi Station 2,Normal,35,16.1,296.0,193.2,Eco Drive,Belagavi,Completed,Good,D0397,Sunny,22.5,76.0,26.32,Healthy
EV0398,Kia EV6,Kia,2023,77,96.2,2027-02-09 19:45:00,2027-02-09 20:16:00,0.52,Belagavi Station 2,Fast,29,30.8,76.0,369.6,Green Mobility,Belagavi,Completed,Good,D0398,Cloudy,22.5,76.0,26.32,Healthy
EV0399,MG ZS EV,MG,2023,50,93.8,2027-02-10 16:45:00,2027-02-10 18:32:00,1.78,Mysore Station 2,Normal,31,33.6,202.0,403.2,Eco Drive,Mysore,Completed,Good,D0399,Rainy,22.5,76.0,26.32,Healthy
EV0400,Kia EV6,Kia,2023,77,95.6,2027-02-11 06:30:00,2027-02-11 09:08:00,2.63,Belagavi Station 1,Normal,27,45.4,76.0,544.79999999999995,Premium Fleet,Belagavi,Completed,Good,D0400,Rainy,22.5,76.0,26.32,Healthy
EV0401,Tata Punch EV,Tata,2023,35,96.8,2027-02-12 18:30:00,2027-02-12 19:00:00,0.5,Bangalore Station 2,Fast,34,23.9,347.0,286.8,EV Fleet India,Bangalore,Completed,Good,D0401,Sunny,22.5,76.0,26.32,Healthy
EV0402,Mahindra XUV400,Mahindra,2023,39,98.0,2027-02-13 22:15:00,2027-02-13 22:58:00,0.72,Mangalore Station 2,Normal,37,11.9,322.0,142.80000000000001,Green Mobility,Mangalore,Completed,Good,D0402,Cloudy,22.5,76.0,26.32,Healthy
EV0403,MG Comet EV,MG,2023,17,96.8,2027-02-14 11:30:00,2027-02-14 11:42:00,0.2,Hubli Station 1,Fast,27,8.1,199.0,97.2,Green Mobility,Hubli,Completed,Good,D0403,Rainy,22.5,76.0,26.32,Healthy
EV0404,Tata Nexon EV,Tata,2023,40,99.6,2027-02-15 01:30:00,2027-02-15 02:02:00,0.53,Bangalore Station 1,Fast,30,23.7,177.0,284.39999999999998,City EV,Bangalore,Completed,Good,D0404,Sunny,22.5,76.0,26.32,Healthy
EV0405,Tata Curvv EV,Tata,2023,55,99.2,2027-02-16 16:30:00,2027-02-16 17:37:00,1.12,Belagavi Station 2,Normal,27,19.7,175.0,236.4,Eco Drive,Belagavi,Completed,Good,D0405,Cloudy,22.5,76.0,26.32,Healthy
EV0406,Kia EV6,Kia,2023,77,96.4,2027-02-17 16:15:00,2027-02-17 17:23:00,1.13,Hubli Station 2,Fast,32,52.9,148.0,634.79999999999995,City EV,Hubli,Completed,Good,D0406,Sunny,22.5,76.0,26.32,Healthy
EV0407,Tata Curvv EV,Tata,2023,55,98.2,2027-02-18 11:00:00,2027-02-18 11:23:00,0.38,Mysore Station 1,Fast,30,24.1,88.0,289.2,Premium Fleet,Mysore,Completed,Good,D0407,Sunny,22.5,76.0,26.32,Healthy
EV0408,Mahindra XUV400,Mahindra,2023,39,96.7,2027-02-19 00:00:00,2027-02-19 01:25:00,1.42,Hubli Station 2,Normal,37,23.2,60.0,278.39999999999998,Eco Drive,Hubli,Completed,Good,D0408,Cloudy,22.5,76.0,26.32,Healthy
EV0409,Kia EV6,Kia,2023,77,99.4,2027-02-20 01:45:00,2027-02-20 03:46:00,2.02,Mangalore Station 1,Normal,35,36.2,302.0,434.4,EV Fleet India,Mangalore,Completed,Good,D0409,Sunny,22.5,76.0,26.32,Healthy
EV0410,Tata Curvv EV,Tata,2023,55,95.0,2027-02-21 01:15:00,2027-02-21 01:38:00,0.38,Belagavi Station 2,Fast,28,18.6,199.0,223.2,EV Fleet India,Belagavi,Completed,Good,D0410,Rainy,22.5,76.0,26.32,Healthy
EV0411,Kia EV6,Kia,2023,77,98.7,2027-02-22 16:15:00,2027-02-22 17:28:00,1.22,Hubli Station 1,Fast,28,61.0,335.0,732,Green Mobility,Hubli,Completed,Good,D0411,Rainy,22.5,76.0,26.32,Healthy
EV0412,BYD Seal,BYD,2023,82,98.1,2027-02-23 18:45:00,2027-02-23 20:09:00,1.4,Belagavi Station 1,Normal,31,25.6,286.0,307.2,Green Mobility,Belagavi,Completed,Good,D0412,Rainy,22.5,76.0,26.32,Healthy
EV0413,Tata Curvv EV,Tata,2023,55,94.7,2027-02-24 22:30:00,2027-02-24 23:34:00,1.07,Mangalore Station 2,Normal,35,20.2,261.0,242.4,Premium Fleet,Mangalore,Completed,Good,D0413,Cloudy,22.5,76.0,26.32,Healthy
EV0414,Tata Curvv EV,Tata,2023,55,96.5,2027-02-25 11:30:00,2027-02-25 12:40:00,1.17,Bangalore Station 1,Normal,36,19.9,68.0,238.8,Eco Drive,Bangalore,Completed,Good,D0414,Cloudy,22.5,76.0,26.32,Healthy
EV0415,BYD Seal,BYD,2023,82,94.6,2027-02-26 10:00:00,2027-02-26 10:57:00,0.95,Mangalore Station 2,Fast,37,43.1,142.0,517.20000000000005,Eco Drive,Mangalore,Completed,Good,D0415,Sunny,22.5,76.0,26.32,Healthy
EV0416,Tata Curvv EV,Tata,2023,55,95.6,2027-02-27 06:45:00,2027-02-27 07:43:00,0.97,Hubli Station 2,Normal,31,15.4,263.0,184.8,Premium Fleet,Hubli,Completed,Good,D0416,Cloudy,22.5,76.0,26.32,Healthy
EV0417,Tata Nexon EV,Tata,2023,40,95.2,2027-02-28 08:30:00,2027-02-28 08:47:00,0.28,Mangalore Station 1,Fast,32,15.9,186.0,190.8,Eco Drive,Mangalore,Completed,Good,D0417,Rainy,22.5,76.0,26.32,Healthy
EV0418,Tata Nexon EV,Tata,2023,40,97.8,2027-03-01 21:15:00,2027-03-01 22:44:00,1.48,Mysore Station 2,Normal,38,28.2,254.0,338.4,Green Mobility,Mysore,Completed,Good,D0418,Sunny,22.5,76.0,26.32,Healthy
EV0419,Kia EV6,Kia,2023,77,98.3,2027-03-02 13:15:00,2027-03-02 13:57:00,0.7,Mangalore Station 2,Fast,30,32.6,183.0,391.2,City EV,Mangalore,Completed,Good,D0419,Rainy,22.5,76.0,26.32,Healthy
EV0420,BYD Seal,BYD,2023,82,99.0,2027-03-03 18:00:00,2027-03-03 18:41:00,0.68,Mangalore Station 2,Fast,29,38.6,192.0,463.2,Eco Drive,Mangalore,Completed,Good,D0420,Rainy,22.5,76.0,26.32,Healthy
EV0421,BYD Seal,BYD,2023,82,95.2,2027-03-04 14:00:00,2027-03-04 15:46:00,1.77,Hubli Station 1,Normal,34,33.5,233.0,402,Premium Fleet,Hubli,Completed,Good,D0421,Sunny,22.5,76.0,26.32,Healthy
EV0422,Mahindra XUV400,Mahindra,2023,39,99.1,2027-03-05 18:30:00,2027-03-05 19:07:00,0.62,Belagavi Station 1,Fast,28,30.0,250.0,360,Green Mobility,Belagavi,Completed,Good,D0422,Rainy,22.5,76.0,26.32,Healthy
EV0423,Mahindra XUV400,Mahindra,2023,39,97.0,2027-03-06 16:15:00,2027-03-06 16:34:00,0.32,Hubli Station 1,Fast,29,12.3,249.0,147.6,City EV,Hubli,Completed,Good,D0423,Rainy,22.5,76.0,26.32,Healthy
EV0424,MG ZS EV,MG,2023,50,99.2,2027-03-07 17:15:00,2027-03-07 17:40:00,0.42,Belagavi Station 2,Fast,36,22.9,276.0,274.8,Eco Drive,Belagavi,Completed,Good,D0424,Cloudy,22.5,76.0,26.32,Healthy
EV0425,Tata Curvv EV,Tata,2023,55,93.9,2027-03-08 22:00:00,2027-03-08 23:03:00,1.05,Bangalore Station 1,Normal,39,20.5,272.0,246,Premium Fleet,Bangalore,Completed,Good,D0425,Rainy,22.5,76.0,26.32,Healthy
EV0426,MG ZS EV,MG,2023,50,97.0,2027-03-09 13:45:00,2027-03-09 14:22:00,0.62,Bangalore Station 1,Fast,27,28.9,97.0,346.8,Green Mobility,Bangalore,Completed,Good,D0426,Sunny,22.5,76.0,26.32,Healthy
EV0427,MG ZS EV,MG,2023,50,97.5,2027-03-10 05:15:00,2027-03-10 05:56:00,0.68,Bangalore Station 2,Normal,30,10.4,324.0,124.8,EV Fleet India,Bangalore,Completed,Good,D0427,Sunny,22.5,76.0,26.32,Healthy
EV0428,Tata Nexon EV,Tata,2023,40,95.0,2027-03-11 00:45:00,2027-03-11 01:51:00,1.1,Mysore Station 1,Normal,33,20.0,66.0,240,Green Mobility,Mysore,Completed,Good,D0428,Cloudy,22.5,76.0,26.32,Healthy
EV0429,BYD Seal,BYD,2023,82,96.4,2027-03-12 10:00:00,2027-03-12 12:55:00,2.92,Mangalore Station 1,Normal,27,50.5,295.0,606,EV Fleet India,Mangalore,Completed,Good,D0429,Rainy,22.5,76.0,26.32,Healthy
EV0430,Tata Curvv EV,Tata,2023,55,99.0,2027-03-13 12:45:00,2027-03-13 13:12:00,0.45,Mysore Station 1,Fast,27,27.4,226.0,328.8,Green Mobility,Mysore,Completed,Good,D0430,Sunny,22.5,76.0,26.32,Healthy
EV0431,Hyundai Kona EV,Hyundai,2023,39,99.6,2027-03-14 18:45:00,2027-03-14 19:01:00,0.27,Hubli Station 1,Fast,33,12.0,165.0,144,Eco Drive,Hubli,Completed,Good,D0431,Rainy,22.5,76.0,26.32,Healthy
EV0432,MG ZS EV,MG,2023,50,99.0,2027-03-15 11:30:00,2027-03-15 13:21:00,1.85,Belagavi Station 2,Normal,31,34.3,191.0,411.6,City EV,Belagavi,Completed,Good,D0432,Cloudy,22.5,76.0,26.32,Healthy
EV0433,Kia EV6,Kia,2023,77,99.6,2027-03-16 11:45:00,2027-03-16 12:17:00,0.53,Bangalore Station 2,Fast,37,23.7,88.0,284.39999999999998,Green Mobility,Bangalore,Completed,Good,D0433,Rainy,22.5,76.0,26.32,Healthy
EV0434,BYD Atto 3,BYD,2023,60,97.5,2027-03-17 06:00:00,2027-03-17 06:59:00,0.98,Belagavi Station 1,Fast,32,46.7,221.0,560.4,Premium Fleet,Belagavi,Completed,Good,D0434,Rainy,22.5,76.0,26.32,Healthy
EV0435,MG ZS EV,MG,2023,50,98.6,2027-03-18 00:15:00,2027-03-18 01:32:00,1.28,Hubli Station 2,Normal,29,23.5,322.0,282,Premium Fleet,Hubli,Completed,Good,D0435,Sunny,22.5,76.0,26.32,Healthy
EV0436,Tata Punch EV,Tata,2023,35,95.1,2027-03-19 15:00:00,2027-03-19 15:16:00,0.27,Mangalore Station 2,Fast,37,16.0,66.0,192,City EV,Mangalore,Completed,Good,D0436,Rainy,22.5,76.0,26.32,Healthy
EV0437,BYD Seal,BYD,2023,82,95.8,2027-03-20 12:45:00,2027-03-20 13:26:00,0.68,Mysore Station 2,Fast,37,35.7,145.0,428.4,City EV,Mysore,Completed,Good,D0437,Rainy,22.5,76.0,26.32,Healthy
EV0438,Kia EV6,Kia,2023,77,94.4,2027-03-21 17:45:00,2027-03-21 20:14:00,2.48,Mysore Station 2,Normal,32,46.1,89.0,553.20000000000005,Eco Drive,Mysore,Completed,Good,D0438,Sunny,22.5,76.0,26.32,Healthy
EV0439,MG Comet EV,MG,2023,17,96.8,2027-03-22 15:15:00,2027-03-22 15:45:00,0.5,Mangalore Station 1,Normal,32,8.9,154.0,106.8,EV Fleet India,Mangalore,Completed,Good,D0439,Sunny,22.5,76.0,26.32,Healthy
EV0440,MG Comet EV,MG,2023,17,94.2,2027-03-23 03:00:00,2027-03-23 03:29:00,0.48,Hubli Station 1,Normal,39,7.3,297.0,87.6,EV Fleet India,Hubli,Completed,Good,D0440,Cloudy,22.5,76.0,26.32,Healthy
EV0441,Tata Nexon EV,Tata,2023,40,99.1,2027-03-24 00:30:00,2027-03-24 01:03:00,0.55,Mysore Station 2,Fast,28,25.9,118.0,310.8,Green Mobility,Mysore,Completed,Good,D0441,Cloudy,22.5,76.0,26.32,Healthy
EV0442,Mahindra XUV400,Mahindra,2023,39,95.8,2027-03-25 04:15:00,2027-03-25 04:40:00,0.42,Mangalore Station 1,Fast,29,24.2,232.0,290.39999999999998,EV Fleet India,Mangalore,Completed,Good,D0442,Cloudy,22.5,76.0,26.32,Healthy
EV0443,MG Comet EV,MG,2023,17,95.4,2027-03-26 05:45:00,2027-03-26 05:59:00,0.23,Belagavi Station 1,Fast,28,11.9,213.0,142.80000000000001,Premium Fleet,Belagavi,Completed,Good,D0443,Sunny,22.5,76.0,26.32,Healthy
EV0444,Tata Curvv EV,Tata,2023,55,94.2,2027-03-27 01:00:00,2027-03-27 03:05:00,2.08,Bangalore Station 1,Normal,34,36.2,241.0,434.4,EV Fleet India,Bangalore,Completed,Good,D0444,Sunny,22.5,76.0,26.32,Healthy
EV0445,Hyundai Kona EV,Hyundai,2023,39,96.5,2027-03-28 10:00:00,2027-03-28 10:33:00,0.55,Hubli Station 1,Fast,32,24.1,338.0,289.2,EV Fleet India,Hubli,Completed,Good,D0445,Rainy,22.5,76.0,26.32,Healthy
EV0446,Hyundai Kona EV,Hyundai,2023,39,97.0,2027-03-29 16:45:00,2027-03-29 17:10:00,0.42,Hubli Station 1,Fast,39,19.3,132.0,231.6,EV Fleet India,Hubli,Completed,Good,D0446,Sunny,22.5,76.0,26.32,Healthy
EV0447,Kia EV6,Kia,2023,77,95.0,2027-03-30 14:45:00,2027-03-30 17:25:00,2.67,Bangalore Station 2,Normal,29,48.7,70.0,584.4,EV Fleet India,Bangalore,Completed,Good,D0447,Rainy,22.5,76.0,26.32,Healthy
EV0448,Tata Curvv EV,Tata,2023,55,96.0,2027-03-31 08:00:00,2027-03-31 08:42:00,0.7,Hubli Station 2,Fast,27,37.8,163.0,453.6,EV Fleet India,Hubli,Completed,Good,D0448,Rainy,22.5,76.0,26.32,Healthy
EV0449,MG ZS EV,MG,2023,50,99.1,2027-04-01 22:30:00,2027-04-01 22:58:00,0.47,Hubli Station 1,Fast,36,22.1,180.0,265.2,Premium Fleet,Hubli,Completed,Good,D0449,Cloudy,22.5,76.0,26.32,Healthy
EV0450,Tata Nexon EV,Tata,2023,40,96.1,2027-04-02 13:00:00,2027-04-02 13:31:00,0.52,Belagavi Station 1,Fast,28,19.5,287.0,234,Eco Drive,Belagavi,Completed,Good,D0450,Rainy,22.5,76.0,26.32,Healthy
EV0451,Kia EV6,Kia,2023,77,97.5,2027-04-03 11:30:00,2027-04-03 14:18:00,2.8,Belagavi Station 2,Normal,37,48.2,145.0,578.4,City EV,Belagavi,Completed,Good,D0451,Rainy,22.5,76.0,26.32,Healthy
EV0452,Hyundai Kona EV,Hyundai,2023,39,96.6,2027-04-04 00:45:00,2027-04-04 02:07:00,1.37,Belagavi Station 1,Normal,38,26.0,238.0,312,Green Mobility,Belagavi,Completed,Good,D0452,Cloudy,22.5,76.0,26.32,Healthy
EV0453,Kia EV6,Kia,2023,77,96.0,2027-04-05 14:45:00,2027-04-05 15:50:00,1.08,Mysore Station 1,Fast,30,52.3,345.0,627.6,Eco Drive,Mysore,Completed,Good,D0453,Sunny,22.5,76.0,26.32,Healthy
EV0454,Kia EV6,Kia,2023,77,97.7,2027-04-06 20:45:00,2027-04-06 21:25:00,0.67,Belagavi Station 1,Fast,30,30.5,341.0,366,City EV,Belagavi,Completed,Good,D0454,Cloudy,22.5,76.0,26.32,Healthy
EV0455,Hyundai Kona EV,Hyundai,2023,39,98.8,2027-04-07 07:15:00,2027-04-07 08:11:00,0.93,Bangalore Station 2,Normal,38,14.8,299.0,177.6,City EV,Bangalore,Completed,Good,D0455,Sunny,22.5,76.0,26.32,Healthy
EV0456,Hyundai Kona EV,Hyundai,2023,39,95.9,2027-04-08 01:30:00,2027-04-08 02:28:00,0.97,Hubli Station 1,Normal,32,16.6,84.0,199.2,Premium Fleet,Hubli,Completed,Good,D0456,Rainy,22.5,76.0,26.32,Healthy
EV0457,MG ZS EV,MG,2023,50,98.7,2027-04-09 13:15:00,2027-04-09 13:48:00,0.55,Mangalore Station 1,Fast,28,32.2,170.0,386.4,Eco Drive,Mangalore,Completed,Good,D0457,Sunny,22.5,76.0,26.32,Healthy
EV0458,Tata Curvv EV,Tata,2023,55,95.0,2027-04-10 11:45:00,2027-04-10 13:15:00,1.5,Bangalore Station 2,Normal,38,26.5,101.0,318,EV Fleet India,Bangalore,Completed,Good,D0458,Cloudy,22.5,76.0,26.32,Healthy
EV0459,Tata Nexon EV,Tata,2023,40,99.5,2027-04-11 14:00:00,2027-04-11 14:09:00,0.15,Bangalore Station 2,Fast,31,10.3,337.0,123.6,City EV,Bangalore,Completed,Good,D0459,Rainy,22.5,76.0,26.32,Healthy
EV0460,Tata Punch EV,Tata,2023,35,96.8,2027-04-12 12:30:00,2027-04-12 12:39:00,0.15,Mangalore Station 1,Fast,30,11.8,215.0,141.6,Premium Fleet,Mangalore,Completed,Good,D0460,Sunny,22.5,76.0,26.32,Healthy
EV0461,MG ZS EV,MG,2023,50,94.5,2027-04-13 19:00:00,2027-04-13 19:17:00,0.28,Mangalore Station 2,Fast,39,14.8,73.0,177.6,Eco Drive,Mangalore,Completed,Good,D0461,Cloudy,22.5,76.0,26.32,Healthy
EV0462,Tata Nexon EV,Tata,2023,40,93.7,2027-04-14 08:00:00,2027-04-14 09:31:00,1.52,Mysore Station 2,Normal,33,27.0,111.0,324,City EV,Mysore,Completed,Good,D0462,Cloudy,22.5,76.0,26.32,Healthy
EV0463,Mahindra XUV400,Mahindra,2023,39,98.7,2027-04-15 00:15:00,2027-04-15 00:40:00,0.42,Hubli Station 1,Fast,32,16.5,214.0,198,Eco Drive,Hubli,Completed,Good,D0463,Cloudy,22.5,76.0,26.32,Healthy
EV0464,BYD Seal,BYD,2023,82,98.0,2027-04-16 07:15:00,2027-04-16 08:11:00,0.93,Belagavi Station 1,Fast,38,44.8,170.0,537.6,EV Fleet India,Belagavi,Completed,Good,D0464,Sunny,22.5,76.0,26.32,Healthy
EV0465,BYD Seal,BYD,2023,82,96.1,2027-04-17 18:45:00,2027-04-17 19:25:00,0.67,Mangalore Station 2,Fast,38,33.2,94.0,398.4,Eco Drive,Mangalore,Completed,Good,D0465,Sunny,22.5,76.0,26.32,Healthy
EV0466,MG Comet EV,MG,2023,17,93.7,2027-04-18 09:30:00,2027-04-18 10:10:00,0.67,Bangalore Station 2,Normal,30,12.0,286.0,144,City EV,Bangalore,Completed,Good,D0466,Cloudy,22.5,76.0,26.32,Healthy
EV0467,MG Comet EV,MG,2023,17,98.7,2027-04-19 08:15:00,2027-04-19 08:51:00,0.6,Belagavi Station 2,Normal,39,9.7,315.0,116.4,City EV,Belagavi,Completed,Good,D0467,Cloudy,22.5,76.0,26.32,Healthy
EV0468,MG Comet EV,MG,2023,17,97.2,2027-04-20 17:45:00,2027-04-20 18:05:00,0.33,Belagavi Station 1,Fast,31,10.6,213.0,127.2,Premium Fleet,Belagavi,Completed,Good,D0468,Sunny,22.5,76.0,26.32,Healthy
EV0469,BYD Seal,BYD,2023,82,97.5,2027-04-21 03:15:00,2027-04-21 03:58:00,0.72,Bangalore Station 1,Fast,28,35.9,275.0,430.8,Green Mobility,Bangalore,Completed,Good,D0469,Sunny,22.5,76.0,26.32,Healthy
EV0470,BYD Atto 3,BYD,2023,60,94.0,2027-04-22 01:30:00,2027-04-22 01:58:00,0.47,Belagavi Station 1,Fast,27,22.6,196.0,271.2,Premium Fleet,Belagavi,Completed,Good,D0470,Rainy,22.5,76.0,26.32,Healthy
EV0471,MG ZS EV,MG,2023,50,96.8,2027-04-23 20:45:00,2027-04-23 21:14:00,0.48,Mysore Station 1,Fast,31,19.1,66.0,229.2,EV Fleet India,Mysore,Completed,Good,D0471,Rainy,22.5,76.0,26.32,Healthy
EV0472,BYD Seal,BYD,2023,82,96.3,2027-04-24 14:45:00,2027-04-24 18:01:00,3.27,Mysore Station 2,Normal,37,56.8,94.0,681.6,City EV,Mysore,Completed,Good,D0472,Rainy,22.5,76.0,26.32,Healthy
EV0473,BYD Atto 3,BYD,2023,60,94.6,2027-04-25 01:30:00,2027-04-25 01:50:00,0.33,Mysore Station 2,Fast,36,18.9,235.0,226.8,City EV,Mysore,Completed,Good,D0473,Sunny,22.5,76.0,26.32,Healthy
EV0474,Tata Curvv EV,Tata,2023,55,98.4,2027-04-26 11:00:00,2027-04-26 12:55:00,1.92,Mangalore Station 1,Normal,38,35.1,140.0,421.2,Eco Drive,Mangalore,Completed,Good,D0474,Rainy,22.5,76.0,26.32,Healthy
EV0475,Kia EV6,Kia,2023,77,98.3,2027-04-27 20:45:00,2027-04-27 21:52:00,1.12,Belagavi Station 1,Fast,28,54.9,69.0,658.8,City EV,Belagavi,Completed,Good,D0475,Sunny,22.5,76.0,26.32,Healthy
EV0476,Tata Punch EV,Tata,2023,35,98.0,2027-04-28 20:45:00,2027-04-28 21:56:00,1.18,Mangalore Station 2,Normal,32,20.5,197.0,246,Eco Drive,Mangalore,Completed,Good,D0476,Sunny,22.5,76.0,26.32,Healthy
EV0477,MG ZS EV,MG,2023,50,98.7,2027-04-29 15:30:00,2027-04-29 16:05:00,0.58,Belagavi Station 2,Fast,33,30.4,324.0,364.8,Premium Fleet,Belagavi,Completed,Good,D0477,Rainy,22.5,76.0,26.32,Healthy
EV0478,Hyundai Kona EV,Hyundai,2023,39,97.6,2027-04-30 07:30:00,2027-04-30 08:02:00,0.53,Mangalore Station 2,Fast,29,28.1,251.0,337.2,EV Fleet India,Mangalore,Completed,Good,D0478,Cloudy,22.5,76.0,26.32,Healthy
EV0479,Tata Nexon EV,Tata,2023,40,98.1,2027-05-01 09:15:00,2027-05-01 09:35:00,0.33,Hubli Station 1,Fast,36,14.3,234.0,171.6,City EV,Hubli,Completed,Good,D0479,Sunny,22.5,76.0,26.32,Healthy
EV0480,BYD Atto 3,BYD,2023,60,96.6,2027-05-02 02:15:00,2027-05-02 02:45:00,0.5,Bangalore Station 1,Fast,27,23.9,68.0,286.8,EV Fleet India,Bangalore,Completed,Good,D0480,Sunny,22.5,76.0,26.32,Healthy
EV0481,MG Comet EV,MG,2023,17,96.4,2027-05-03 15:30:00,2027-05-03 15:38:00,0.13,Mangalore Station 1,Fast,31,10.8,302.0,129.6,Eco Drive,Mangalore,Completed,Good,D0481,Cloudy,22.5,76.0,26.32,Healthy
EV0482,Tata Curvv EV,Tata,2023,55,95.7,2027-05-04 21:30:00,2027-05-04 23:01:00,1.52,Mysore Station 1,Normal,32,25.4,220.0,304.8,Eco Drive,Mysore,Completed,Good,D0482,Sunny,22.5,76.0,26.32,Healthy
EV0483,MG Comet EV,MG,2023,17,98.3,2027-05-05 15:15:00,2027-05-05 15:30:00,0.25,Bangalore Station 1,Fast,34,13.3,243.0,159.6,Premium Fleet,Bangalore,Completed,Good,D0483,Rainy,22.5,76.0,26.32,Healthy
EV0484,BYD Atto 3,BYD,2023,60,97.3,2027-05-06 13:45:00,2027-05-06 14:19:00,0.57,Hubli Station 1,Fast,28,30.8,331.0,369.6,Eco Drive,Hubli,Completed,Good,D0484,Sunny,22.5,76.0,26.32,Healthy
EV0485,Tata Punch EV,Tata,2023,35,97.4,2027-05-07 23:45:00,2027-05-08 00:12:00,0.45,Mysore Station 1,Fast,33,19.6,266.0,235.2,Eco Drive,Mysore,Completed,Good,D0485,Cloudy,22.5,76.0,26.32,Healthy
EV0486,Tata Nexon EV,Tata,2023,40,99.5,2027-05-08 21:00:00,2027-05-08 21:19:00,0.32,Hubli Station 1,Fast,31,19.0,266.0,228,Eco Drive,Hubli,Completed,Good,D0486,Rainy,22.5,76.0,26.32,Healthy
EV0487,Tata Punch EV,Tata,2023,35,95.9,2027-05-09 05:00:00,2027-05-09 05:14:00,0.23,Mysore Station 2,Fast,32,11.9,204.0,142.80000000000001,Eco Drive,Mysore,Completed,Good,D0487,Sunny,22.5,76.0,26.32,Healthy
EV0488,Tata Punch EV,Tata,2023,35,94.8,2027-05-10 09:45:00,2027-05-10 09:55:00,0.17,Hubli Station 1,Fast,29,9.8,167.0,117.6,Premium Fleet,Hubli,Completed,Good,D0488,Cloudy,22.5,76.0,26.32,Healthy
EV0489,BYD Seal,BYD,2023,82,94.1,2027-05-11 12:45:00,2027-05-11 13:51:00,1.1,Mysore Station 1,Fast,38,55.6,160.0,667.2,Green Mobility,Mysore,Completed,Good,D0489,Cloudy,22.5,76.0,26.32,Healthy
EV0490,BYD Atto 3,BYD,2023,60,97.5,2027-05-12 09:30:00,2027-05-12 12:14:00,2.73,Belagavi Station 1,Normal,38,47.6,100.0,571.20000000000005,City EV,Belagavi,Completed,Good,D0490,Sunny,22.5,76.0,26.32,Healthy
EV0491,BYD Seal,BYD,2023,82,96.7,2027-05-13 17:45:00,2027-05-13 18:30:00,0.75,Hubli Station 1,Fast,39,31.7,187.0,380.4,Green Mobility,Hubli,Completed,Good,D0491,Rainy,22.5,76.0,26.32,Healthy
EV0492,BYD Seal,BYD,2023,82,96.2,2027-05-14 03:15:00,2027-05-14 04:11:00,0.93,Mangalore Station 2,Fast,33,41.2,233.0,494.4,Eco Drive,Mangalore,Completed,Good,D0492,Sunny,22.5,76.0,26.32,Healthy
EV0493,Tata Nexon EV,Tata,2023,40,97.8,2027-05-15 06:45:00,2027-05-15 08:04:00,1.32,Mysore Station 1,Normal,34,22.0,169.0,264,City EV,Mysore,Completed,Good,D0493,Cloudy,22.5,76.0,26.32,Healthy
EV0494,Tata Nexon EV,Tata,2023,40,95.0,2027-05-16 10:00:00,2027-05-16 10:24:00,0.4,Bangalore Station 1,Fast,27,16.2,65.0,194.4,City EV,Bangalore,Completed,Good,D0494,Sunny,22.5,76.0,26.32,Healthy
EV0495,Tata Curvv EV,Tata,2023,55,98.3,2027-05-17 11:45:00,2027-05-17 13:36:00,1.85,Mangalore Station 2,Normal,34,34.3,98.0,411.6,EV Fleet India,Mangalore,Completed,Good,D0495,Cloudy,22.5,76.0,26.32,Healthy
EV0496,Tata Curvv EV,Tata,2023,55,97.8,2027-05-18 22:30:00,2027-05-18 23:56:00,1.43,Mysore Station 1,Normal,30,24.9,260.0,298.8,City EV,Mysore,Completed,Good,D0496,Cloudy,22.5,76.0,26.32,Healthy
EV0497,BYD Seal,BYD,2023,82,97.2,2027-05-19 10:15:00,2027-05-19 13:55:00,3.67,Bangalore Station 1,Normal,31,66.0,68.0,792,Green Mobility,Bangalore,Completed,Good,D0497,Rainy,22.5,76.0,26.32,Healthy
EV0498,Tata Curvv EV,Tata,2023,55,98.8,2027-05-20 22:45:00,2027-05-21 00:20:00,1.58,Hubli Station 2,Normal,28,28.2,248.0,338.4,EV Fleet India,Hubli,Completed,Good,D0498,Cloudy,22.5,76.0,26.32,Healthy
EV0499,MG ZS EV,MG,2023,50,98.3,2027-05-21 21:45:00,2027-05-21 22:44:00,0.98,Bangalore Station 1,Normal,28,15.9,95.0,190.8,EV Fleet India,Bangalore,Completed,Good,D0499,Rainy,22.5,76.0,26.32,Healthy
EV0500,BYD Atto 3,BYD,2023,60,97.9,2027-05-22 13:30:00,2027-05-22 14:25:00,0.92,Belagavi Station 1,Normal,30,18.2,93.0,218.4,EV Fleet India,Belagavi,Completed,Good,D0500,Cloudy,22.5,76.0,26.32,Healthy
EV0501,Kia EV6,Kia,2023,77,97.0,2027-05-23 12:00:00,2027-05-23 13:15:00,1.25,Bangalore Station 2,Fast,38,58.6,187.0,703.2,Premium Fleet,Bangalore,Completed,Good,D0501,Cloudy,22.5,76.0,26.32,Healthy
EV0502,BYD Atto 3,BYD,2023,60,96.8,2027-05-24 16:45:00,2027-05-24 18:27:00,1.7,Belagavi Station 2,Normal,37,30.3,172.0,363.6,Green Mobility,Belagavi,Completed,Good,D0502,Sunny,22.5,76.0,26.32,Healthy
EV0503,MG ZS EV,MG,2023,50,95.4,2027-05-25 03:30:00,2027-05-25 04:56:00,1.43,Mysore Station 1,Normal,32,26.5,152.0,318,EV Fleet India,Mysore,Completed,Good,D0503,Cloudy,22.5,76.0,26.32,Healthy
EV0504,Mahindra XUV400,Mahindra,2023,39,97.7,2027-05-26 04:15:00,2027-05-26 04:45:00,0.5,Hubli Station 2,Fast,32,22.3,343.0,267.60000000000002,Green Mobility,Hubli,Completed,Good,D0504,Rainy,22.5,76.0,26.32,Healthy
EV0505,Hyundai Kona EV,Hyundai,2023,39,99.5,2027-05-27 06:45:00,2027-05-27 07:55:00,1.17,Hubli Station 1,Normal,37,18.8,152.0,225.6,City EV,Hubli,Completed,Good,D0505,Sunny,22.5,76.0,26.32,Healthy
EV0506,BYD Seal,BYD,2023,82,95.7,2027-05-28 18:45:00,2027-05-28 21:33:00,2.8,Hubli Station 2,Normal,34,48.0,209.0,576,EV Fleet India,Hubli,Completed,Good,D0506,Cloudy,22.5,76.0,26.32,Healthy
EV0507,BYD Atto 3,BYD,2023,60,98.8,2027-05-29 07:30:00,2027-05-29 08:16:00,0.77,Mysore Station 1,Fast,38,39.8,239.0,477.6,Green Mobility,Mysore,Completed,Good,D0507,Cloudy,22.5,76.0,26.32,Healthy
EV0508,MG Comet EV,MG,2023,17,95.2,2027-05-30 03:45:00,2027-05-30 03:57:00,0.2,Hubli Station 2,Fast,27,6.6,289.0,79.2,Eco Drive,Hubli,Completed,Good,D0508,Rainy,22.5,76.0,26.32,Healthy
EV0509,MG ZS EV,MG,2023,50,97.2,2027-05-31 11:30:00,2027-05-31 12:23:00,0.88,Mangalore Station 2,Normal,36,15.7,332.0,188.4,EV Fleet India,Mangalore,Completed,Good,D0509,Rainy,22.5,76.0,26.32,Healthy
EV0510,Tata Curvv EV,Tata,2023,55,98.5,2027-06-01 22:45:00,2027-06-01 23:23:00,0.63,Hubli Station 2,Fast,35,36.2,158.0,434.4,Premium Fleet,Hubli,Completed,Good,D0510,Cloudy,22.5,76.0,26.32,Healthy
EV0511,MG Comet EV,MG,2023,17,97.5,2027-06-02 23:45:00,2027-06-03 00:05:00,0.33,Mangalore Station 1,Fast,29,13.0,264.0,156,Premium Fleet,Mangalore,Completed,Good,D0511,Rainy,22.5,76.0,26.32,Healthy
EV0512,MG ZS EV,MG,2023,50,96.3,2027-06-03 17:00:00,2027-06-03 17:40:00,0.67,Belagavi Station 2,Fast,29,31.3,331.0,375.6,Premium Fleet,Belagavi,Completed,Good,D0512,Cloudy,22.5,76.0,26.32,Healthy
EV0513,Tata Curvv EV,Tata,2023,55,96.9,2027-06-04 17:00:00,2027-06-04 17:30:00,0.5,Belagavi Station 2,Fast,38,25.8,176.0,309.60000000000002,EV Fleet India,Belagavi,Completed,Good,D0513,Rainy,22.5,76.0,26.32,Healthy
EV0514,Kia EV6,Kia,2023,77,99.4,2027-06-05 13:00:00,2027-06-05 14:15:00,1.25,Bangalore Station 1,Fast,36,63.0,162.0,756,EV Fleet India,Bangalore,Completed,Good,D0514,Sunny,22.5,76.0,26.32,Healthy
EV0515,Tata Curvv EV,Tata,2023,55,98.3,2027-06-06 20:00:00,2027-06-06 21:34:00,1.57,Bangalore Station 1,Normal,29,28.1,169.0,337.2,Premium Fleet,Bangalore,Completed,Good,D0515,Cloudy,22.5,76.0,26.32,Healthy
EV0516,BYD Seal,BYD,2023,82,97.4,2027-06-07 15:30:00,2027-06-07 16:00:00,0.5,Mangalore Station 2,Fast,34,18.6,173.0,223.2,Eco Drive,Mangalore,Completed,Good,D0516,Sunny,22.5,76.0,26.32,Healthy
EV0517,MG ZS EV,MG,2023,50,96.3,2027-06-08 10:45:00,2027-06-08 11:37:00,0.87,Bangalore Station 2,Normal,28,17.4,250.0,208.8,Green Mobility,Bangalore,Completed,Good,D0517,Cloudy,22.5,76.0,26.32,Healthy
EV0518,MG ZS EV,MG,2023,50,99.2,2027-06-09 06:30:00,2027-06-09 08:09:00,1.65,Bangalore Station 1,Normal,29,31.2,121.0,374.4,EV Fleet India,Bangalore,Completed,Good,D0518,Rainy,22.5,76.0,26.32,Healthy
EV0519,Mahindra XUV400,Mahindra,2023,39,94.2,2027-06-10 04:30:00,2027-06-10 04:56:00,0.43,Mangalore Station 2,Fast,39,18.1,314.0,217.2,Eco Drive,Mangalore,Completed,Good,D0519,Sunny,22.5,76.0,26.32,Healthy
EV0520,BYD Atto 3,BYD,2023,60,94.9,2027-06-11 10:30:00,2027-06-11 11:02:00,0.53,Hubli Station 2,Fast,36,27.5,161.0,330,Eco Drive,Hubli,Completed,Good,D0520,Cloudy,22.5,76.0,26.32,Healthy
EV0521,Tata Curvv EV,Tata,2023,55,94.8,2027-06-12 09:00:00,2027-06-12 09:32:00,0.53,Mangalore Station 2,Fast,33,26.5,304.0,318,EV Fleet India,Mangalore,Completed,Good,D0521,Sunny,22.5,76.0,26.32,Healthy
EV0522,MG ZS EV,MG,2023,50,98.3,2027-06-13 20:15:00,2027-06-13 20:51:00,0.6,Hubli Station 1,Fast,31,34.4,186.0,412.8,Eco Drive,Hubli,Completed,Good,D0522,Sunny,22.5,76.0,26.32,Healthy
EV0523,MG Comet EV,MG,2023,17,94.7,2027-06-14 03:30:00,2027-06-14 03:35:00,0.08,Hubli Station 2,Fast,33,4.2,340.0,50.4,Premium Fleet,Hubli,Completed,Good,D0523,Cloudy,22.5,76.0,26.32,Healthy
EV0524,Hyundai Kona EV,Hyundai,2023,39,98.9,2027-06-15 06:30:00,2027-06-15 07:56:00,1.43,Bangalore Station 2,Normal,30,23.9,288.0,286.8,Green Mobility,Bangalore,Completed,Good,D0524,Rainy,22.5,76.0,26.32,Healthy
EV0525,Tata Nexon EV,Tata,2023,40,97.9,2027-06-16 01:30:00,2027-06-16 02:37:00,1.12,Belagavi Station 2,Normal,29,19.2,249.0,230.4,Green Mobility,Belagavi,Completed,Good,D0525,Cloudy,22.5,76.0,26.32,Healthy
EV0526,Tata Nexon EV,Tata,2023,40,97.1,2027-06-17 03:45:00,2027-06-17 05:04:00,1.32,Mangalore Station 1,Normal,36,23.4,193.0,280.8,Premium Fleet,Mangalore,Completed,Good,D0526,Rainy,22.5,76.0,26.32,Healthy
EV0527,Hyundai Kona EV,Hyundai,2023,39,94.6,2027-06-18 21:00:00,2027-06-18 21:42:00,0.7,Belagavi Station 1,Fast,30,30.9,88.0,370.8,Green Mobility,Belagavi,Completed,Good,D0527,Rainy,22.5,76.0,26.32,Healthy
EV0528,BYD Atto 3,BYD,2023,60,96.1,2027-06-19 10:45:00,2027-06-19 12:36:00,1.85,Mysore Station 2,Normal,36,33.5,109.0,402,EV Fleet India,Mysore,Completed,Good,D0528,Cloudy,22.5,76.0,26.32,Healthy
EV0529,Kia EV6,Kia,2023,77,98.8,2027-06-20 17:00:00,2027-06-20 20:12:00,3.2,Hubli Station 1,Normal,34,57.9,147.0,694.8,Eco Drive,Hubli,Completed,Good,D0529,Sunny,22.5,76.0,26.32,Healthy
EV0530,MG Comet EV,MG,2023,17,95.2,2027-06-21 00:45:00,2027-06-21 01:09:00,0.4,Hubli Station 2,Normal,36,8.1,115.0,97.2,Green Mobility,Hubli,Completed,Good,D0530,Sunny,22.5,76.0,26.32,Healthy
EV0531,Kia EV6,Kia,2023,77,94.2,2027-06-22 03:45:00,2027-06-22 04:34:00,0.82,Belagavi Station 2,Fast,36,41.6,194.0,499.2,Eco Drive,Belagavi,Completed,Good,D0531,Rainy,22.5,76.0,26.32,Healthy
EV0532,Tata Nexon EV,Tata,2023,40,94.9,2027-06-23 04:45:00,2027-06-23 05:19:00,0.57,Mangalore Station 1,Fast,37,29.4,76.0,352.8,Premium Fleet,Mangalore,Completed,Good,D0532,Rainy,22.5,76.0,26.32,Healthy
EV0533,Kia EV6,Kia,2023,77,97.4,2027-06-24 12:30:00,2027-06-24 13:36:00,1.1,Mangalore Station 2,Fast,28,49.1,137.0,589.20000000000005,Eco Drive,Mangalore,Completed,Good,D0533,Cloudy,22.5,76.0,26.32,Healthy
EV0534,MG ZS EV,MG,2023,50,98.0,2027-06-25 21:45:00,2027-06-25 22:07:00,0.37,Mangalore Station 1,Fast,38,13.3,117.0,159.6,Green Mobility,Mangalore,Completed,Good,D0534,Rainy,22.5,76.0,26.32,Healthy
EV0535,MG ZS EV,MG,2023,50,94.0,2027-06-26 05:30:00,2027-06-26 06:42:00,1.2,Mangalore Station 1,Normal,38,22.5,141.0,270,City EV,Mangalore,Completed,Good,D0535,Cloudy,22.5,76.0,26.32,Healthy
EV0536,Tata Nexon EV,Tata,2023,40,99.2,2027-06-27 06:15:00,2027-06-27 06:57:00,0.7,Mysore Station 1,Normal,34,14.1,333.0,169.2,Eco Drive,Mysore,Completed,Good,D0536,Sunny,22.5,76.0,26.32,Healthy
EV0537,Tata Curvv EV,Tata,2023,55,97.2,2027-06-28 19:15:00,2027-06-28 19:35:00,0.33,Bangalore Station 1,Fast,32,17.5,291.0,210,Premium Fleet,Bangalore,Completed,Good,D0537,Rainy,22.5,76.0,26.32,Healthy
EV0538,Tata Nexon EV,Tata,2023,40,94.7,2027-06-29 08:45:00,2027-06-29 10:20:00,1.58,Mangalore Station 1,Normal,34,28.5,107.0,342,Green Mobility,Mangalore,Completed,Good,D0538,Rainy,22.5,76.0,26.32,Healthy
EV0539,Hyundai Kona EV,Hyundai,2023,39,98.0,2027-06-30 15:45:00,2027-06-30 16:07:00,0.37,Hubli Station 1,Fast,30,22.8,62.0,273.60000000000002,City EV,Hubli,Completed,Good,D0539,Cloudy,22.5,76.0,26.32,Healthy
EV0540,BYD Atto 3,BYD,2023,60,96.9,2027-07-01 04:00:00,2027-07-01 04:43:00,0.72,Belagavi Station 2,Fast,34,33.9,295.0,406.8,Green Mobility,Belagavi,Completed,Good,D0540,Cloudy,22.5,76.0,26.32,Healthy
EV0541,MG ZS EV,MG,2023,50,97.0,2027-07-02 03:45:00,2027-07-02 04:29:00,0.73,Mysore Station 1,Fast,34,35.0,336.0,420,Green Mobility,Mysore,Completed,Good,D0541,Sunny,22.5,76.0,26.32,Healthy
EV0542,MG ZS EV,MG,2023,50,97.1,2027-07-03 13:00:00,2027-07-03 14:50:00,1.83,Bangalore Station 1,Normal,34,32.7,248.0,392.4,City EV,Bangalore,Completed,Good,D0542,Sunny,22.5,76.0,26.32,Healthy
EV0543,Kia EV6,Kia,2023,77,98.0,2027-07-04 11:45:00,2027-07-04 12:52:00,1.12,Belagavi Station 1,Fast,31,54.9,292.0,658.8,Premium Fleet,Belagavi,Completed,Good,D0543,Sunny,22.5,76.0,26.32,Healthy
EV0544,BYD Seal,BYD,2023,82,99.0,2027-07-05 21:45:00,2027-07-05 22:20:00,0.58,Mysore Station 1,Fast,30,24.1,275.0,289.2,EV Fleet India,Mysore,Completed,Good,D0544,Sunny,22.5,76.0,26.32,Healthy
EV0545,Hyundai Kona EV,Hyundai,2023,39,96.5,2027-07-06 09:45:00,2027-07-06 10:21:00,0.6,Belagavi Station 1,Fast,38,26.6,114.0,319.2,Eco Drive,Belagavi,Completed,Good,D0545,Sunny,22.5,76.0,26.32,Healthy
EV0546,MG ZS EV,MG,2023,50,93.8,2027-07-07 00:00:00,2027-07-07 00:37:00,0.62,Mangalore Station 1,Fast,34,32.3,200.0,387.6,Eco Drive,Mangalore,Completed,Good,D0546,Cloudy,22.5,76.0,26.32,Healthy
EV0547,BYD Seal,BYD,2023,82,98.9,2027-07-08 05:00:00,2027-07-08 05:38:00,0.63,Bangalore Station 2,Fast,30,32.9,289.0,394.8,Eco Drive,Bangalore,Completed,Good,D0547,Cloudy,22.5,76.0,26.32,Healthy
EV0548,BYD Atto 3,BYD,2023,60,96.3,2027-07-09 05:15:00,2027-07-09 06:56:00,1.68,Belagavi Station 2,Normal,31,29.5,175.0,354,Green Mobility,Belagavi,Completed,Good,D0548,Cloudy,22.5,76.0,26.32,Healthy
EV0549,Kia EV6,Kia,2023,77,94.2,2027-07-10 21:30:00,2027-07-10 23:37:00,2.12,Belagavi Station 2,Normal,32,36.9,295.0,442.8,Premium Fleet,Belagavi,Completed,Good,D0549,Cloudy,22.5,76.0,26.32,Healthy
EV0550,BYD Atto 3,BYD,2023,60,98.6,2027-07-11 13:00:00,2027-07-11 15:30:00,2.5,Mysore Station 1,Normal,36,44.2,120.0,530.4,Green Mobility,Mysore,Completed,Good,D0550,Sunny,22.5,76.0,26.32,Healthy
EV0551,MG ZS EV,MG,2023,50,94.3,2027-07-12 11:15:00,2027-07-12 12:26:00,1.18,Belagavi Station 1,Normal,38,22.7,214.0,272.39999999999998,Green Mobility,Belagavi,Completed,Good,D0551,Rainy,22.5,76.0,26.32,Healthy
EV0552,MG Comet EV,MG,2023,17,97.7,2027-07-13 06:45:00,2027-07-13 06:55:00,0.17,Hubli Station 2,Fast,33,11.1,192.0,133.19999999999999,EV Fleet India,Hubli,Completed,Good,D0552,Rainy,22.5,76.0,26.32,Healthy
EV0553,Tata Punch EV,Tata,2023,35,94.3,2027-07-14 02:45:00,2027-07-14 02:51:00,0.1,Mysore Station 1,Fast,30,7.7,160.0,92.4,Green Mobility,Mysore,Completed,Good,D0553,Rainy,22.5,76.0,26.32,Healthy
EV0554,BYD Atto 3,BYD,2023,60,94.4,2027-07-15 03:00:00,2027-07-15 03:50:00,0.83,Belagavi Station 2,Fast,29,44.1,233.0,529.20000000000005,Eco Drive,Belagavi,Completed,Good,D0554,Cloudy,22.5,76.0,26.32,Healthy
EV0555,Kia EV6,Kia,2023,77,96.6,2027-07-16 02:00:00,2027-07-16 02:39:00,0.65,Hubli Station 2,Fast,31,37.1,299.0,445.2,City EV,Hubli,Completed,Good,D0555,Sunny,22.5,76.0,26.32,Healthy
EV0556,MG Comet EV,MG,2023,17,96.6,2027-07-17 11:15:00,2027-07-17 11:31:00,0.27,Hubli Station 2,Fast,27,10.5,237.0,126,Green Mobility,Hubli,Completed,Good,D0556,Sunny,22.5,76.0,26.32,Healthy
EV0557,Kia EV6,Kia,2023,77,97.2,2027-07-18 05:15:00,2027-07-18 07:23:00,2.13,Mysore Station 1,Normal,28,37.1,182.0,445.2,Eco Drive,Mysore,Completed,Good,D0557,Cloudy,22.5,76.0,26.32,Healthy
EV0558,Kia EV6,Kia,2023,77,98.5,2027-07-19 00:30:00,2027-07-19 01:09:00,0.65,Belagavi Station 2,Fast,30,37.4,80.0,448.8,Eco Drive,Belagavi,Completed,Good,D0558,Sunny,22.5,76.0,26.32,Healthy
EV0559,Mahindra XUV400,Mahindra,2023,39,93.8,2027-07-20 11:45:00,2027-07-20 12:06:00,0.35,Belagavi Station 2,Fast,37,20.5,334.0,246,Eco Drive,Belagavi,Completed,Good,D0559,Rainy,22.5,76.0,26.32,Healthy
EV0560,Tata Curvv EV,Tata,2023,55,96.2,2027-07-21 05:00:00,2027-07-21 05:44:00,0.73,Mysore Station 1,Normal,32,13.7,189.0,164.4,Premium Fleet,Mysore,Completed,Good,D0560,Sunny,22.5,76.0,26.32,Healthy
EV0561,Mahindra XUV400,Mahindra,2023,39,96.8,2027-07-22 16:30:00,2027-07-22 16:46:00,0.27,Hubli Station 1,Fast,35,10.7,94.0,128.4,EV Fleet India,Hubli,Completed,Good,D0561,Cloudy,22.5,76.0,26.32,Healthy
EV0562,Kia EV6,Kia,2023,77,93.9,2027-07-23 17:30:00,2027-07-23 18:29:00,0.98,Belagavi Station 1,Fast,37,54.1,107.0,649.20000000000005,Green Mobility,Belagavi,Completed,Good,D0562,Sunny,22.5,76.0,26.32,Healthy
EV0563,MG ZS EV,MG,2023,50,97.0,2027-07-24 16:30:00,2027-07-24 17:45:00,1.25,Belagavi Station 1,Normal,33,20.6,123.0,247.2,Green Mobility,Belagavi,Completed,Good,D0563,Sunny,22.5,76.0,26.32,Healthy
EV0564,Tata Nexon EV,Tata,2023,40,96.3,2027-07-25 23:15:00,2027-07-25 23:46:00,0.52,Belagavi Station 2,Fast,35,24.8,259.0,297.60000000000002,Premium Fleet,Belagavi,Completed,Good,D0564,Rainy,22.5,76.0,26.32,Healthy
EV0565,Hyundai Kona EV,Hyundai,2023,39,97.7,2027-07-26 02:45:00,2027-07-26 03:29:00,0.73,Bangalore Station 1,Normal,27,13.1,226.0,157.19999999999999,Eco Drive,Bangalore,Completed,Good,D0565,Rainy,22.5,76.0,26.32,Healthy
EV0566,Tata Punch EV,Tata,2023,35,95.9,2027-07-27 23:45:00,2027-07-28 00:06:00,0.35,Bangalore Station 2,Fast,34,15.5,212.0,186,Premium Fleet,Bangalore,Completed,Good,D0566,Sunny,22.5,76.0,26.32,Healthy
EV0567,Tata Curvv EV,Tata,2023,55,97.0,2027-07-28 01:15:00,2027-07-28 03:05:00,1.83,Mangalore Station 2,Normal,27,33.5,201.0,402,EV Fleet India,Mangalore,Completed,Good,D0567,Sunny,22.5,76.0,26.32,Healthy
EV0568,Tata Nexon EV,Tata,2023,40,97.6,2027-07-29 12:00:00,2027-07-29 13:11:00,1.18,Mysore Station 1,Normal,39,19.9,304.0,238.8,Eco Drive,Mysore,Completed,Good,D0568,Rainy,22.5,76.0,26.32,Healthy
EV0569,Mahindra XUV400,Mahindra,2023,39,99.5,2027-07-30 23:00:00,2027-07-30 23:16:00,0.27,Mangalore Station 2,Fast,33,14.3,324.0,171.6,Premium Fleet,Mangalore,Completed,Good,D0569,Sunny,22.5,76.0,26.32,Healthy
EV0570,BYD Seal,BYD,2023,82,95.5,2027-07-31 04:15:00,2027-07-31 05:28:00,1.22,Hubli Station 2,Fast,32,62.6,110.0,751.2,City EV,Hubli,Completed,Good,D0570,Cloudy,22.5,76.0,26.32,Healthy
EV0571,Tata Punch EV,Tata,2023,35,94.4,2027-08-01 16:15:00,2027-08-01 16:55:00,0.67,Bangalore Station 2,Normal,37,13.3,62.0,159.6,Eco Drive,Bangalore,Completed,Good,D0571,Rainy,22.5,76.0,26.32,Healthy
EV0572,Kia EV6,Kia,2023,77,96.0,2027-08-02 00:15:00,2027-08-02 01:00:00,0.75,Bangalore Station 1,Fast,30,34.7,338.0,416.4,Eco Drive,Bangalore,Completed,Good,D0572,Sunny,22.5,76.0,26.32,Healthy
EV0573,BYD Seal,BYD,2023,82,98.3,2027-08-03 06:45:00,2027-08-03 09:20:00,2.58,Hubli Station 2,Normal,33,46.2,195.0,554.4,EV Fleet India,Hubli,Completed,Good,D0573,Cloudy,22.5,76.0,26.32,Healthy
EV0574,BYD Seal,BYD,2023,82,95.0,2027-08-04 12:00:00,2027-08-04 14:28:00,2.47,Mangalore Station 1,Normal,38,45.5,77.0,546,Eco Drive,Mangalore,Completed,Good,D0574,Rainy,22.5,76.0,26.32,Healthy
EV0575,Tata Punch EV,Tata,2023,35,93.8,2027-08-05 05:45:00,2027-08-05 06:45:00,1.0,Mysore Station 2,Normal,32,19.4,113.0,232.8,Premium Fleet,Mysore,Completed,Good,D0575,Cloudy,22.5,76.0,26.32,Healthy
EV0576,MG Comet EV,MG,2023,17,97.7,2027-08-06 12:30:00,2027-08-06 12:40:00,0.17,Belagavi Station 1,Fast,38,11.3,315.0,135.6,City EV,Belagavi,Completed,Good,D0576,Cloudy,22.5,76.0,26.32,Healthy
EV0577,MG ZS EV,MG,2023,50,97.9,2027-08-07 08:00:00,2027-08-07 08:30:00,0.5,Mangalore Station 1,Fast,34,18.6,168.0,223.2,EV Fleet India,Mangalore,Completed,Good,D0577,Cloudy,22.5,76.0,26.32,Healthy
EV0578,Tata Nexon EV,Tata,2023,40,93.6,2027-08-08 10:45:00,2027-08-08 10:53:00,0.13,Mysore Station 1,Fast,37,11.1,330.0,133.19999999999999,Green Mobility,Mysore,Completed,Good,D0578,Cloudy,22.5,76.0,26.32,Healthy
EV0579,BYD Atto 3,BYD,2023,60,98.6,2027-08-09 08:30:00,2027-08-09 08:53:00,0.38,Mysore Station 2,Fast,34,18.4,270.0,220.8,Premium Fleet,Mysore,Completed,Good,D0579,Rainy,22.5,76.0,26.32,Healthy
EV0580,Mahindra XUV400,Mahindra,2023,39,96.6,2027-08-10 05:00:00,2027-08-10 05:30:00,0.5,Mangalore Station 1,Fast,34,21.8,300.0,261.60000000000002,Eco Drive,Mangalore,Completed,Good,D0580,Rainy,22.5,76.0,26.32,Healthy
EV0581,MG Comet EV,MG,2023,17,95.1,2027-08-11 18:00:00,2027-08-11 18:05:00,0.08,Belagavi Station 2,Fast,33,6.3,167.0,75.599999999999994,Eco Drive,Belagavi,Completed,Good,D0581,Cloudy,22.5,76.0,26.32,Healthy
EV0582,Tata Nexon EV,Tata,2023,40,98.1,2027-08-12 16:30:00,2027-08-12 18:06:00,1.6,Hubli Station 2,Normal,36,26.8,97.0,321.60000000000002,City EV,Hubli,Completed,Good,D0582,Rainy,22.5,76.0,26.32,Healthy
EV0583,Tata Punch EV,Tata,2023,35,95.4,2027-08-13 04:45:00,2027-08-13 05:09:00,0.4,Mysore Station 1,Fast,38,22.0,183.0,264,Green Mobility,Mysore,Completed,Good,D0583,Rainy,22.5,76.0,26.32,Healthy
EV0584,BYD Atto 3,BYD,2023,60,95.5,2027-08-14 20:15:00,2027-08-14 20:51:00,0.6,Mysore Station 1,Fast,31,24.3,245.0,291.60000000000002,City EV,Mysore,Completed,Good,D0584,Cloudy,22.5,76.0,26.32,Healthy
EV0585,Hyundai Kona EV,Hyundai,2023,39,95.4,2027-08-15 20:00:00,2027-08-15 20:25:00,0.42,Mangalore Station 2,Fast,30,19.8,97.0,237.6,EV Fleet India,Mangalore,Completed,Good,D0585,Rainy,22.5,76.0,26.32,Healthy
EV0586,Mahindra XUV400,Mahindra,2023,39,99.2,2027-08-16 09:45:00,2027-08-16 10:41:00,0.93,Hubli Station 1,Normal,33,18.2,238.0,218.4,City EV,Hubli,Completed,Good,D0586,Rainy,22.5,76.0,26.32,Healthy
EV0587,BYD Seal,BYD,2023,82,96.2,2027-08-17 19:15:00,2027-08-17 20:01:00,0.77,Mysore Station 1,Fast,38,39.8,294.0,477.6,EV Fleet India,Mysore,Completed,Good,D0587,Rainy,22.5,76.0,26.32,Healthy
EV0588,Tata Curvv EV,Tata,2023,55,94.0,2027-08-18 02:00:00,2027-08-18 03:58:00,1.97,Bangalore Station 1,Normal,27,35.4,91.0,424.8,Green Mobility,Bangalore,Completed,Good,D0588,Rainy,22.5,76.0,26.32,Healthy
EV0589,BYD Seal,BYD,2023,82,96.6,2027-08-19 23:30:00,2027-08-20 01:53:00,2.38,Bangalore Station 1,Normal,39,42.1,154.0,505.2,City EV,Bangalore,Completed,Good,D0589,Sunny,22.5,76.0,26.32,Healthy
EV0590,Tata Punch EV,Tata,2023,35,97.6,2027-08-20 09:30:00,2027-08-20 09:55:00,0.42,Hubli Station 1,Fast,31,23.1,345.0,277.2,Premium Fleet,Hubli,Completed,Good,D0590,Cloudy,22.5,76.0,26.32,Healthy
EV0591,Kia EV6,Kia,2023,77,94.4,2027-08-21 19:30:00,2027-08-21 20:35:00,1.08,Bangalore Station 1,Normal,31,20.7,104.0,248.4,EV Fleet India,Bangalore,Completed,Good,D0591,Sunny,22.5,76.0,26.32,Healthy
EV0592,Kia EV6,Kia,2023,77,94.2,2027-08-22 22:15:00,2027-08-22 22:57:00,0.7,Bangalore Station 1,Fast,38,36.9,230.0,442.8,Eco Drive,Bangalore,Completed,Good,D0592,Rainy,22.5,76.0,26.32,Healthy
EV0593,MG Comet EV,MG,2023,17,95.8,2027-08-23 07:15:00,2027-08-23 07:57:00,0.7,Hubli Station 1,Normal,39,13.5,304.0,162,Eco Drive,Hubli,Completed,Good,D0593,Sunny,22.5,76.0,26.32,Healthy
EV0594,Tata Curvv EV,Tata,2023,55,94.9,2027-08-24 02:15:00,2027-08-24 03:09:00,0.9,Belagavi Station 2,Normal,27,14.0,203.0,168,Eco Drive,Belagavi,Completed,Good,D0594,Sunny,22.5,76.0,26.32,Healthy
EV0595,BYD Seal,BYD,2023,82,97.7,2027-08-25 07:45:00,2027-08-25 09:49:00,2.07,Belagavi Station 1,Normal,28,38.6,64.0,463.2,Eco Drive,Belagavi,Completed,Good,D0595,Rainy,22.5,76.0,26.32,Healthy
EV0596,BYD Seal,BYD,2023,82,93.6,2027-08-26 20:45:00,2027-08-26 21:23:00,0.63,Belagavi Station 1,Fast,27,25.8,317.0,309.60000000000002,Premium Fleet,Belagavi,Completed,Good,D0596,Sunny,22.5,76.0,26.32,Healthy
EV0597,Tata Nexon EV,Tata,2023,40,96.5,2027-08-27 13:00:00,2027-08-27 13:15:00,0.25,Hubli Station 1,Fast,35,9.2,206.0,110.4,City EV,Hubli,Completed,Good,D0597,Sunny,22.5,76.0,26.32,Healthy
EV0598,Tata Curvv EV,Tata,2023,55,94.6,2027-08-28 15:45:00,2027-08-28 16:26:00,0.68,Mangalore Station 1,Fast,38,34.0,140.0,408,Eco Drive,Mangalore,Completed,Good,D0598,Cloudy,22.5,76.0,26.32,Healthy
EV0599,Tata Nexon EV,Tata,2023,40,97.2,2027-08-29 16:00:00,2027-08-29 17:37:00,1.62,Mangalore Station 2,Normal,37,30.1,92.0,361.2,Eco Drive,Mangalore,Completed,Good,D0599,Rainy,22.5,76.0,26.32,Healthy
EV0600,Mahindra XUV400,Mahindra,2023,39,94.5,2027-08-30 23:15:00,2027-08-30 23:43:00,0.47,Hubli Station 1,Fast,29,23.2,139.0,278.39999999999998,City EV,Hubli,Completed,Good,D0600,Sunny,22.5,76.0,26.32,Healthy
EV0601,BYD Seal,BYD,2023,82,96.3,2027-08-31 08:00:00,2027-08-31 09:26:00,1.43,Bangalore Station 2,Normal,39,26.3,66.0,315.60000000000002,EV Fleet India,Bangalore,Completed,Good,D0601,Sunny,22.5,76.0,26.32,Healthy
EV0602,Tata Punch EV,Tata,2023,35,97.6,2027-09-01 23:00:00,2027-09-01 23:49:00,0.82,Mangalore Station 1,Normal,28,13.9,161.0,166.8,EV Fleet India,Mangalore,Completed,Good,D0602,Sunny,22.5,76.0,26.32,Healthy
EV0603,Tata Nexon EV,Tata,2023,40,96.3,2027-09-02 10:30:00,2027-09-02 11:42:00,1.2,Mangalore Station 2,Normal,30,19.5,102.0,234,City EV,Mangalore,Completed,Good,D0603,Cloudy,22.5,76.0,26.32,Healthy
EV0604,BYD Atto 3,BYD,2023,60,97.4,2027-09-03 11:30:00,2027-09-03 12:27:00,0.95,Mysore Station 2,Fast,39,43.4,93.0,520.79999999999995,EV Fleet India,Mysore,Completed,Good,D0604,Rainy,22.5,76.0,26.32,Healthy
EV0605,MG Comet EV,MG,2023,17,93.8,2027-09-04 11:45:00,2027-09-04 12:12:00,0.45,Bangalore Station 1,Normal,30,8.1,156.0,97.2,Green Mobility,Bangalore,Completed,Good,D0605,Sunny,22.5,76.0,26.32,Healthy
EV0606,Tata Punch EV,Tata,2023,35,97.3,2027-09-05 18:45:00,2027-09-05 19:08:00,0.38,Belagavi Station 2,Fast,34,23.5,345.0,282,EV Fleet India,Belagavi,Completed,Good,D0606,Sunny,22.5,76.0,26.32,Healthy
EV0607,Tata Curvv EV,Tata,2023,55,99.3,2027-09-06 09:30:00,2027-09-06 09:52:00,0.37,Belagavi Station 1,Fast,35,17.1,294.0,205.2,EV Fleet India,Belagavi,Completed,Good,D0607,Rainy,22.5,76.0,26.32,Healthy
EV0608,MG Comet EV,MG,2023,17,95.5,2027-09-07 04:00:00,2027-09-07 04:22:00,0.37,Bangalore Station 2,Normal,35,6.3,191.0,75.599999999999994,Green Mobility,Bangalore,Completed,Good,D0608,Rainy,22.5,76.0,26.32,Healthy
EV0609,MG ZS EV,MG,2023,50,93.9,2027-09-08 05:45:00,2027-09-08 07:24:00,1.65,Mysore Station 1,Normal,37,27.5,167.0,330,Premium Fleet,Mysore,Completed,Good,D0609,Cloudy,22.5,76.0,26.32,Healthy
EV0610,MG Comet EV,MG,2023,17,98.0,2027-09-09 19:45:00,2027-09-09 19:48:00,0.05,Mysore Station 1,Fast,27,6.7,313.0,80.400000000000006,Premium Fleet,Mysore,Completed,Good,D0610,Rainy,22.5,76.0,26.32,Healthy
EV0611,Tata Nexon EV,Tata,2023,40,96.3,2027-09-10 14:45:00,2027-09-10 15:14:00,0.48,Bangalore Station 2,Fast,36,25.3,72.0,303.60000000000002,Eco Drive,Bangalore,Completed,Good,D0611,Rainy,22.5,76.0,26.32,Healthy
EV0612,BYD Seal,BYD,2023,82,96.5,2027-09-11 00:45:00,2027-09-11 03:18:00,2.55,Belagavi Station 1,Normal,33,47.3,256.0,567.6,EV Fleet India,Belagavi,Completed,Good,D0612,Sunny,22.5,76.0,26.32,Healthy
EV0613,BYD Atto 3,BYD,2023,60,97.0,2027-09-12 21:15:00,2027-09-12 22:39:00,1.4,Belagavi Station 2,Normal,33,25.4,183.0,304.8,Eco Drive,Belagavi,Completed,Good,D0613,Rainy,22.5,76.0,26.32,Healthy
EV0614,Tata Nexon EV,Tata,2023,40,94.3,2027-09-13 13:45:00,2027-09-13 14:47:00,1.03,Mangalore Station 2,Normal,37,20.3,139.0,243.6,Eco Drive,Mangalore,Completed,Good,D0614,Rainy,22.5,76.0,26.32,Healthy
EV0615,Mahindra XUV400,Mahindra,2023,39,97.5,2027-09-14 19:00:00,2027-09-14 19:18:00,0.3,Belagavi Station 1,Fast,38,18.7,349.0,224.4,City EV,Belagavi,Completed,Good,D0615,Sunny,22.5,76.0,26.32,Healthy
EV0616,BYD Atto 3,BYD,2023,60,95.0,2027-09-15 08:00:00,2027-09-15 10:22:00,2.37,Bangalore Station 2,Normal,28,42.9,226.0,514.79999999999995,Green Mobility,Bangalore,Completed,Good,D0616,Cloudy,22.5,76.0,26.32,Healthy
EV0617,MG ZS EV,MG,2023,50,97.8,2027-09-16 13:45:00,2027-09-16 15:19:00,1.57,Bangalore Station 1,Normal,34,28.8,290.0,345.6,City EV,Bangalore,Completed,Good,D0617,Rainy,22.5,76.0,26.32,Healthy
EV0618,BYD Seal,BYD,2023,82,96.8,2027-09-17 21:15:00,2027-09-17 22:11:00,0.93,Mangalore Station 1,Fast,35,48.3,145.0,579.6,Eco Drive,Mangalore,Completed,Good,D0618,Sunny,22.5,76.0,26.32,Healthy
EV0619,Kia EV6,Kia,2023,77,95.2,2027-09-18 09:00:00,2027-09-18 10:47:00,1.78,Mysore Station 2,Normal,35,30.3,333.0,363.6,Green Mobility,Mysore,Completed,Good,D0619,Sunny,22.5,76.0,26.32,Healthy
EV0620,MG ZS EV,MG,2023,50,96.3,2027-09-19 13:15:00,2027-09-19 15:28:00,2.22,Belagavi Station 1,Normal,30,38.5,257.0,462,Premium Fleet,Belagavi,Completed,Good,D0620,Rainy,22.5,76.0,26.32,Healthy
EV0621,MG ZS EV,MG,2023,50,97.9,2027-09-20 13:45:00,2027-09-20 15:35:00,1.83,Hubli Station 2,Normal,30,32.3,174.0,387.6,Eco Drive,Hubli,Completed,Good,D0621,Sunny,22.5,76.0,26.32,Healthy
EV0622,Mahindra XUV400,Mahindra,2023,39,97.1,2027-09-21 09:45:00,2027-09-21 10:12:00,0.45,Mangalore Station 1,Fast,34,26.6,249.0,319.2,City EV,Mangalore,Completed,Good,D0622,Cloudy,22.5,76.0,26.32,Healthy
EV0623,Kia EV6,Kia,2023,77,96.0,2027-09-22 18:00:00,2027-09-22 21:11:00,3.18,Hubli Station 2,Normal,37,58.6,343.0,703.2,Green Mobility,Hubli,Completed,Good,D0623,Sunny,22.5,76.0,26.32,Healthy
EV0624,Tata Curvv EV,Tata,2023,55,97.0,2027-09-23 19:30:00,2027-09-23 20:14:00,0.73,Belagavi Station 2,Fast,30,39.7,185.0,476.4,Green Mobility,Belagavi,Completed,Good,D0624,Sunny,22.5,76.0,26.32,Healthy
EV0625,BYD Seal,BYD,2023,82,94.9,2027-09-24 17:45:00,2027-09-24 19:07:00,1.37,Mysore Station 2,Fast,33,66.7,171.0,800.4,EV Fleet India,Mysore,Completed,Good,D0625,Rainy,22.5,76.0,26.32,Healthy
EV0626,BYD Atto 3,BYD,2023,60,95.5,2027-09-25 10:15:00,2027-09-25 10:57:00,0.7,Bangalore Station 2,Fast,38,34.3,244.0,411.6,Premium Fleet,Bangalore,Completed,Good,D0626,Rainy,22.5,76.0,26.32,Healthy
EV0627,BYD Seal,BYD,2023,82,95.6,2027-09-26 22:15:00,2027-09-26 23:56:00,1.68,Mangalore Station 2,Normal,37,31.5,302.0,378,Premium Fleet,Mangalore,Completed,Good,D0627,Sunny,22.5,76.0,26.32,Healthy
EV0628,Tata Nexon EV,Tata,2023,40,94.4,2027-09-27 06:00:00,2027-09-27 06:54:00,0.9,Belagavi Station 1,Normal,36,13.9,261.0,166.8,Green Mobility,Belagavi,Completed,Good,D0628,Sunny,22.5,76.0,26.32,Healthy
EV0629,Kia EV6,Kia,2023,77,93.8,2027-09-28 10:45:00,2027-09-28 13:46:00,3.02,Mangalore Station 2,Normal,27,53.0,125.0,636,Green Mobility,Mangalore,Completed,Good,D0629,Cloudy,22.5,76.0,26.32,Healthy
EV0630,Hyundai Kona EV,Hyundai,2023,39,96.1,2027-09-29 22:15:00,2027-09-29 22:35:00,0.33,Belagavi Station 2,Fast,37,14.8,80.0,177.6,Premium Fleet,Belagavi,Completed,Good,D0630,Sunny,22.5,76.0,26.32,Healthy
EV0631,Mahindra XUV400,Mahindra,2023,39,93.8,2027-09-30 17:45:00,2027-09-30 18:13:00,0.47,Belagavi Station 2,Fast,38,25.5,145.0,306,Green Mobility,Belagavi,Completed,Good,D0631,Sunny,22.5,76.0,26.32,Healthy
EV0632,Mahindra XUV400,Mahindra,2023,39,95.7,2027-10-01 21:30:00,2027-10-01 21:43:00,0.22,Mangalore Station 1,Fast,27,11.7,346.0,140.4,Premium Fleet,Mangalore,Completed,Good,D0632,Cloudy,22.5,76.0,26.32,Healthy
EV0633,BYD Atto 3,BYD,2023,60,94.3,2027-10-02 20:00:00,2027-10-02 20:35:00,0.58,Mysore Station 1,Fast,37,22.6,270.0,271.2,City EV,Mysore,Completed,Good,D0633,Cloudy,22.5,76.0,26.32,Healthy
EV0634,MG Comet EV,MG,2023,17,99.5,2027-10-03 07:30:00,2027-10-03 07:54:00,0.4,Hubli Station 1,Normal,32,8.9,164.0,106.8,Green Mobility,Hubli,Completed,Good,D0634,Sunny,22.5,76.0,26.32,Healthy
EV0635,Mahindra XUV400,Mahindra,2023,39,96.1,2027-10-04 16:15:00,2027-10-04 16:31:00,0.27,Mysore Station 1,Fast,37,15.9,272.0,190.8,Eco Drive,Mysore,Completed,Good,D0635,Sunny,22.5,76.0,26.32,Healthy
EV0636,MG Comet EV,MG,2023,17,99.1,2027-10-05 02:45:00,2027-10-05 03:01:00,0.27,Belagavi Station 1,Fast,27,8.8,160.0,105.6,Eco Drive,Belagavi,Completed,Good,D0636,Rainy,22.5,76.0,26.32,Healthy
EV0637,Tata Punch EV,Tata,2023,35,96.0,2027-10-06 05:00:00,2027-10-06 05:21:00,0.35,Mangalore Station 2,Fast,31,14.7,251.0,176.4,Premium Fleet,Mangalore,Completed,Good,D0637,Sunny,22.5,76.0,26.32,Healthy
EV0638,Tata Punch EV,Tata,2023,35,98.0,2027-10-07 15:45:00,2027-10-07 16:08:00,0.38,Hubli Station 1,Fast,34,19.7,146.0,236.4,Premium Fleet,Hubli,Completed,Good,D0638,Rainy,22.5,76.0,26.32,Healthy
EV0639,Hyundai Kona EV,Hyundai,2023,39,94.3,2027-10-08 06:15:00,2027-10-08 06:39:00,0.4,Hubli Station 2,Fast,29,18.7,326.0,224.4,Green Mobility,Hubli,Completed,Good,D0639,Sunny,22.5,76.0,26.32,Healthy
EV0640,MG Comet EV,MG,2023,17,95.1,2027-10-09 21:15:00,2027-10-09 21:27:00,0.2,Bangalore Station 1,Fast,37,7.6,99.0,91.2,City EV,Bangalore,Completed,Good,D0640,Rainy,22.5,76.0,26.32,Healthy
EV0641,MG Comet EV,MG,2023,17,93.6,2027-10-10 09:45:00,2027-10-10 10:17:00,0.53,Bangalore Station 2,Normal,27,9.0,201.0,108,City EV,Bangalore,Completed,Good,D0641,Rainy,22.5,76.0,26.32,Healthy
EV0642,BYD Seal,BYD,2023,82,93.6,2027-10-11 07:30:00,2027-10-11 08:43:00,1.22,Mangalore Station 1,Fast,33,64.1,271.0,769.2,City EV,Mangalore,Completed,Good,D0642,Rainy,22.5,76.0,26.32,Healthy
EV0643,Tata Punch EV,Tata,2023,35,94.4,2027-10-12 11:15:00,2027-10-12 11:56:00,0.68,Bangalore Station 2,Normal,30,12.9,327.0,154.80000000000001,Eco Drive,Bangalore,Completed,Good,D0643,Rainy,22.5,76.0,26.32,Healthy
EV0644,Tata Punch EV,Tata,2023,35,96.7,2027-10-13 15:15:00,2027-10-13 16:08:00,0.88,Bangalore Station 1,Normal,38,17.5,240.0,210,City EV,Bangalore,Completed,Good,D0644,Cloudy,22.5,76.0,26.32,Healthy
EV0645,Mahindra XUV400,Mahindra,2023,39,97.3,2027-10-14 16:45:00,2027-10-14 17:18:00,0.55,Bangalore Station 1,Fast,35,25.7,85.0,308.39999999999998,Eco Drive,Bangalore,Completed,Good,D0645,Cloudy,22.5,76.0,26.32,Healthy
EV0646,Tata Punch EV,Tata,2023,35,97.1,2027-10-15 09:30:00,2027-10-15 09:47:00,0.28,Belagavi Station 1,Fast,39,13.0,224.0,156,Premium Fleet,Belagavi,Completed,Good,D0646,Cloudy,22.5,76.0,26.32,Healthy
EV0647,Hyundai Kona EV,Hyundai,2023,39,94.7,2027-10-16 09:00:00,2027-10-16 10:22:00,1.37,Hubli Station 1,Normal,31,22.6,287.0,271.2,Green Mobility,Hubli,Completed,Good,D0647,Sunny,22.5,76.0,26.32,Healthy
EV0648,Tata Nexon EV,Tata,2023,40,98.5,2027-10-17 14:45:00,2027-10-17 16:13:00,1.47,Mysore Station 1,Normal,29,26.1,114.0,313.2,City EV,Mysore,Completed,Good,D0648,Sunny,22.5,76.0,26.32,Healthy
EV0649,Hyundai Kona EV,Hyundai,2023,39,97.5,2027-10-18 02:30:00,2027-10-18 03:30:00,1.0,Bangalore Station 2,Normal,31,16.9,341.0,202.8,Eco Drive,Bangalore,Completed,Good,D0649,Cloudy,22.5,76.0,26.32,Healthy
EV0650,BYD Atto 3,BYD,2023,60,96.4,2027-10-19 02:00:00,2027-10-19 03:13:00,1.22,Belagavi Station 1,Normal,34,21.7,291.0,260.39999999999998,Eco Drive,Belagavi,Completed,Good,D0650,Rainy,22.5,76.0,26.32,Healthy
EV0651,BYD Seal,BYD,2023,82,98.8,2027-10-20 07:15:00,2027-10-20 09:41:00,2.43,Mangalore Station 2,Normal,27,44.6,185.0,535.20000000000005,Premium Fleet,Mangalore,Completed,Good,D0651,Rainy,22.5,76.0,26.32,Healthy
EV0652,Hyundai Kona EV,Hyundai,2023,39,95.6,2027-10-21 12:45:00,2027-10-21 13:55:00,1.17,Mangalore Station 1,Normal,36,19.6,139.0,235.2,Eco Drive,Mangalore,Completed,Good,D0652,Rainy,22.5,76.0,26.32,Healthy
EV0653,BYD Atto 3,BYD,2023,60,96.3,2027-10-22 03:45:00,2027-10-22 04:30:00,0.75,Bangalore Station 2,Fast,33,39.4,195.0,472.8,Premium Fleet,Bangalore,Completed,Good,D0653,Rainy,22.5,76.0,26.32,Healthy
EV0654,Tata Punch EV,Tata,2023,35,99.4,2027-10-23 10:00:00,2027-10-23 10:24:00,0.4,Hubli Station 2,Fast,32,13.9,267.0,166.8,EV Fleet India,Hubli,Completed,Good,D0654,Cloudy,22.5,76.0,26.32,Healthy
EV0655,Hyundai Kona EV,Hyundai,2023,39,98.7,2027-10-24 03:30:00,2027-10-24 04:59:00,1.48,Belagavi Station 1,Normal,28,24.6,202.0,295.2,EV Fleet India,Belagavi,Completed,Good,D0655,Sunny,22.5,76.0,26.32,Healthy
EV0656,Tata Punch EV,Tata,2023,35,95.9,2027-10-25 15:00:00,2027-10-25 15:22:00,0.37,Hubli Station 1,Fast,33,15.0,337.0,180,Green Mobility,Hubli,Completed,Good,D0656,Rainy,22.5,76.0,26.32,Healthy
EV0657,BYD Atto 3,BYD,2023,60,97.7,2027-10-26 08:45:00,2027-10-26 09:25:00,0.67,Belagavi Station 2,Fast,32,34.9,102.0,418.8,EV Fleet India,Belagavi,Completed,Good,D0657,Rainy,22.5,76.0,26.32,Healthy
EV0658,Kia EV6,Kia,2023,77,99.3,2027-10-27 19:15:00,2027-10-27 21:00:00,1.75,Bangalore Station 1,Normal,28,29.7,131.0,356.4,EV Fleet India,Bangalore,Completed,Good,D0658,Cloudy,22.5,76.0,26.32,Healthy
EV0659,BYD Seal,BYD,2023,82,94.4,2027-10-28 02:45:00,2027-10-28 03:24:00,0.65,Mangalore Station 1,Fast,34,33.0,281.0,396,City EV,Mangalore,Completed,Good,D0659,Sunny,22.5,76.0,26.32,Healthy
EV0660,Hyundai Kona EV,Hyundai,2023,39,98.0,2027-10-29 04:15:00,2027-10-29 05:22:00,1.12,Belagavi Station 2,Normal,31,20.4,232.0,244.8,Premium Fleet,Belagavi,Completed,Good,D0660,Rainy,22.5,76.0,26.32,Healthy
EV0661,BYD Seal,BYD,2023,82,99.0,2027-10-30 19:45:00,2027-10-30 20:51:00,1.1,Mysore Station 2,Fast,29,56.5,171.0,678,Eco Drive,Mysore,Completed,Good,D0661,Cloudy,22.5,76.0,26.32,Healthy
EV0662,Tata Punch EV,Tata,2023,35,97.5,2027-10-31 14:00:00,2027-10-31 14:50:00,0.83,Mysore Station 2,Normal,38,14.4,187.0,172.8,City EV,Mysore,Completed,Good,D0662,Cloudy,22.5,76.0,26.32,Healthy
EV0663,Tata Curvv EV,Tata,2023,55,98.2,2027-11-01 18:15:00,2027-11-01 19:01:00,0.77,Bangalore Station 2,Fast,31,43.0,210.0,516,Premium Fleet,Bangalore,Completed,Good,D0663,Rainy,22.5,76.0,26.32,Healthy
EV0664,Tata Curvv EV,Tata,2023,55,97.4,2027-11-02 21:30:00,2027-11-02 22:13:00,0.72,Belagavi Station 2,Fast,27,37.7,306.0,452.4,City EV,Belagavi,Completed,Good,D0664,Cloudy,22.5,76.0,26.32,Healthy
EV0665,Hyundai Kona EV,Hyundai,2023,39,95.3,2027-11-03 05:30:00,2027-11-03 06:45:00,1.25,Belagavi Station 1,Normal,32,22.7,275.0,272.39999999999998,City EV,Belagavi,Completed,Good,D0665,Rainy,22.5,76.0,26.32,Healthy
EV0666,BYD Seal,BYD,2023,82,94.3,2027-11-04 23:00:00,2027-11-05 01:22:00,2.37,Hubli Station 2,Normal,33,44.1,343.0,529.20000000000005,Green Mobility,Hubli,Completed,Good,D0666,Cloudy,22.5,76.0,26.32,Healthy
EV0667,MG ZS EV,MG,2023,50,97.4,2027-11-05 06:15:00,2027-11-05 07:04:00,0.82,Mangalore Station 1,Fast,33,38.4,164.0,460.8,City EV,Mangalore,Completed,Good,D0667,Sunny,22.5,76.0,26.32,Healthy
EV0668,Kia EV6,Kia,2023,77,95.7,2027-11-06 19:15:00,2027-11-06 20:30:00,1.25,Bangalore Station 1,Normal,34,20.7,329.0,248.4,EV Fleet India,Bangalore,Completed,Good,D0668,Rainy,22.5,76.0,26.32,Healthy
EV0669,MG Comet EV,MG,2023,17,97.7,2027-11-07 03:45:00,2027-11-07 04:28:00,0.72,Bangalore Station 1,Normal,32,11.8,169.0,141.6,Premium Fleet,Bangalore,Completed,Good,D0669,Sunny,22.5,76.0,26.32,Healthy
EV0670,BYD Seal,BYD,2023,82,94.2,2027-11-08 17:15:00,2027-11-08 18:09:00,0.9,Bangalore Station 1,Fast,30,39.0,155.0,468,Premium Fleet,Bangalore,Completed,Good,D0670,Rainy,22.5,76.0,26.32,Healthy
EV0671,Mahindra XUV400,Mahindra,2023,39,97.0,2027-11-09 18:15:00,2027-11-09 18:29:00,0.23,Bangalore Station 1,Fast,32,15.7,175.0,188.4,City EV,Bangalore,Completed,Good,D0671,Sunny,22.5,76.0,26.32,Healthy
EV0672,BYD Atto 3,BYD,2023,60,98.8,2027-11-10 02:15:00,2027-11-10 02:50:00,0.58,Belagavi Station 1,Fast,35,32.4,118.0,388.8,Green Mobility,Belagavi,Completed,Good,D0672,Rainy,22.5,76.0,26.32,Healthy
EV0673,MG ZS EV,MG,2023,50,98.4,2027-11-11 19:30:00,2027-11-11 20:17:00,0.78,Hubli Station 1,Fast,32,34.6,98.0,415.2,EV Fleet India,Hubli,Completed,Good,D0673,Sunny,22.5,76.0,26.32,Healthy
EV0674,Hyundai Kona EV,Hyundai,2023,39,94.0,2027-11-12 13:45:00,2027-11-12 15:24:00,1.65,Mysore Station 2,Normal,34,27.6,174.0,331.2,EV Fleet India,Mysore,Completed,Good,D0674,Rainy,22.5,76.0,26.32,Healthy
EV0675,Tata Curvv EV,Tata,2023,55,94.6,2027-11-13 11:30:00,2027-11-13 12:47:00,1.28,Belagavi Station 2,Normal,29,22.4,323.0,268.8,EV Fleet India,Belagavi,Completed,Good,D0675,Rainy,22.5,76.0,26.32,Healthy
EV0676,Mahindra XUV400,Mahindra,2023,39,94.1,2027-11-14 20:45:00,2027-11-14 21:16:00,0.52,Hubli Station 1,Fast,39,24.6,174.0,295.2,EV Fleet India,Hubli,Completed,Good,D0676,Rainy,22.5,76.0,26.32,Healthy
EV0677,BYD Atto 3,BYD,2023,60,96.1,2027-11-15 02:15:00,2027-11-15 04:22:00,2.12,Mangalore Station 1,Normal,29,36.6,179.0,439.2,EV Fleet India,Mangalore,Completed,Good,D0677,Cloudy,22.5,76.0,26.32,Healthy
EV0678,Tata Curvv EV,Tata,2023,55,95.5,2027-11-16 21:30:00,2027-11-16 22:19:00,0.82,Hubli Station 1,Normal,34,16.1,274.0,193.2,Premium Fleet,Hubli,Completed,Good,D0678,Sunny,22.5,76.0,26.32,Healthy
EV0679,Kia EV6,Kia,2023,77,96.4,2027-11-17 03:15:00,2027-11-17 06:16:00,3.02,Belagavi Station 1,Normal,28,53.8,185.0,645.6,Green Mobility,Belagavi,Completed,Good,D0679,Cloudy,22.5,76.0,26.32,Healthy
EV0680,MG ZS EV,MG,2023,50,97.6,2027-11-18 22:30:00,2027-11-18 23:44:00,1.23,Belagavi Station 1,Normal,38,23.0,348.0,276,Eco Drive,Belagavi,Completed,Good,D0680,Cloudy,22.5,76.0,26.32,Healthy
EV0681,Kia EV6,Kia,2023,77,95.0,2027-11-19 08:00:00,2027-11-19 09:43:00,1.72,Mangalore Station 2,Normal,31,29.3,218.0,351.6,Eco Drive,Mangalore,Completed,Good,D0681,Cloudy,22.5,76.0,26.32,Healthy
EV0682,Kia EV6,Kia,2023,77,93.8,2027-11-20 04:15:00,2027-11-20 05:47:00,1.53,Bangalore Station 2,Normal,35,29.0,153.0,348,Premium Fleet,Bangalore,Completed,Good,D0682,Sunny,22.5,76.0,26.32,Healthy
EV0683,Tata Punch EV,Tata,2023,35,97.1,2027-11-21 09:15:00,2027-11-21 09:27:00,0.2,Mangalore Station 2,Fast,33,12.4,286.0,148.80000000000001,Green Mobility,Mangalore,Completed,Good,D0683,Sunny,22.5,76.0,26.32,Healthy
EV0684,BYD Atto 3,BYD,2023,60,94.7,2027-11-22 12:30:00,2027-11-22 12:58:00,0.47,Hubli Station 1,Fast,28,20.1,130.0,241.2,Eco Drive,Hubli,Completed,Good,D0684,Sunny,22.5,76.0,26.32,Healthy
EV0685,BYD Seal,BYD,2023,82,96.2,2027-11-23 22:45:00,2027-11-23 23:33:00,0.8,Mysore Station 2,Fast,28,40.6,101.0,487.2,EV Fleet India,Mysore,Completed,Good,D0685,Cloudy,22.5,76.0,26.32,Healthy
EV0686,MG ZS EV,MG,2023,50,96.5,2027-11-24 06:45:00,2027-11-24 08:11:00,1.43,Mysore Station 2,Normal,28,25.4,262.0,304.8,Eco Drive,Mysore,Completed,Good,D0686,Rainy,22.5,76.0,26.32,Healthy
EV0687,BYD Seal,BYD,2023,82,98.9,2027-11-25 17:30:00,2027-11-25 18:43:00,1.22,Hubli Station 1,Fast,33,61.2,68.0,734.4,EV Fleet India,Hubli,Completed,Good,D0687,Cloudy,22.5,76.0,26.32,Healthy
EV0688,Mahindra XUV400,Mahindra,2023,39,99.0,2027-11-26 02:30:00,2027-11-26 02:58:00,0.47,Mysore Station 1,Fast,34,21.8,133.0,261.60000000000002,City EV,Mysore,Completed,Good,D0688,Cloudy,22.5,76.0,26.32,Healthy
EV0689,MG Comet EV,MG,2023,17,95.9,2027-11-27 03:45:00,2027-11-27 03:47:00,0.03,Mangalore Station 2,Fast,27,4.4,340.0,52.8,Eco Drive,Mangalore,Completed,Good,D0689,Rainy,22.5,76.0,26.32,Healthy
EV0690,Mahindra XUV400,Mahindra,2023,39,97.4,2027-11-28 13:30:00,2027-11-28 14:25:00,0.92,Mangalore Station 2,Normal,30,17.1,185.0,205.2,Premium Fleet,Mangalore,Completed,Good,D0690,Rainy,22.5,76.0,26.32,Healthy
EV0691,Mahindra XUV400,Mahindra,2023,39,94.3,2027-11-29 02:30:00,2027-11-29 02:54:00,0.4,Mysore Station 1,Fast,28,20.7,182.0,248.4,City EV,Mysore,Completed,Good,D0691,Cloudy,22.5,76.0,26.32,Healthy
EV0692,Tata Curvv EV,Tata,2023,55,98.4,2027-11-30 22:00:00,2027-11-30 23:09:00,1.15,Mysore Station 1,Normal,33,20.3,333.0,243.6,Green Mobility,Mysore,Completed,Good,D0692,Rainy,22.5,76.0,26.32,Healthy
EV0693,Hyundai Kona EV,Hyundai,2023,39,96.7,2027-12-01 16:30:00,2027-12-01 17:24:00,0.9,Bangalore Station 1,Normal,38,16.0,129.0,192,City EV,Bangalore,Completed,Good,D0693,Sunny,22.5,76.0,26.32,Healthy
EV0694,MG ZS EV,MG,2023,50,96.7,2027-12-02 01:00:00,2027-12-02 01:40:00,0.67,Bangalore Station 1,Normal,27,12.8,109.0,153.6,EV Fleet India,Bangalore,Completed,Good,D0694,Sunny,22.5,76.0,26.32,Healthy
EV0695,Hyundai Kona EV,Hyundai,2023,39,97.0,2027-12-03 09:45:00,2027-12-03 11:13:00,1.47,Belagavi Station 2,Normal,35,27.3,102.0,327.60000000000002,Premium Fleet,Belagavi,Completed,Good,D0695,Sunny,22.5,76.0,26.32,Healthy
EV0696,Tata Curvv EV,Tata,2023,55,99.2,2027-12-04 14:45:00,2027-12-04 17:04:00,2.32,Bangalore Station 2,Normal,36,39.4,349.0,472.8,Premium Fleet,Bangalore,Completed,Good,D0696,Sunny,22.5,76.0,26.32,Healthy
EV0697,Tata Punch EV,Tata,2023,35,95.6,2027-12-05 04:30:00,2027-12-05 05:02:00,0.53,Mangalore Station 2,Fast,37,22.0,147.0,264,EV Fleet India,Mangalore,Completed,Good,D0697,Rainy,22.5,76.0,26.32,Healthy
EV0698,BYD Seal,BYD,2023,82,99.1,2027-12-06 12:30:00,2027-12-06 13:27:00,0.95,Belagavi Station 2,Fast,31,51.1,304.0,613.20000000000005,Premium Fleet,Belagavi,Completed,Good,D0698,Rainy,22.5,76.0,26.32,Healthy
EV0699,MG ZS EV,MG,2023,50,98.4,2027-12-07 09:45:00,2027-12-07 10:09:00,0.4,Belagavi Station 1,Fast,31,23.8,298.0,285.60000000000002,EV Fleet India,Belagavi,Completed,Good,D0699,Sunny,22.5,76.0,26.32,Healthy
EV0700,Tata Nexon EV,Tata,2023,40,96.6,2027-12-08 10:45:00,2027-12-08 11:06:00,0.35,Bangalore Station 2,Fast,32,18.8,101.0,225.6,City EV,Bangalore,Completed,Good,D0700,Rainy,22.5,76.0,26.32,Healthy
EV0701,Kia EV6,Kia,2023,77,97.3,2027-12-09 11:15:00,2027-12-09 13:17:00,2.03,Belagavi Station 2,Normal,27,34.2,128.0,410.4,Green Mobility,Belagavi,Completed,Good,D0701,Cloudy,22.5,76.0,26.32,Healthy
EV0702,Hyundai Kona EV,Hyundai,2023,39,95.3,2027-12-10 09:30:00,2027-12-10 09:46:00,0.27,Belagavi Station 1,Fast,32,17.2,179.0,206.4,Green Mobility,Belagavi,Completed,Good,D0702,Cloudy,22.5,76.0,26.32,Healthy
EV0703,Hyundai Kona EV,Hyundai,2023,39,97.1,2027-12-11 11:00:00,2027-12-11 11:48:00,0.8,Mangalore Station 1,Normal,31,13.1,236.0,157.19999999999999,City EV,Mangalore,Completed,Good,D0703,Rainy,22.5,76.0,26.32,Healthy
EV0704,Tata Nexon EV,Tata,2023,40,94.6,2027-12-12 14:15:00,2027-12-12 15:44:00,1.48,Belagavi Station 2,Normal,30,27.3,348.0,327.60000000000002,Green Mobility,Belagavi,Completed,Good,D0704,Rainy,22.5,76.0,26.32,Healthy
EV0705,Hyundai Kona EV,Hyundai,2023,39,97.9,2027-12-13 02:30:00,2027-12-13 04:12:00,1.7,Bangalore Station 1,Normal,34,32.4,270.0,388.8,City EV,Bangalore,Completed,Good,D0705,Sunny,22.5,76.0,26.32,Healthy
EV0706,BYD Atto 3,BYD,2023,60,98.3,2027-12-14 13:00:00,2027-12-14 14:59:00,1.98,Mangalore Station 2,Normal,35,34.5,223.0,414,Green Mobility,Mangalore,Completed,Good,D0706,Cloudy,22.5,76.0,26.32,Healthy
EV0707,Tata Curvv EV,Tata,2023,55,95.7,2027-12-15 23:45:00,2027-12-16 01:36:00,1.85,Mysore Station 1,Normal,33,35.0,90.0,420,EV Fleet India,Mysore,Completed,Good,D0707,Sunny,22.5,76.0,26.32,Healthy
EV0708,Tata Curvv EV,Tata,2023,55,99.1,2027-12-16 00:15:00,2027-12-16 00:43:00,0.47,Bangalore Station 2,Fast,27,16.8,340.0,201.6,Eco Drive,Bangalore,Completed,Good,D0708,Cloudy,22.5,76.0,26.32,Healthy
EV0709,Tata Curvv EV,Tata,2023,55,98.5,2027-12-17 15:15:00,2027-12-17 15:43:00,0.47,Hubli Station 1,Fast,33,27.8,106.0,333.6,Eco Drive,Hubli,Completed,Good,D0709,Rainy,22.5,76.0,26.32,Healthy
EV0710,BYD Seal,BYD,2023,82,96.2,2027-12-18 18:00:00,2027-12-18 20:42:00,2.7,Bangalore Station 2,Normal,33,48.9,299.0,586.79999999999995,Green Mobility,Bangalore,Completed,Good,D0710,Cloudy,22.5,76.0,26.32,Healthy
EV0711,Tata Curvv EV,Tata,2023,55,93.8,2027-12-19 09:45:00,2027-12-19 10:15:00,0.5,Hubli Station 1,Fast,27,29.8,283.0,357.6,Eco Drive,Hubli,Completed,Good,D0711,Cloudy,22.5,76.0,26.32,Healthy
EV0712,BYD Seal,BYD,2023,82,93.7,2027-12-20 18:45:00,2027-12-20 19:24:00,0.65,Mysore Station 1,Fast,27,34.1,235.0,409.2,Premium Fleet,Mysore,Completed,Good,D0712,Sunny,22.5,76.0,26.32,Healthy
EV0713,BYD Atto 3,BYD,2023,60,96.6,2027-12-21 22:45:00,2027-12-22 00:12:00,1.45,Belagavi Station 1,Normal,37,25.7,189.0,308.39999999999998,Green Mobility,Belagavi,Completed,Good,D0713,Rainy,22.5,76.0,26.32,Healthy
EV0714,Mahindra XUV400,Mahindra,2023,39,99.3,2027-12-22 07:15:00,2027-12-22 07:33:00,0.3,Mysore Station 1,Fast,28,14.7,201.0,176.4,Green Mobility,Mysore,Completed,Good,D0714,Sunny,22.5,76.0,26.32,Healthy
EV0715,Kia EV6,Kia,2023,77,94.4,2027-12-23 03:45:00,2027-12-23 06:53:00,3.13,Mangalore Station 1,Normal,30,57.0,61.0,684,Eco Drive,Mangalore,Completed,Good,D0715,Rainy,22.5,76.0,26.32,Healthy
EV0716,Kia EV6,Kia,2023,77,94.3,2027-12-24 03:15:00,2027-12-24 05:16:00,2.02,Belagavi Station 1,Normal,33,35.0,63.0,420,Premium Fleet,Belagavi,Completed,Good,D0716,Sunny,22.5,76.0,26.32,Healthy
EV0717,Hyundai Kona EV,Hyundai,2023,39,98.8,2027-12-25 06:30:00,2027-12-25 07:10:00,0.67,Bangalore Station 2,Fast,30,30.4,132.0,364.8,Premium Fleet,Bangalore,Completed,Good,D0717,Rainy,22.5,76.0,26.32,Healthy
EV0718,MG Comet EV,MG,2023,17,93.5,2027-12-26 22:15:00,2027-12-26 22:32:00,0.28,Mangalore Station 2,Fast,39,8.7,288.0,104.4,Premium Fleet,Mangalore,Completed,Good,D0718,Cloudy,22.5,76.0,26.32,Healthy
EV0719,Tata Curvv EV,Tata,2023,55,99.2,2027-12-27 00:30:00,2027-12-27 01:27:00,0.95,Mangalore Station 2,Fast,30,42.0,172.0,504,Premium Fleet,Mangalore,Completed,Good,D0719,Sunny,22.5,76.0,26.32,Healthy
EV0720,Kia EV6,Kia,2023,77,96.2,2027-12-28 17:15:00,2027-12-28 18:09:00,0.9,Belagavi Station 2,Fast,35,45.5,117.0,546,Premium Fleet,Belagavi,Completed,Good,D0720,Sunny,22.5,76.0,26.32,Healthy
EV0721,Mahindra XUV400,Mahindra,2023,39,96.4,2027-12-29 22:30:00,2027-12-29 23:04:00,0.57,Hubli Station 2,Fast,38,30.0,348.0,360,City EV,Hubli,Completed,Good,D0721,Rainy,22.5,76.0,26.32,Healthy
EV0722,Tata Curvv EV,Tata,2023,55,98.2,2027-12-30 01:45:00,2027-12-30 02:42:00,0.95,Mangalore Station 2,Fast,36,45.0,266.0,540,Eco Drive,Mangalore,Completed,Good,D0722,Sunny,22.5,76.0,26.32,Healthy
EV0723,BYD Atto 3,BYD,2023,60,94.8,2027-12-31 02:00:00,2027-12-31 02:53:00,0.88,Bangalore Station 2,Fast,35,43.3,304.0,519.6,Eco Drive,Bangalore,Completed,Good,D0723,Cloudy,22.5,76.0,26.32,Healthy
EV0724,MG ZS EV,MG,2023,50,97.0,2028-01-01 23:15:00,2028-01-01 23:40:00,0.42,Belagavi Station 2,Fast,35,25.7,76.0,308.39999999999998,Green Mobility,Belagavi,Completed,Good,D0724,Cloudy,22.5,76.0,26.32,Healthy
EV0725,Kia EV6,Kia,2023,77,95.7,2028-01-02 19:30:00,2028-01-02 20:24:00,0.9,Mysore Station 2,Fast,34,42.0,149.0,504,City EV,Mysore,Completed,Good,D0725,Rainy,22.5,76.0,26.32,Healthy
EV0726,Mahindra XUV400,Mahindra,2023,39,94.8,2028-01-03 01:15:00,2028-01-03 01:44:00,0.48,Mysore Station 2,Fast,34,17.9,122.0,214.8,City EV,Mysore,Completed,Good,D0726,Rainy,22.5,76.0,26.32,Healthy
EV0727,BYD Atto 3,BYD,2023,60,98.3,2028-01-04 03:30:00,2028-01-04 04:03:00,0.55,Belagavi Station 1,Fast,35,31.7,294.0,380.4,EV Fleet India,Belagavi,Completed,Good,D0727,Rainy,22.5,76.0,26.32,Healthy
EV0728,Tata Nexon EV,Tata,2023,40,94.7,2028-01-05 03:30:00,2028-01-05 03:59:00,0.48,Bangalore Station 2,Fast,30,18.1,203.0,217.2,City EV,Bangalore,Completed,Good,D0728,Rainy,22.5,76.0,26.32,Healthy
EV0729,BYD Atto 3,BYD,2023,60,96.3,2028-01-06 04:30:00,2028-01-06 05:03:00,0.55,Hubli Station 1,Fast,31,31.5,342.0,378,Green Mobility,Hubli,Completed,Good,D0729,Cloudy,22.5,76.0,26.32,Healthy
EV0730,BYD Atto 3,BYD,2023,60,93.7,2028-01-07 02:45:00,2028-01-07 03:15:00,0.5,Belagavi Station 1,Fast,31,23.3,223.0,279.60000000000002,EV Fleet India,Belagavi,Completed,Good,D0730,Rainy,22.5,76.0,26.32,Healthy
EV0731,MG ZS EV,MG,2023,50,98.7,2028-01-08 14:45:00,2028-01-08 15:41:00,0.93,Mangalore Station 1,Normal,28,16.5,183.0,198,City EV,Mangalore,Completed,Good,D0731,Cloudy,22.5,76.0,26.32,Healthy
EV0732,Tata Nexon EV,Tata,2023,40,95.0,2028-01-09 01:30:00,2028-01-09 01:57:00,0.45,Mysore Station 1,Fast,27,16.7,99.0,200.4,City EV,Mysore,Completed,Good,D0732,Rainy,22.5,76.0,26.32,Healthy
EV0733,Kia EV6,Kia,2023,77,98.1,2028-01-10 11:15:00,2028-01-10 11:44:00,0.48,Bangalore Station 1,Fast,27,20.2,251.0,242.4,City EV,Bangalore,Completed,Good,D0733,Cloudy,22.5,76.0,26.32,Healthy
EV0734,Tata Curvv EV,Tata,2023,55,99.2,2028-01-11 05:15:00,2028-01-11 05:55:00,0.67,Mangalore Station 1,Fast,34,35.8,79.0,429.6,Premium Fleet,Mangalore,Completed,Good,D0734,Rainy,22.5,76.0,26.32,Healthy
EV0735,Mahindra XUV400,Mahindra,2023,39,94.3,2028-01-12 01:00:00,2028-01-12 02:40:00,1.67,Belagavi Station 2,Normal,35,28.5,162.0,342,Premium Fleet,Belagavi,Completed,Good,D0735,Sunny,22.5,76.0,26.32,Healthy
EV0736,Kia EV6,Kia,2023,77,97.0,2028-01-13 09:45:00,2028-01-13 11:44:00,1.98,Mysore Station 2,Normal,32,37.1,231.0,445.2,EV Fleet India,Mysore,Completed,Good,D0736,Sunny,22.5,76.0,26.32,Healthy
EV0737,Tata Curvv EV,Tata,2023,55,97.6,2028-01-14 07:00:00,2028-01-14 07:43:00,0.72,Hubli Station 1,Fast,39,39.3,213.0,471.6,Premium Fleet,Hubli,Completed,Good,D0737,Cloudy,22.5,76.0,26.32,Healthy
EV0738,Tata Nexon EV,Tata,2023,40,94.9,2028-01-15 15:15:00,2028-01-15 16:04:00,0.82,Mysore Station 2,Normal,34,16.2,239.0,194.4,EV Fleet India,Mysore,Completed,Good,D0738,Cloudy,22.5,76.0,26.32,Healthy
EV0739,BYD Atto 3,BYD,2023,60,99.2,2028-01-16 11:45:00,2028-01-16 12:14:00,0.48,Hubli Station 2,Fast,29,18.4,334.0,220.8,EV Fleet India,Hubli,Completed,Good,D0739,Cloudy,22.5,76.0,26.32,Healthy
EV0740,Tata Curvv EV,Tata,2023,55,94.2,2028-01-17 20:45:00,2028-01-17 22:44:00,1.98,Bangalore Station 2,Normal,32,37.4,110.0,448.8,Green Mobility,Bangalore,Completed,Good,D0740,Sunny,22.5,76.0,26.32,Healthy
EV0741,Tata Nexon EV,Tata,2023,40,94.1,2028-01-18 08:00:00,2028-01-18 08:21:00,0.35,Belagavi Station 2,Fast,31,14.1,114.0,169.2,Premium Fleet,Belagavi,Completed,Good,D0741,Sunny,22.5,76.0,26.32,Healthy
EV0742,BYD Seal,BYD,2023,82,96.8,2028-01-19 03:45:00,2028-01-19 07:24:00,3.65,Belagavi Station 1,Normal,27,65.1,315.0,781.2,EV Fleet India,Belagavi,Completed,Good,D0742,Sunny,22.5,76.0,26.32,Healthy
EV0743,MG ZS EV,MG,2023,50,99.0,2028-01-20 04:30:00,2028-01-20 06:42:00,2.2,Mangalore Station 1,Normal,32,39.8,115.0,477.6,City EV,Mangalore,Completed,Good,D0743,Sunny,22.5,76.0,26.32,Healthy
EV0744,Kia EV6,Kia,2023,77,97.2,2028-01-21 00:00:00,2028-01-21 03:42:00,3.7,Hubli Station 1,Normal,36,64.3,313.0,771.6,Eco Drive,Hubli,Completed,Good,D0744,Rainy,22.5,76.0,26.32,Healthy
EV0745,MG Comet EV,MG,2023,17,97.8,2028-01-22 09:00:00,2028-01-22 09:15:00,0.25,Mysore Station 1,Fast,32,10.1,107.0,121.2,Green Mobility,Mysore,Completed,Good,D0745,Rainy,22.5,76.0,26.32,Healthy
EV0746,Tata Punch EV,Tata,2023,35,96.6,2028-01-23 20:45:00,2028-01-23 20:59:00,0.23,Bangalore Station 2,Fast,39,14.3,322.0,171.6,City EV,Bangalore,Completed,Good,D0746,Sunny,22.5,76.0,26.32,Healthy
EV0747,BYD Atto 3,BYD,2023,60,99.2,2028-01-24 14:00:00,2028-01-24 15:49:00,1.82,Mysore Station 1,Normal,32,32.7,136.0,392.4,Green Mobility,Mysore,Completed,Good,D0747,Rainy,22.5,76.0,26.32,Healthy
EV0748,BYD Seal,BYD,2023,82,97.5,2028-01-25 23:30:00,2028-01-26 02:03:00,2.55,Mysore Station 2,Normal,38,45.4,284.0,544.79999999999995,Eco Drive,Mysore,Completed,Good,D0748,Sunny,22.5,76.0,26.32,Healthy
EV0749,Tata Nexon EV,Tata,2023,40,99.1,2028-01-26 18:15:00,2028-01-26 18:54:00,0.65,Bangalore Station 1,Fast,37,26.1,296.0,313.2,Premium Fleet,Bangalore,Completed,Good,D0749,Sunny,22.5,76.0,26.32,Healthy
EV0750,BYD Atto 3,BYD,2023,60,93.6,2028-01-27 08:15:00,2028-01-27 08:41:00,0.43,Belagavi Station 1,Fast,36,18.0,86.0,216,Premium Fleet,Belagavi,Completed,Good,D0750,Cloudy,22.5,76.0,26.32,Healthy
EV0751,MG Comet EV,MG,2023,17,98.1,2028-01-28 14:00:00,2028-01-28 14:10:00,0.17,Mangalore Station 1,Fast,36,7.4,244.0,88.8,EV Fleet India,Mangalore,Completed,Good,D0751,Rainy,22.5,76.0,26.32,Healthy
EV0752,Tata Punch EV,Tata,2023,35,94.5,2028-01-29 08:45:00,2028-01-29 09:01:00,0.27,Hubli Station 1,Fast,27,16.2,314.0,194.4,EV Fleet India,Hubli,Completed,Good,D0752,Cloudy,22.5,76.0,26.32,Healthy
EV0753,MG ZS EV,MG,2023,50,94.9,2028-01-30 00:45:00,2028-01-30 01:17:00,0.53,Mangalore Station 2,Fast,28,24.5,117.0,294,Eco Drive,Mangalore,Completed,Good,D0753,Rainy,22.5,76.0,26.32,Healthy
EV0754,Hyundai Kona EV,Hyundai,2023,39,98.0,2028-01-31 15:00:00,2028-01-31 15:39:00,0.65,Mangalore Station 1,Fast,27,29.1,207.0,349.2,Eco Drive,Mangalore,Completed,Good,D0754,Cloudy,22.5,76.0,26.32,Healthy
EV0755,BYD Atto 3,BYD,2023,60,94.5,2028-02-01 11:15:00,2028-02-01 13:13:00,1.97,Mysore Station 2,Normal,38,36.2,341.0,434.4,Green Mobility,Mysore,Completed,Good,D0755,Sunny,22.5,76.0,26.32,Healthy
EV0756,Mahindra XUV400,Mahindra,2023,39,96.2,2028-02-02 18:45:00,2028-02-02 19:18:00,0.55,Belagavi Station 1,Normal,37,10.5,129.0,126,Premium Fleet,Belagavi,Completed,Good,D0756,Cloudy,22.5,76.0,26.32,Healthy
EV0757,Hyundai Kona EV,Hyundai,2023,39,96.6,2028-02-03 15:45:00,2028-02-03 16:38:00,0.88,Mangalore Station 2,Normal,31,16.0,331.0,192,City EV,Mangalore,Completed,Good,D0757,Cloudy,22.5,76.0,26.32,Healthy
EV0758,Hyundai Kona EV,Hyundai,2023,39,95.8,2028-02-04 20:00:00,2028-02-04 20:42:00,0.7,Mangalore Station 1,Normal,33,12.3,339.0,147.6,Green Mobility,Mangalore,Completed,Good,D0758,Cloudy,22.5,76.0,26.32,Healthy
EV0759,BYD Atto 3,BYD,2023,60,93.7,2028-02-05 09:15:00,2028-02-05 10:48:00,1.55,Mangalore Station 1,Normal,28,26.2,164.0,314.39999999999998,Premium Fleet,Mangalore,Completed,Good,D0759,Rainy,22.5,76.0,26.32,Healthy
EV0760,Tata Curvv EV,Tata,2023,55,96.5,2028-02-06 02:00:00,2028-02-06 02:46:00,0.77,Mangalore Station 1,Fast,27,40.3,218.0,483.6,City EV,Mangalore,Completed,Good,D0760,Cloudy,22.5,76.0,26.32,Healthy
EV0761,Kia EV6,Kia,2023,77,96.2,2028-02-07 17:30:00,2028-02-07 18:03:00,0.55,Bangalore Station 2,Fast,39,21.6,122.0,259.2,City EV,Bangalore,Completed,Good,D0761,Cloudy,22.5,76.0,26.32,Healthy
EV0762,Tata Curvv EV,Tata,2023,55,94.0,2028-02-08 16:15:00,2028-02-08 16:36:00,0.35,Hubli Station 1,Fast,38,21.9,198.0,262.8,City EV,Hubli,Completed,Good,D0762,Rainy,22.5,76.0,26.32,Healthy
EV0763,Tata Curvv EV,Tata,2023,55,99.2,2028-02-09 11:30:00,2028-02-09 13:53:00,2.38,Bangalore Station 1,Normal,28,44.3,190.0,531.6,Green Mobility,Bangalore,Completed,Good,D0763,Rainy,22.5,76.0,26.32,Healthy
EV0764,Tata Curvv EV,Tata,2023,55,95.0,2028-02-10 05:15:00,2028-02-10 05:57:00,0.7,Mangalore Station 2,Fast,39,33.9,242.0,406.8,Green Mobility,Mangalore,Completed,Good,D0764,Sunny,22.5,76.0,26.32,Healthy
EV0765,BYD Atto 3,BYD,2023,60,98.7,2028-02-11 00:30:00,2028-02-11 02:41:00,2.18,Mangalore Station 1,Normal,38,36.9,238.0,442.8,EV Fleet India,Mangalore,Completed,Good,D0765,Rainy,22.5,76.0,26.32,Healthy
EV0766,MG Comet EV,MG,2023,17,95.2,2028-02-12 05:15:00,2028-02-12 05:33:00,0.3,Mangalore Station 2,Normal,34,4.6,80.0,55.2,Premium Fleet,Mangalore,Completed,Good,D0766,Cloudy,22.5,76.0,26.32,Healthy
EV0767,Tata Nexon EV,Tata,2023,40,96.6,2028-02-13 20:30:00,2028-02-13 20:58:00,0.47,Hubli Station 2,Fast,36,26.4,158.0,316.8,EV Fleet India,Hubli,Completed,Good,D0767,Cloudy,22.5,76.0,26.32,Healthy
EV0768,BYD Seal,BYD,2023,82,99.3,2028-02-14 08:15:00,2028-02-14 09:14:00,0.98,Belagavi Station 2,Fast,34,52.1,287.0,625.20000000000005,Green Mobility,Belagavi,Completed,Good,D0768,Cloudy,22.5,76.0,26.32,Healthy
EV0769,MG ZS EV,MG,2023,50,95.9,2028-02-15 08:45:00,2028-02-15 10:05:00,1.33,Belagavi Station 2,Normal,39,24.9,306.0,298.8,Green Mobility,Belagavi,Completed,Good,D0769,Cloudy,22.5,76.0,26.32,Healthy
EV0770,BYD Atto 3,BYD,2023,60,96.3,2028-02-16 19:45:00,2028-02-16 20:28:00,0.72,Mangalore Station 2,Fast,33,31.3,316.0,375.6,Eco Drive,Mangalore,Completed,Good,D0770,Sunny,22.5,76.0,26.32,Healthy
EV0771,MG Comet EV,MG,2023,17,93.6,2028-02-17 09:30:00,2028-02-17 09:37:00,0.12,Hubli Station 2,Fast,33,10.7,321.0,128.4,City EV,Hubli,Completed,Good,D0771,Rainy,22.5,76.0,26.32,Healthy
EV0772,MG Comet EV,MG,2023,17,98.0,2028-02-18 05:15:00,2028-02-18 05:24:00,0.15,Mangalore Station 2,Fast,37,10.7,303.0,128.4,Eco Drive,Mangalore,Completed,Good,D0772,Cloudy,22.5,76.0,26.32,Healthy
EV0773,Hyundai Kona EV,Hyundai,2023,39,94.8,2028-02-19 14:15:00,2028-02-19 14:38:00,0.38,Belagavi Station 1,Fast,38,24.1,69.0,289.2,Eco Drive,Belagavi,Completed,Good,D0773,Rainy,22.5,76.0,26.32,Healthy
EV0774,BYD Seal,BYD,2023,82,94.3,2028-02-20 10:00:00,2028-02-20 13:05:00,3.08,Mangalore Station 1,Normal,27,56.1,123.0,673.2,Premium Fleet,Mangalore,Completed,Good,D0774,Cloudy,22.5,76.0,26.32,Healthy
EV0775,Tata Curvv EV,Tata,2023,55,97.2,2028-02-21 05:15:00,2028-02-21 05:55:00,0.67,Hubli Station 2,Fast,36,30.7,169.0,368.4,Eco Drive,Hubli,Completed,Good,D0775,Sunny,22.5,76.0,26.32,Healthy
EV0776,MG Comet EV,MG,2023,17,95.6,2028-02-22 06:30:00,2028-02-22 06:46:00,0.27,Mysore Station 1,Fast,32,8.1,101.0,97.2,City EV,Mysore,Completed,Good,D0776,Sunny,22.5,76.0,26.32,Healthy
EV0777,MG Comet EV,MG,2023,17,95.8,2028-02-23 02:00:00,2028-02-23 02:10:00,0.17,Mysore Station 1,Fast,29,5.4,331.0,64.8,City EV,Mysore,Completed,Good,D0777,Cloudy,22.5,76.0,26.32,Healthy
EV0778,BYD Atto 3,BYD,2023,60,93.4,2028-02-24 09:45:00,2028-02-24 10:38:00,0.88,Mysore Station 2,Fast,39,37.7,348.0,452.4,Eco Drive,Mysore,Completed,Good,D0778,Cloudy,22.5,76.0,26.32,Healthy
EV0779,BYD Atto 3,BYD,2023,60,94.7,2028-02-25 21:45:00,2028-02-26 00:18:00,2.55,Mangalore Station 1,Normal,28,45.6,200.0,547.20000000000005,Premium Fleet,Mangalore,Completed,Good,D0779,Cloudy,22.5,76.0,26.32,Healthy
EV0780,MG ZS EV,MG,2023,50,94.5,2028-02-26 21:15:00,2028-02-26 21:34:00,0.32,Bangalore Station 1,Fast,33,13.8,276.0,165.6,Green Mobility,Bangalore,Completed,Good,D0780,Rainy,22.5,76.0,26.32,Healthy
EV0781,Hyundai Kona EV,Hyundai,2023,39,99.0,2028-02-27 07:15:00,2028-02-27 07:44:00,0.48,Belagavi Station 2,Fast,37,22.3,315.0,267.60000000000002,EV Fleet India,Belagavi,Completed,Good,D0781,Rainy,22.5,76.0,26.32,Healthy
EV0782,Tata Curvv EV,Tata,2023,55,97.5,2028-02-28 19:15:00,2028-02-28 20:02:00,0.78,Mysore Station 2,Fast,36,33.7,327.0,404.4,City EV,Mysore,Completed,Good,D0782,Cloudy,22.5,76.0,26.32,Healthy
EV0783,Mahindra XUV400,Mahindra,2023,39,97.3,2028-02-29 02:00:00,2028-02-29 02:26:00,0.43,Belagavi Station 2,Fast,27,17.2,234.0,206.4,EV Fleet India,Belagavi,Completed,Good,D0783,Cloudy,22.5,76.0,26.32,Healthy
EV0784,Tata Nexon EV,Tata,2023,40,96.4,2028-03-01 21:00:00,2028-03-01 21:16:00,0.27,Hubli Station 1,Fast,30,16.6,117.0,199.2,Premium Fleet,Hubli,Completed,Good,D0784,Sunny,22.5,76.0,26.32,Healthy
EV0785,Tata Nexon EV,Tata,2023,40,97.3,2028-03-02 19:15:00,2028-03-02 20:32:00,1.28,Mysore Station 2,Normal,39,21.2,110.0,254.4,Green Mobility,Mysore,Completed,Good,D0785,Sunny,22.5,76.0,26.32,Healthy
EV0786,Tata Nexon EV,Tata,2023,40,94.5,2028-03-03 11:00:00,2028-03-03 11:29:00,0.48,Belagavi Station 2,Fast,30,26.0,73.0,312,EV Fleet India,Belagavi,Completed,Good,D0786,Sunny,22.5,76.0,26.32,Healthy
EV0787,Tata Nexon EV,Tata,2023,40,96.3,2028-03-04 16:15:00,2028-03-04 16:52:00,0.62,Hubli Station 2,Fast,28,27.5,163.0,330,EV Fleet India,Hubli,Completed,Good,D0787,Cloudy,22.5,76.0,26.32,Healthy
EV0788,MG ZS EV,MG,2023,50,98.6,2028-03-05 09:45:00,2028-03-05 10:45:00,1.0,Hubli Station 2,Normal,29,16.5,100.0,198,Eco Drive,Hubli,Completed,Good,D0788,Rainy,22.5,76.0,26.32,Healthy
EV0789,Tata Curvv EV,Tata,2023,55,99.2,2028-03-06 02:30:00,2028-03-06 03:56:00,1.43,Hubli Station 2,Normal,29,24.9,159.0,298.8,Eco Drive,Hubli,Completed,Good,D0789,Sunny,22.5,76.0,26.32,Healthy
EV0790,Hyundai Kona EV,Hyundai,2023,39,93.6,2028-03-07 12:15:00,2028-03-07 13:08:00,0.88,Mangalore Station 1,Normal,32,16.9,309.0,202.8,EV Fleet India,Mangalore,Completed,Good,D0790,Sunny,22.5,76.0,26.32,Healthy
EV0791,Mahindra XUV400,Mahindra,2023,39,98.7,2028-03-08 07:45:00,2028-03-08 08:03:00,0.3,Hubli Station 1,Fast,37,10.2,206.0,122.4,Premium Fleet,Hubli,Completed,Good,D0791,Cloudy,22.5,76.0,26.32,Healthy
EV0792,Tata Curvv EV,Tata,2023,55,97.3,2028-03-09 13:00:00,2028-03-09 14:15:00,1.25,Belagavi Station 2,Normal,36,20.8,323.0,249.6,Green Mobility,Belagavi,Completed,Good,D0792,Rainy,22.5,76.0,26.32,Healthy
EV0793,Tata Nexon EV,Tata,2023,40,93.5,2028-03-10 02:45:00,2028-03-10 03:39:00,0.9,Mangalore Station 2,Normal,34,16.7,313.0,200.4,City EV,Mangalore,Completed,Good,D0793,Rainy,22.5,76.0,26.32,Healthy
EV0794,Tata Punch EV,Tata,2023,35,96.9,2028-03-11 03:30:00,2028-03-11 03:50:00,0.33,Belagavi Station 1,Fast,30,13.4,348.0,160.80000000000001,EV Fleet India,Belagavi,Completed,Good,D0794,Sunny,22.5,76.0,26.32,Healthy
EV0795,Tata Punch EV,Tata,2023,35,97.0,2028-03-12 12:00:00,2028-03-12 12:22:00,0.37,Hubli Station 1,Fast,31,14.3,100.0,171.6,City EV,Hubli,Completed,Good,D0795,Rainy,22.5,76.0,26.32,Healthy
EV0796,BYD Atto 3,BYD,2023,60,97.2,2028-03-13 09:00:00,2028-03-13 10:17:00,1.28,Mangalore Station 2,Normal,36,24.4,177.0,292.8,Premium Fleet,Mangalore,Completed,Good,D0796,Rainy,22.5,76.0,26.32,Healthy
EV0797,BYD Atto 3,BYD,2023,60,95.4,2028-03-14 01:00:00,2028-03-14 01:34:00,0.57,Hubli Station 1,Fast,35,23.1,337.0,277.2,City EV,Hubli,Completed,Good,D0797,Rainy,22.5,76.0,26.32,Healthy
EV0798,MG Comet EV,MG,2023,17,96.9,2028-03-15 23:00:00,2028-03-15 23:13:00,0.22,Mysore Station 2,Fast,33,4.5,164.0,54,Premium Fleet,Mysore,Completed,Good,D0798,Sunny,22.5,76.0,26.32,Healthy
EV0799,Tata Punch EV,Tata,2023,35,94.8,2028-03-16 05:30:00,2028-03-16 06:11:00,0.68,Mangalore Station 1,Normal,35,10.3,111.0,123.6,Eco Drive,Mangalore,Completed,Good,D0799,Rainy,22.5,76.0,26.32,Healthy
EV0800,Kia EV6,Kia,2023,77,97.4,2028-03-17 16:30:00,2028-03-17 18:17:00,1.78,Bangalore Station 1,Normal,29,30.4,243.0,364.8,Premium Fleet,Bangalore,Completed,Good,D0800,Rainy,22.5,76.0,26.32,Healthy
EV0801,BYD Atto 3,BYD,2023,60,98.9,2028-03-18 01:30:00,2028-03-18 03:41:00,2.18,Hubli Station 1,Normal,31,39.4,307.0,472.8,EV Fleet India,Hubli,Completed,Good,D0801,Cloudy,22.5,76.0,26.32,Healthy
EV0802,Kia EV6,Kia,2023,77,95.7,2028-03-19 22:00:00,2028-03-19 22:40:00,0.67,Mysore Station 1,Fast,31,26.7,330.0,320.39999999999998,Green Mobility,Mysore,Completed,Good,D0802,Rainy,22.5,76.0,26.32,Healthy
EV0803,Tata Punch EV,Tata,2023,35,94.0,2028-03-20 09:30:00,2028-03-20 09:48:00,0.3,Belagavi Station 2,Fast,36,17.6,97.0,211.2,Premium Fleet,Belagavi,Completed,Good,D0803,Cloudy,22.5,76.0,26.32,Healthy
EV0804,MG ZS EV,MG,2023,50,95.3,2028-03-21 13:00:00,2028-03-21 13:31:00,0.52,Belagavi Station 2,Fast,39,26.6,214.0,319.2,Eco Drive,Belagavi,Completed,Good,D0804,Sunny,22.5,76.0,26.32,Healthy
EV0805,Tata Nexon EV,Tata,2023,40,97.7,2028-03-22 21:45:00,2028-03-22 22:14:00,0.48,Mangalore Station 2,Fast,34,18.9,247.0,226.8,City EV,Mangalore,Completed,Good,D0805,Rainy,22.5,76.0,26.32,Healthy
EV0806,Tata Curvv EV,Tata,2023,55,94.6,2028-03-23 15:30:00,2028-03-23 16:16:00,0.77,Mysore Station 1,Fast,31,32.9,194.0,394.8,Green Mobility,Mysore,Completed,Good,D0806,Sunny,22.5,76.0,26.32,Healthy
EV0807,Tata Nexon EV,Tata,2023,40,95.1,2028-03-24 21:45:00,2028-03-24 23:09:00,1.4,Hubli Station 2,Normal,34,25.1,150.0,301.2,Green Mobility,Hubli,Completed,Good,D0807,Sunny,22.5,76.0,26.32,Healthy
EV0808,MG Comet EV,MG,2023,17,94.8,2028-03-25 03:45:00,2028-03-25 04:27:00,0.7,Mangalore Station 1,Normal,33,13.0,88.0,156,Eco Drive,Mangalore,Completed,Good,D0808,Rainy,22.5,76.0,26.32,Healthy
EV0809,BYD Atto 3,BYD,2023,60,94.5,2028-03-26 23:45:00,2028-03-27 00:05:00,0.33,Hubli Station 1,Fast,39,16.4,339.0,196.8,Green Mobility,Hubli,Completed,Good,D0809,Rainy,22.5,76.0,26.32,Healthy
EV0810,Tata Curvv EV,Tata,2023,55,96.2,2028-03-27 19:30:00,2028-03-27 20:46:00,1.27,Hubli Station 2,Normal,38,23.5,211.0,282,Premium Fleet,Hubli,Completed,Good,D0810,Sunny,22.5,76.0,26.32,Healthy
EV0811,BYD Atto 3,BYD,2023,60,98.6,2028-03-28 09:30:00,2028-03-28 10:42:00,1.2,Hubli Station 1,Normal,28,20.4,153.0,244.8,Eco Drive,Hubli,Completed,Good,D0811,Sunny,22.5,76.0,26.32,Healthy
EV0812,BYD Seal,BYD,2023,82,98.0,2028-03-29 00:45:00,2028-03-29 01:21:00,0.6,Hubli Station 2,Fast,28,34.6,187.0,415.2,City EV,Hubli,Completed,Good,D0812,Cloudy,22.5,76.0,26.32,Healthy
EV0813,Kia EV6,Kia,2023,77,98.6,2028-03-30 20:30:00,2028-03-30 22:37:00,2.12,Bangalore Station 1,Normal,32,36.3,273.0,435.6,City EV,Bangalore,Completed,Good,D0813,Sunny,22.5,76.0,26.32,Healthy
EV0814,Hyundai Kona EV,Hyundai,2023,39,97.4,2028-03-31 22:30:00,2028-03-31 22:49:00,0.32,Bangalore Station 1,Fast,31,19.4,252.0,232.8,Premium Fleet,Bangalore,Completed,Good,D0814,Cloudy,22.5,76.0,26.32,Healthy
EV0815,Mahindra XUV400,Mahindra,2023,39,98.6,2028-04-01 07:30:00,2028-04-01 07:58:00,0.47,Mangalore Station 2,Fast,28,25.2,296.0,302.39999999999998,Eco Drive,Mangalore,Completed,Good,D0815,Rainy,22.5,76.0,26.32,Healthy
EV0816,Kia EV6,Kia,2023,77,96.9,2028-04-02 13:45:00,2028-04-02 14:38:00,0.88,Mysore Station 1,Fast,37,38.6,124.0,463.2,Premium Fleet,Mysore,Completed,Good,D0816,Rainy,22.5,76.0,26.32,Healthy
EV0817,Tata Nexon EV,Tata,2023,40,98.4,2028-04-03 18:00:00,2028-04-03 18:30:00,0.5,Belagavi Station 2,Fast,39,27.7,255.0,332.4,Premium Fleet,Belagavi,Completed,Good,D0817,Rainy,22.5,76.0,26.32,Healthy
EV0818,Tata Punch EV,Tata,2023,35,95.3,2028-04-04 10:00:00,2028-04-04 10:21:00,0.35,Bangalore Station 1,Fast,30,13.3,165.0,159.6,Premium Fleet,Bangalore,Completed,Good,D0818,Cloudy,22.5,76.0,26.32,Healthy
EV0819,Mahindra XUV400,Mahindra,2023,39,95.2,2028-04-05 20:45:00,2028-04-05 22:37:00,1.87,Hubli Station 2,Normal,29,31.9,325.0,382.8,Eco Drive,Hubli,Completed,Good,D0819,Rainy,22.5,76.0,26.32,Healthy
EV0820,MG ZS EV,MG,2023,50,98.9,2028-04-06 03:15:00,2028-04-06 04:04:00,0.82,Bangalore Station 1,Fast,32,39.3,208.0,471.6,Premium Fleet,Bangalore,Completed,Good,D0820,Cloudy,22.5,76.0,26.32,Healthy
EV0821,BYD Atto 3,BYD,2023,60,99.3,2028-04-07 17:45:00,2028-04-07 20:17:00,2.53,Belagavi Station 1,Normal,37,44.1,347.0,529.20000000000005,City EV,Belagavi,Completed,Good,D0821,Cloudy,22.5,76.0,26.32,Healthy
EV0822,Kia EV6,Kia,2023,77,96.0,2028-04-08 06:30:00,2028-04-08 09:56:00,3.43,Belagavi Station 1,Normal,29,62.2,119.0,746.4,Green Mobility,Belagavi,Completed,Good,D0822,Cloudy,22.5,76.0,26.32,Healthy
EV0823,Mahindra XUV400,Mahindra,2023,39,97.6,2028-04-09 00:00:00,2028-04-09 00:18:00,0.3,Mangalore Station 1,Fast,33,14.0,338.0,168,City EV,Mangalore,Completed,Good,D0823,Cloudy,22.5,76.0,26.32,Healthy
EV0824,MG ZS EV,MG,2023,50,97.9,2028-04-10 10:30:00,2028-04-10 10:45:00,0.25,Bangalore Station 2,Fast,28,15.3,69.0,183.6,EV Fleet India,Bangalore,Completed,Good,D0824,Cloudy,22.5,76.0,26.32,Healthy
EV0825,Tata Curvv EV,Tata,2023,55,95.4,2028-04-11 23:45:00,2028-04-12 01:08:00,1.38,Belagavi Station 1,Normal,29,24.9,296.0,298.8,City EV,Belagavi,Completed,Good,D0825,Rainy,22.5,76.0,26.32,Healthy
EV0826,Mahindra XUV400,Mahindra,2023,39,97.0,2028-04-12 18:30:00,2028-04-12 19:01:00,0.52,Bangalore Station 1,Fast,34,27.9,237.0,334.8,EV Fleet India,Bangalore,Completed,Good,D0826,Rainy,22.5,76.0,26.32,Healthy
EV0827,Tata Punch EV,Tata,2023,35,98.4,2028-04-13 07:15:00,2028-04-13 07:34:00,0.32,Mysore Station 2,Fast,27,17.8,107.0,213.6,Premium Fleet,Mysore,Completed,Good,D0827,Cloudy,22.5,76.0,26.32,Healthy
EV0828,Kia EV6,Kia,2023,77,93.9,2028-04-14 05:45:00,2028-04-14 06:48:00,1.05,Mysore Station 1,Fast,28,51.1,258.0,613.20000000000005,Premium Fleet,Mysore,Completed,Good,D0828,Cloudy,22.5,76.0,26.32,Healthy
EV0829,Hyundai Kona EV,Hyundai,2023,39,94.4,2028-04-15 15:45:00,2028-04-15 16:09:00,0.4,Belagavi Station 1,Fast,27,13.4,346.0,160.80000000000001,Eco Drive,Belagavi,Completed,Good,D0829,Sunny,22.5,76.0,26.32,Healthy
EV0830,Mahindra XUV400,Mahindra,2023,39,94.1,2028-04-16 17:45:00,2028-04-16 18:10:00,0.42,Belagavi Station 2,Fast,27,14.2,237.0,170.4,Eco Drive,Belagavi,Completed,Good,D0830,Sunny,22.5,76.0,26.32,Healthy
EV0831,Kia EV6,Kia,2023,77,95.0,2028-04-17 05:15:00,2028-04-17 05:45:00,0.5,Belagavi Station 1,Fast,34,26.7,219.0,320.39999999999998,Premium Fleet,Belagavi,Completed,Good,D0831,Rainy,22.5,76.0,26.32,Healthy
EV0832,Hyundai Kona EV,Hyundai,2023,39,94.0,2028-04-18 04:45:00,2028-04-18 05:17:00,0.53,Hubli Station 2,Fast,28,20.5,255.0,246,Premium Fleet,Hubli,Completed,Good,D0832,Sunny,22.5,76.0,26.32,Healthy
EV0833,Mahindra XUV400,Mahindra,2023,39,99.0,2028-04-19 19:45:00,2028-04-19 20:09:00,0.4,Bangalore Station 1,Fast,29,17.5,82.0,210,EV Fleet India,Bangalore,Completed,Good,D0833,Sunny,22.5,76.0,26.32,Healthy
EV0834,Mahindra XUV400,Mahindra,2023,39,95.0,2028-04-20 01:00:00,2028-04-20 01:44:00,0.73,Hubli Station 1,Normal,35,14.3,314.0,171.6,City EV,Hubli,Completed,Good,D0834,Sunny,22.5,76.0,26.32,Healthy
EV0835,Tata Nexon EV,Tata,2023,40,97.3,2028-04-21 09:30:00,2028-04-21 11:00:00,1.5,Hubli Station 2,Normal,37,27.8,267.0,333.6,EV Fleet India,Hubli,Completed,Good,D0835,Sunny,22.5,76.0,26.32,Healthy
EV0836,Hyundai Kona EV,Hyundai,2023,39,93.6,2028-04-22 23:00:00,2028-04-22 23:32:00,0.53,Mangalore Station 1,Fast,28,23.1,140.0,277.2,City EV,Mangalore,Completed,Good,D0836,Cloudy,22.5,76.0,26.32,Healthy
EV0837,MG ZS EV,MG,2023,50,93.8,2028-04-23 23:45:00,2028-04-24 00:23:00,0.63,Mysore Station 2,Fast,31,28.0,120.0,336,EV Fleet India,Mysore,Completed,Good,D0837,Sunny,22.5,76.0,26.32,Healthy
EV0838,Tata Punch EV,Tata,2023,35,96.8,2028-04-24 02:00:00,2028-04-24 02:30:00,0.5,Mangalore Station 1,Fast,27,22.4,167.0,268.8,Eco Drive,Mangalore,Completed,Good,D0838,Sunny,22.5,76.0,26.32,Healthy
EV0839,MG Comet EV,MG,2023,17,93.5,2028-04-25 12:00:00,2028-04-25 12:08:00,0.13,Belagavi Station 2,Fast,37,9.3,276.0,111.6,EV Fleet India,Belagavi,Completed,Good,D0839,Rainy,22.5,76.0,26.32,Healthy
EV0840,Kia EV6,Kia,2023,77,94.9,2028-04-26 07:15:00,2028-04-26 08:58:00,1.72,Hubli Station 1,Normal,32,31.4,281.0,376.8,Eco Drive,Hubli,Completed,Good,D0840,Sunny,22.5,76.0,26.32,Healthy
EV0841,BYD Seal,BYD,2023,82,98.8,2028-04-27 11:45:00,2028-04-27 13:34:00,1.82,Mangalore Station 1,Normal,29,34.2,250.0,410.4,EV Fleet India,Mangalore,Completed,Good,D0841,Rainy,22.5,76.0,26.32,Healthy
EV0842,Tata Curvv EV,Tata,2023,55,95.4,2028-04-28 04:45:00,2028-04-28 05:32:00,0.78,Mangalore Station 1,Fast,35,32.6,78.0,391.2,Premium Fleet,Mangalore,Completed,Good,D0842,Rainy,22.5,76.0,26.32,Healthy
EV0843,Kia EV6,Kia,2023,77,97.8,2028-04-29 08:30:00,2028-04-29 10:15:00,1.75,Belagavi Station 2,Normal,32,33.0,143.0,396,City EV,Belagavi,Completed,Good,D0843,Rainy,22.5,76.0,26.32,Healthy
EV0844,Tata Curvv EV,Tata,2023,55,99.2,2028-04-30 16:45:00,2028-04-30 17:48:00,1.05,Mysore Station 1,Normal,27,19.7,200.0,236.4,Eco Drive,Mysore,Completed,Good,D0844,Sunny,22.5,76.0,26.32,Healthy
EV0845,MG Comet EV,MG,2023,17,97.6,2028-05-01 00:45:00,2028-05-01 01:02:00,0.28,Bangalore Station 2,Fast,30,14.4,346.0,172.8,Eco Drive,Bangalore,Completed,Good,D0845,Cloudy,22.5,76.0,26.32,Healthy
EV0846,Mahindra XUV400,Mahindra,2023,39,97.4,2028-05-02 04:30:00,2028-05-02 04:45:00,0.25,Mangalore Station 1,Fast,39,11.4,304.0,136.80000000000001,Eco Drive,Mangalore,Completed,Good,D0846,Sunny,22.5,76.0,26.32,Healthy
EV0847,MG Comet EV,MG,2023,17,98.6,2028-05-03 10:15:00,2028-05-03 10:35:00,0.33,Belagavi Station 2,Normal,36,4.8,123.0,57.6,Eco Drive,Belagavi,Completed,Good,D0847,Rainy,22.5,76.0,26.32,Healthy
EV0848,Hyundai Kona EV,Hyundai,2023,39,95.0,2028-05-04 23:45:00,2028-05-05 00:28:00,0.72,Belagavi Station 2,Normal,33,14.0,96.0,168,Eco Drive,Belagavi,Completed,Good,D0848,Rainy,22.5,76.0,26.32,Healthy
EV0849,BYD Atto 3,BYD,2023,60,96.0,2028-05-05 14:15:00,2028-05-05 14:59:00,0.73,Belagavi Station 1,Fast,27,34.7,83.0,416.4,Premium Fleet,Belagavi,Completed,Good,D0849,Rainy,22.5,76.0,26.32,Healthy
EV0850,Tata Nexon EV,Tata,2023,40,97.3,2028-05-06 15:15:00,2028-05-06 15:49:00,0.57,Mysore Station 2,Fast,28,26.1,135.0,313.2,Green Mobility,Mysore,Completed,Good,D0850,Sunny,22.5,76.0,26.32,Healthy
EV0851,Tata Nexon EV,Tata,2023,40,96.4,2028-05-07 12:30:00,2028-05-07 14:08:00,1.63,Belagavi Station 1,Normal,39,27.1,90.0,325.2,EV Fleet India,Belagavi,Completed,Good,D0851,Sunny,22.5,76.0,26.32,Healthy
EV0852,Tata Curvv EV,Tata,2023,55,99.2,2028-05-08 12:45:00,2028-05-08 13:44:00,0.98,Bangalore Station 2,Normal,31,19.1,138.0,229.2,City EV,Bangalore,Completed,Good,D0852,Rainy,22.5,76.0,26.32,Healthy
EV0853,Kia EV6,Kia,2023,77,93.8,2028-05-09 08:00:00,2028-05-09 08:41:00,0.68,Mangalore Station 2,Fast,27,27.7,147.0,332.4,Eco Drive,Mangalore,Completed,Good,D0853,Sunny,22.5,76.0,26.32,Healthy
EV0854,MG Comet EV,MG,2023,17,97.5,2028-05-10 11:45:00,2028-05-10 11:59:00,0.23,Bangalore Station 1,Fast,37,7.8,244.0,93.6,Eco Drive,Bangalore,Completed,Good,D0854,Rainy,22.5,76.0,26.32,Healthy
EV0855,Mahindra XUV400,Mahindra,2023,39,93.4,2028-05-11 11:00:00,2028-05-11 11:20:00,0.33,Mysore Station 1,Fast,37,13.4,201.0,160.80000000000001,Eco Drive,Mysore,Completed,Good,D0855,Cloudy,22.5,76.0,26.32,Healthy
EV0856,Tata Curvv EV,Tata,2023,55,98.6,2028-05-12 22:15:00,2028-05-13 00:09:00,1.9,Belagavi Station 1,Normal,28,33.8,63.0,405.6,City EV,Belagavi,Completed,Good,D0856,Rainy,22.5,76.0,26.32,Healthy
EV0857,Tata Nexon EV,Tata,2023,40,98.7,2028-05-13 04:30:00,2028-05-13 05:46:00,1.27,Bangalore Station 1,Normal,29,21.1,174.0,253.2,Premium Fleet,Bangalore,Completed,Good,D0857,Rainy,22.5,76.0,26.32,Healthy
EV0858,Hyundai Kona EV,Hyundai,2023,39,99.0,2028-05-14 01:30:00,2028-05-14 01:49:00,0.32,Mangalore Station 1,Fast,31,11.5,100.0,138,EV Fleet India,Mangalore,Completed,Good,D0858,Rainy,22.5,76.0,26.32,Healthy
EV0859,Hyundai Kona EV,Hyundai,2023,39,98.6,2028-05-15 00:15:00,2028-05-15 00:39:00,0.4,Belagavi Station 1,Fast,36,19.7,73.0,236.4,Green Mobility,Belagavi,Completed,Good,D0859,Cloudy,22.5,76.0,26.32,Healthy
EV0860,MG Comet EV,MG,2023,17,99.2,2028-05-16 23:00:00,2028-05-16 23:14:00,0.23,Mangalore Station 1,Fast,33,7.6,86.0,91.2,Eco Drive,Mangalore,Completed,Good,D0860,Sunny,22.5,76.0,26.32,Healthy
EV0861,MG Comet EV,MG,2023,17,97.3,2028-05-17 14:00:00,2028-05-17 14:12:00,0.2,Mangalore Station 2,Fast,29,13.3,325.0,159.6,Premium Fleet,Mangalore,Completed,Good,D0861,Sunny,22.5,76.0,26.32,Healthy
EV0862,Hyundai Kona EV,Hyundai,2023,39,98.7,2028-05-18 23:45:00,2028-05-19 00:54:00,1.15,Hubli Station 1,Normal,33,19.2,116.0,230.4,Green Mobility,Hubli,Completed,Good,D0862,Sunny,22.5,76.0,26.32,Healthy
EV0863,BYD Atto 3,BYD,2023,60,96.3,2028-05-19 19:00:00,2028-05-19 19:53:00,0.88,Mysore Station 1,Fast,31,37.9,169.0,454.8,City EV,Mysore,Completed,Good,D0863,Rainy,22.5,76.0,26.32,Healthy
EV0864,Tata Curvv EV,Tata,2023,55,98.9,2028-05-20 13:30:00,2028-05-20 14:02:00,0.53,Mysore Station 2,Fast,31,28.2,328.0,338.4,City EV,Mysore,Completed,Good,D0864,Rainy,22.5,76.0,26.32,Healthy
EV0865,Tata Nexon EV,Tata,2023,40,98.9,2028-05-21 18:00:00,2028-05-21 18:31:00,0.52,Bangalore Station 1,Fast,30,26.1,162.0,313.2,EV Fleet India,Bangalore,Completed,Good,D0865,Sunny,22.5,76.0,26.32,Healthy
EV0866,BYD Atto 3,BYD,2023,60,98.7,2028-05-22 17:45:00,2028-05-22 19:32:00,1.78,Hubli Station 1,Normal,36,30.8,82.0,369.6,Green Mobility,Hubli,Completed,Good,D0866,Rainy,22.5,76.0,26.32,Healthy
EV0867,Tata Nexon EV,Tata,2023,40,96.2,2028-05-23 16:15:00,2028-05-23 17:01:00,0.77,Hubli Station 1,Normal,29,13.6,147.0,163.19999999999999,City EV,Hubli,Completed,Good,D0867,Rainy,22.5,76.0,26.32,Healthy
EV0868,BYD Atto 3,BYD,2023,60,95.0,2028-05-24 11:30:00,2028-05-24 13:11:00,1.68,Bangalore Station 2,Normal,34,28.9,343.0,346.8,EV Fleet India,Bangalore,Completed,Good,D0868,Sunny,22.5,76.0,26.32,Healthy
EV0869,Tata Curvv EV,Tata,2023,55,98.6,2028-05-25 10:00:00,2028-05-25 11:19:00,1.32,Hubli Station 1,Normal,35,22.8,264.0,273.60000000000002,Green Mobility,Hubli,Completed,Good,D0869,Cloudy,22.5,76.0,26.32,Healthy
EV0870,Tata Nexon EV,Tata,2023,40,98.1,2028-05-26 13:15:00,2028-05-26 13:26:00,0.18,Bangalore Station 2,Fast,39,14.0,70.0,168,City EV,Bangalore,Completed,Good,D0870,Rainy,22.5,76.0,26.32,Healthy
EV0871,Kia EV6,Kia,2023,77,96.8,2028-05-27 05:00:00,2028-05-27 05:33:00,0.55,Mangalore Station 1,Fast,38,27.6,101.0,331.2,Premium Fleet,Mangalore,Completed,Good,D0871,Sunny,22.5,76.0,26.32,Healthy
EV0872,Tata Punch EV,Tata,2023,35,95.9,2028-05-28 00:30:00,2028-05-28 00:44:00,0.23,Belagavi Station 2,Fast,37,16.4,70.0,196.8,Premium Fleet,Belagavi,Completed,Good,D0872,Sunny,22.5,76.0,26.32,Healthy
EV0873,MG ZS EV,MG,2023,50,93.9,2028-05-29 07:00:00,2028-05-29 07:44:00,0.73,Mangalore Station 2,Fast,39,31.7,76.0,380.4,EV Fleet India,Mangalore,Completed,Good,D0873,Cloudy,22.5,76.0,26.32,Healthy
EV0874,MG ZS EV,MG,2023,50,95.5,2028-05-30 17:30:00,2028-05-30 18:09:00,0.65,Hubli Station 1,Fast,32,36.6,321.0,439.2,Green Mobility,Hubli,Completed,Good,D0874,Cloudy,22.5,76.0,26.32,Healthy
EV0875,Mahindra XUV400,Mahindra,2023,39,94.8,2028-05-31 03:30:00,2028-05-31 04:30:00,1.0,Hubli Station 2,Normal,30,18.7,221.0,224.4,City EV,Hubli,Completed,Good,D0875,Cloudy,22.5,76.0,26.32,Healthy
EV0876,BYD Seal,BYD,2023,82,95.9,2028-06-01 14:00:00,2028-06-01 16:15:00,2.25,Hubli Station 1,Normal,34,39.9,254.0,478.8,Green Mobility,Hubli,Completed,Good,D0876,Rainy,22.5,76.0,26.32,Healthy
EV0877,Tata Punch EV,Tata,2023,35,93.4,2028-06-02 13:30:00,2028-06-02 13:44:00,0.23,Mysore Station 2,Fast,33,12.8,106.0,153.6,Premium Fleet,Mysore,Completed,Good,D0877,Rainy,22.5,76.0,26.32,Healthy
EV0878,BYD Seal,BYD,2023,82,96.7,2028-06-03 05:00:00,2028-06-03 07:15:00,2.25,Bangalore Station 1,Normal,37,40.2,75.0,482.4,Green Mobility,Bangalore,Completed,Good,D0878,Cloudy,22.5,76.0,26.32,Healthy
EV0879,BYD Seal,BYD,2023,82,93.8,2028-06-04 05:15:00,2028-06-04 06:02:00,0.78,Bangalore Station 1,Fast,39,35.3,265.0,423.6,Premium Fleet,Bangalore,Completed,Good,D0879,Sunny,22.5,76.0,26.32,Healthy
EV0880,Tata Curvv EV,Tata,2023,55,96.9,2028-06-05 23:15:00,2028-06-05 23:41:00,0.43,Belagavi Station 2,Fast,39,15.4,226.0,184.8,EV Fleet India,Belagavi,Completed,Good,D0880,Rainy,22.5,76.0,26.32,Healthy
EV0881,Hyundai Kona EV,Hyundai,2023,39,97.9,2028-06-06 22:15:00,2028-06-06 23:10:00,0.92,Hubli Station 2,Normal,34,14.1,186.0,169.2,Premium Fleet,Hubli,Completed,Good,D0881,Sunny,22.5,76.0,26.32,Healthy
EV0882,MG ZS EV,MG,2023,50,93.5,2028-06-07 04:00:00,2028-06-07 05:10:00,1.17,Hubli Station 1,Normal,29,22.0,319.0,264,City EV,Hubli,Completed,Good,D0882,Sunny,22.5,76.0,26.32,Healthy
EV0883,MG ZS EV,MG,2023,50,97.8,2028-06-08 23:15:00,2028-06-08 23:51:00,0.6,Mysore Station 2,Fast,31,25.9,66.0,310.8,Premium Fleet,Mysore,Completed,Good,D0883,Cloudy,22.5,76.0,26.32,Healthy
EV0884,Hyundai Kona EV,Hyundai,2023,39,94.6,2028-06-09 22:45:00,2028-06-10 00:16:00,1.52,Bangalore Station 1,Normal,33,25.1,176.0,301.2,Eco Drive,Bangalore,Completed,Good,D0884,Rainy,22.5,76.0,26.32,Healthy
EV0885,BYD Seal,BYD,2023,82,97.1,2028-06-10 12:00:00,2028-06-10 13:06:00,1.1,Mysore Station 2,Fast,33,53.5,286.0,642,Green Mobility,Mysore,Completed,Good,D0885,Cloudy,22.5,76.0,26.32,Healthy
EV0886,Tata Nexon EV,Tata,2023,40,94.2,2028-06-11 19:30:00,2028-06-11 21:09:00,1.65,Belagavi Station 1,Normal,27,29.5,295.0,354,Eco Drive,Belagavi,Completed,Good,D0886,Sunny,22.5,76.0,26.32,Healthy
EV0887,Tata Nexon EV,Tata,2023,40,96.2,2028-06-12 21:30:00,2028-06-12 22:20:00,0.83,Bangalore Station 1,Normal,39,13.6,345.0,163.19999999999999,Green Mobility,Bangalore,Completed,Good,D0887,Rainy,22.5,76.0,26.32,Healthy
EV0888,Tata Curvv EV,Tata,2023,55,94.0,2028-06-13 11:00:00,2028-06-13 11:34:00,0.57,Mysore Station 2,Fast,38,32.4,195.0,388.8,Green Mobility,Mysore,Completed,Good,D0888,Cloudy,22.5,76.0,26.32,Healthy
EV0889,Mahindra XUV400,Mahindra,2023,39,94.4,2028-06-14 05:00:00,2028-06-14 05:23:00,0.38,Belagavi Station 1,Fast,38,18.9,148.0,226.8,Premium Fleet,Belagavi,Completed,Good,D0889,Sunny,22.5,76.0,26.32,Healthy
EV0890,MG Comet EV,MG,2023,17,96.0,2028-06-15 07:15:00,2028-06-15 07:36:00,0.35,Mangalore Station 2,Fast,33,12.6,182.0,151.19999999999999,Eco Drive,Mangalore,Completed,Good,D0890,Rainy,22.5,76.0,26.32,Healthy
EV0891,MG ZS EV,MG,2023,50,95.3,2028-06-16 22:00:00,2028-06-16 23:42:00,1.7,Bangalore Station 2,Normal,29,28.2,167.0,338.4,Green Mobility,Bangalore,Completed,Good,D0891,Cloudy,22.5,76.0,26.32,Healthy
EV0892,MG ZS EV,MG,2023,50,96.6,2028-06-17 12:00:00,2028-06-17 12:30:00,0.5,Hubli Station 2,Fast,37,23.3,101.0,279.60000000000002,Premium Fleet,Hubli,Completed,Good,D0892,Cloudy,22.5,76.0,26.32,Healthy
EV0893,MG Comet EV,MG,2023,17,93.9,2028-06-18 19:15:00,2028-06-18 19:22:00,0.12,Hubli Station 2,Fast,30,9.7,219.0,116.4,Premium Fleet,Hubli,Completed,Good,D0893,Sunny,22.5,76.0,26.32,Healthy
EV0894,BYD Atto 3,BYD,2023,60,98.5,2028-06-19 11:15:00,2028-06-19 12:12:00,0.95,Bangalore Station 2,Fast,33,40.9,91.0,490.8,Green Mobility,Bangalore,Completed,Good,D0894,Rainy,22.5,76.0,26.32,Healthy
EV0895,Mahindra XUV400,Mahindra,2023,39,94.4,2028-06-20 17:45:00,2028-06-20 18:11:00,0.43,Mangalore Station 2,Fast,30,16.4,87.0,196.8,City EV,Mangalore,Completed,Good,D0895,Cloudy,22.5,76.0,26.32,Healthy
EV0896,BYD Atto 3,BYD,2023,60,95.8,2028-06-21 02:00:00,2028-06-21 02:34:00,0.57,Bangalore Station 2,Fast,27,33.2,89.0,398.4,Eco Drive,Bangalore,Completed,Good,D0896,Rainy,22.5,76.0,26.32,Healthy
EV0897,Mahindra XUV400,Mahindra,2023,39,95.4,2028-06-22 09:30:00,2028-06-22 09:54:00,0.4,Bangalore Station 1,Fast,39,20.1,325.0,241.2,Green Mobility,Bangalore,Completed,Good,D0897,Cloudy,22.5,76.0,26.32,Healthy
EV0898,MG Comet EV,MG,2023,17,93.4,2028-06-23 17:30:00,2028-06-23 17:49:00,0.32,Hubli Station 1,Fast,38,11.2,226.0,134.4,EV Fleet India,Hubli,Completed,Good,D0898,Sunny,22.5,76.0,26.32,Healthy
EV0899,Kia EV6,Kia,2023,77,98.4,2028-06-24 00:15:00,2028-06-24 00:48:00,0.55,Bangalore Station 1,Fast,31,25.7,332.0,308.39999999999998,Green Mobility,Bangalore,Completed,Good,D0899,Rainy,22.5,76.0,26.32,Healthy
EV0900,BYD Atto 3,BYD,2023,60,93.6,2028-06-25 10:30:00,2028-06-25 11:56:00,1.43,Bangalore Station 1,Normal,34,26.7,60.0,320.39999999999998,Green Mobility,Bangalore,Completed,Good,D0900,Rainy,22.5,76.0,26.32,Healthy
EV0901,Tata Punch EV,Tata,2023,35,99.2,2028-06-26 01:00:00,2028-06-26 01:22:00,0.37,Bangalore Station 2,Fast,27,17.6,245.0,211.2,EV Fleet India,Bangalore,Completed,Good,D0901,Rainy,22.5,76.0,26.32,Healthy
EV0902,MG ZS EV,MG,2023,50,94.9,2028-06-27 23:15:00,2028-06-28 00:17:00,1.03,Mangalore Station 1,Normal,37,18.7,218.0,224.4,Eco Drive,Mangalore,Completed,Good,D0902,Rainy,22.5,76.0,26.32,Healthy
EV0903,Tata Nexon EV,Tata,2023,40,96.3,2028-06-28 19:45:00,2028-06-28 20:14:00,0.48,Belagavi Station 1,Fast,37,26.8,195.0,321.60000000000002,City EV,Belagavi,Completed,Good,D0903,Rainy,22.5,76.0,26.32,Healthy
EV0904,Mahindra XUV400,Mahindra,2023,39,96.1,2028-06-29 22:30:00,2028-06-29 22:59:00,0.48,Mysore Station 1,Fast,30,19.2,246.0,230.4,Green Mobility,Mysore,Completed,Good,D0904,Rainy,22.5,76.0,26.32,Healthy
EV0905,BYD Atto 3,BYD,2023,60,97.8,2028-06-30 07:45:00,2028-06-30 08:29:00,0.73,Bangalore Station 1,Fast,27,30.5,74.0,366,Green Mobility,Bangalore,Completed,Good,D0905,Cloudy,22.5,76.0,26.32,Healthy
EV0906,Tata Curvv EV,Tata,2023,55,94.8,2028-07-01 08:00:00,2028-07-01 08:38:00,0.63,Hubli Station 2,Fast,37,29.3,255.0,351.6,City EV,Hubli,Completed,Good,D0906,Rainy,22.5,76.0,26.32,Healthy
EV0907,Kia EV6,Kia,2023,77,98.0,2028-07-02 05:30:00,2028-07-02 08:09:00,2.65,Bangalore Station 2,Normal,34,48.2,171.0,578.4,City EV,Bangalore,Completed,Good,D0907,Sunny,22.5,76.0,26.32,Healthy
EV0908,MG Comet EV,MG,2023,17,96.5,2028-07-03 05:00:00,2028-07-03 05:06:00,0.1,Bangalore Station 2,Fast,39,9.7,68.0,116.4,Eco Drive,Bangalore,Completed,Good,D0908,Rainy,22.5,76.0,26.32,Healthy
EV0909,Tata Punch EV,Tata,2023,35,98.9,2028-07-04 07:15:00,2028-07-04 08:02:00,0.78,Hubli Station 2,Normal,36,15.4,347.0,184.8,City EV,Hubli,Completed,Good,D0909,Rainy,22.5,76.0,26.32,Healthy
EV0910,MG ZS EV,MG,2023,50,96.9,2028-07-05 10:00:00,2028-07-05 10:31:00,0.52,Bangalore Station 2,Fast,34,29.6,159.0,355.2,Premium Fleet,Bangalore,Completed,Good,D0910,Rainy,22.5,76.0,26.32,Healthy
EV0911,Mahindra XUV400,Mahindra,2023,39,99.2,2028-07-06 08:00:00,2028-07-06 08:18:00,0.3,Bangalore Station 2,Fast,33,14.6,319.0,175.2,City EV,Bangalore,Completed,Good,D0911,Rainy,22.5,76.0,26.32,Healthy
EV0912,Kia EV6,Kia,2023,77,93.8,2028-07-07 22:45:00,2028-07-08 00:33:00,1.8,Hubli Station 1,Normal,34,31.0,67.0,372,Eco Drive,Hubli,Completed,Good,D0912,Cloudy,22.5,76.0,26.32,Healthy
EV0913,MG Comet EV,MG,2023,17,97.3,2028-07-08 02:30:00,2028-07-08 02:47:00,0.28,Bangalore Station 2,Normal,36,3.5,212.0,42,Premium Fleet,Bangalore,Completed,Good,D0913,Sunny,22.5,76.0,26.32,Healthy
EV0914,Tata Punch EV,Tata,2023,35,94.1,2028-07-09 18:30:00,2028-07-09 19:00:00,0.5,Belagavi Station 2,Fast,34,25.2,282.0,302.39999999999998,Premium Fleet,Belagavi,Completed,Good,D0914,Sunny,22.5,76.0,26.32,Healthy
EV0915,MG Comet EV,MG,2023,17,93.6,2028-07-10 01:00:00,2028-07-10 01:13:00,0.22,Mangalore Station 2,Fast,31,10.1,181.0,121.2,Premium Fleet,Mangalore,Completed,Good,D0915,Cloudy,22.5,76.0,26.32,Healthy
EV0916,Tata Curvv EV,Tata,2023,55,97.2,2028-07-11 15:45:00,2028-07-11 16:06:00,0.35,Hubli Station 2,Fast,35,17.7,177.0,212.4,Eco Drive,Hubli,Completed,Good,D0916,Rainy,22.5,76.0,26.32,Healthy
EV0917,Tata Punch EV,Tata,2023,35,93.8,2028-07-12 11:45:00,2028-07-12 12:14:00,0.48,Belagavi Station 1,Fast,28,24.5,301.0,294,Eco Drive,Belagavi,Completed,Good,D0917,Cloudy,22.5,76.0,26.32,Healthy
EV0918,Tata Punch EV,Tata,2023,35,95.2,2028-07-13 16:15:00,2028-07-13 16:38:00,0.38,Hubli Station 2,Fast,29,16.3,339.0,195.6,EV Fleet India,Hubli,Completed,Good,D0918,Cloudy,22.5,76.0,26.32,Healthy
EV0919,MG Comet EV,MG,2023,17,95.8,2028-07-14 02:15:00,2028-07-14 02:34:00,0.32,Hubli Station 1,Normal,32,3.9,263.0,46.8,Eco Drive,Hubli,Completed,Good,D0919,Sunny,22.5,76.0,26.32,Healthy
EV0920,Hyundai Kona EV,Hyundai,2023,39,94.4,2028-07-15 17:15:00,2028-07-15 17:52:00,0.62,Belagavi Station 2,Fast,33,29.5,228.0,354,Green Mobility,Belagavi,Completed,Good,D0920,Cloudy,22.5,76.0,26.32,Healthy
EV0921,MG Comet EV,MG,2023,17,95.8,2028-07-16 03:00:00,2028-07-16 03:12:00,0.2,Bangalore Station 1,Fast,27,6.3,208.0,75.599999999999994,EV Fleet India,Bangalore,Completed,Good,D0921,Sunny,22.5,76.0,26.32,Healthy
EV0922,BYD Atto 3,BYD,2023,60,95.3,2028-07-17 04:30:00,2028-07-17 04:58:00,0.47,Belagavi Station 1,Fast,34,24.0,219.0,288,Green Mobility,Belagavi,Completed,Good,D0922,Cloudy,22.5,76.0,26.32,Healthy
EV0923,Kia EV6,Kia,2023,77,95.7,2028-07-18 20:45:00,2028-07-18 23:05:00,2.33,Bangalore Station 1,Normal,31,43.1,299.0,517.20000000000005,Eco Drive,Bangalore,Completed,Good,D0923,Rainy,22.5,76.0,26.32,Healthy
EV0924,BYD Seal,BYD,2023,82,93.6,2028-07-19 20:15:00,2028-07-19 21:18:00,1.05,Hubli Station 2,Fast,29,46.2,193.0,554.4,EV Fleet India,Hubli,Completed,Good,D0924,Sunny,22.5,76.0,26.32,Healthy
EV0925,BYD Atto 3,BYD,2023,60,98.9,2028-07-20 13:45:00,2028-07-20 14:11:00,0.43,Bangalore Station 1,Fast,37,20.6,297.0,247.2,EV Fleet India,Bangalore,Completed,Good,D0925,Rainy,22.5,76.0,26.32,Healthy
EV0926,Tata Punch EV,Tata,2023,35,98.8,2028-07-21 12:30:00,2028-07-21 13:42:00,1.2,Mangalore Station 1,Normal,29,19.9,117.0,238.8,EV Fleet India,Mangalore,Completed,Good,D0926,Cloudy,22.5,76.0,26.32,Healthy
EV0927,MG Comet EV,MG,2023,17,93.6,2028-07-22 02:15:00,2028-07-22 02:36:00,0.35,Mangalore Station 1,Fast,34,11.9,210.0,142.80000000000001,City EV,Mangalore,Completed,Good,D0927,Sunny,22.5,76.0,26.32,Healthy
EV0928,Hyundai Kona EV,Hyundai,2023,39,96.8,2028-07-23 04:00:00,2028-07-23 05:46:00,1.77,Bangalore Station 1,Normal,33,31.3,259.0,375.6,Eco Drive,Bangalore,Completed,Good,D0928,Rainy,22.5,76.0,26.32,Healthy
EV0929,Tata Nexon EV,Tata,2023,40,94.7,2028-07-24 02:30:00,2028-07-24 03:53:00,1.38,Belagavi Station 1,Normal,37,22.7,182.0,272.39999999999998,EV Fleet India,Belagavi,Completed,Good,D0929,Cloudy,22.5,76.0,26.32,Healthy
EV0930,Tata Nexon EV,Tata,2023,40,99.1,2028-07-25 04:30:00,2028-07-25 05:14:00,0.73,Mysore Station 1,Fast,35,31.6,341.0,379.2,Premium Fleet,Mysore,Completed,Good,D0930,Sunny,22.5,76.0,26.32,Healthy
EV0931,Hyundai Kona EV,Hyundai,2023,39,96.9,2028-07-26 22:00:00,2028-07-26 22:46:00,0.77,Hubli Station 2,Normal,27,11.6,305.0,139.19999999999999,Premium Fleet,Hubli,Completed,Good,D0931,Sunny,22.5,76.0,26.32,Healthy
EV0932,Tata Punch EV,Tata,2023,35,96.0,2028-07-27 13:15:00,2028-07-27 14:01:00,0.77,Mysore Station 1,Normal,35,12.1,151.0,145.19999999999999,Eco Drive,Mysore,Completed,Good,D0932,Sunny,22.5,76.0,26.32,Healthy
EV0933,BYD Seal,BYD,2023,82,95.4,2028-07-28 01:45:00,2028-07-28 02:17:00,0.53,Mysore Station 1,Fast,33,23.4,288.0,280.8,Green Mobility,Mysore,Completed,Good,D0933,Rainy,22.5,76.0,26.32,Healthy
EV0934,Tata Nexon EV,Tata,2023,40,95.1,2028-07-29 21:45:00,2028-07-29 22:14:00,0.48,Belagavi Station 2,Fast,31,23.0,289.0,276,Eco Drive,Belagavi,Completed,Good,D0934,Cloudy,22.5,76.0,26.32,Healthy
EV0935,Tata Punch EV,Tata,2023,35,98.6,2028-07-30 04:00:00,2028-07-30 04:29:00,0.48,Bangalore Station 2,Fast,39,19.7,88.0,236.4,EV Fleet India,Bangalore,Completed,Good,D0935,Cloudy,22.5,76.0,26.32,Healthy
EV0936,BYD Seal,BYD,2023,82,94.8,2028-07-31 14:00:00,2028-07-31 15:16:00,1.27,Hubli Station 1,Fast,32,62.7,222.0,752.4,EV Fleet India,Hubli,Completed,Good,D0936,Sunny,22.5,76.0,26.32,Healthy
EV0937,MG ZS EV,MG,2023,50,98.4,2028-08-01 18:00:00,2028-08-01 20:05:00,2.08,Mangalore Station 2,Normal,27,37.6,223.0,451.2,Eco Drive,Mangalore,Completed,Good,D0937,Sunny,22.5,76.0,26.32,Healthy
EV0938,Tata Punch EV,Tata,2023,35,93.6,2028-08-02 08:30:00,2028-08-02 09:05:00,0.58,Mangalore Station 2,Fast,31,26.8,102.0,321.60000000000002,Green Mobility,Mangalore,Completed,Good,D0938,Cloudy,22.5,76.0,26.32,Healthy
EV0939,BYD Atto 3,BYD,2023,60,98.9,2028-08-03 15:00:00,2028-08-03 15:17:00,0.28,Belagavi Station 2,Fast,31,19.0,246.0,228,Premium Fleet,Belagavi,Completed,Good,D0939,Cloudy,22.5,76.0,26.32,Healthy
EV0940,MG Comet EV,MG,2023,17,95.3,2028-08-04 01:15:00,2028-08-04 01:30:00,0.25,Mysore Station 1,Fast,31,8.6,290.0,103.2,EV Fleet India,Mysore,Completed,Good,D0940,Rainy,22.5,76.0,26.32,Healthy
EV0941,Hyundai Kona EV,Hyundai,2023,39,94.9,2028-08-05 09:30:00,2028-08-05 09:57:00,0.45,Mysore Station 2,Fast,38,20.9,86.0,250.8,Green Mobility,Mysore,Completed,Good,D0941,Sunny,22.5,76.0,26.32,Healthy
EV0942,BYD Atto 3,BYD,2023,60,97.5,2028-08-06 21:30:00,2028-08-06 23:33:00,2.05,Belagavi Station 1,Normal,35,37.5,185.0,450,EV Fleet India,Belagavi,Completed,Good,D0942,Sunny,22.5,76.0,26.32,Healthy
EV0943,Tata Curvv EV,Tata,2023,55,94.9,2028-08-07 06:15:00,2028-08-07 06:52:00,0.62,Bangalore Station 2,Fast,35,27.9,348.0,334.8,EV Fleet India,Bangalore,Completed,Good,D0943,Rainy,22.5,76.0,26.32,Healthy
EV0944,Tata Curvv EV,Tata,2023,55,99.2,2028-08-08 14:45:00,2028-08-08 16:43:00,1.97,Mangalore Station 2,Normal,39,34.4,138.0,412.8,Eco Drive,Mangalore,Completed,Good,D0944,Sunny,22.5,76.0,26.32,Healthy
EV0945,Kia EV6,Kia,2023,77,96.6,2028-08-09 14:45:00,2028-08-09 16:33:00,1.8,Belagavi Station 1,Normal,37,30.0,346.0,360,Green Mobility,Belagavi,Completed,Good,D0945,Cloudy,22.5,76.0,26.32,Healthy
EV0946,Hyundai Kona EV,Hyundai,2023,39,94.9,2028-08-10 20:30:00,2028-08-10 21:58:00,1.47,Bangalore Station 1,Normal,28,25.7,247.0,308.39999999999998,Green Mobility,Bangalore,Completed,Good,D0946,Sunny,22.5,76.0,26.32,Healthy
EV0947,Kia EV6,Kia,2023,77,96.1,2028-08-11 18:00:00,2028-08-11 19:01:00,1.02,Belagavi Station 1,Fast,30,47.5,179.0,570,Eco Drive,Belagavi,Completed,Good,D0947,Cloudy,22.5,76.0,26.32,Healthy
EV0948,Kia EV6,Kia,2023,77,94.9,2028-08-12 14:45:00,2028-08-12 17:35:00,2.83,Mysore Station 1,Normal,39,50.5,141.0,606,Premium Fleet,Mysore,Completed,Good,D0948,Cloudy,22.5,76.0,26.32,Healthy
EV0949,Kia EV6,Kia,2023,77,97.2,2028-08-13 17:00:00,2028-08-13 19:24:00,2.4,Bangalore Station 2,Normal,36,42.4,292.0,508.8,Premium Fleet,Bangalore,Completed,Good,D0949,Sunny,22.5,76.0,26.32,Healthy
EV0950,MG Comet EV,MG,2023,17,98.4,2028-08-14 13:30:00,2028-08-14 13:42:00,0.2,Bangalore Station 1,Fast,32,6.6,155.0,79.2,Green Mobility,Bangalore,Completed,Good,D0950,Rainy,22.5,76.0,26.32,Healthy
EV0951,Mahindra XUV400,Mahindra,2023,39,95.2,2028-08-15 22:15:00,2028-08-15 22:49:00,0.57,Bangalore Station 2,Fast,28,28.5,280.0,342,Eco Drive,Bangalore,Completed,Good,D0951,Rainy,22.5,76.0,26.32,Healthy
EV0952,Hyundai Kona EV,Hyundai,2023,39,96.7,2028-08-16 23:15:00,2028-08-16 23:50:00,0.58,Bangalore Station 1,Fast,27,23.1,135.0,277.2,Green Mobility,Bangalore,Completed,Good,D0952,Sunny,22.5,76.0,26.32,Healthy
EV0953,BYD Atto 3,BYD,2023,60,93.8,2028-08-17 01:00:00,2028-08-17 02:32:00,1.53,Mysore Station 2,Normal,33,28.5,184.0,342,Premium Fleet,Mysore,Completed,Good,D0953,Rainy,22.5,76.0,26.32,Healthy
EV0954,Hyundai Kona EV,Hyundai,2023,39,95.9,2028-08-18 22:15:00,2028-08-18 23:35:00,1.33,Mangalore Station 2,Normal,37,22.0,85.0,264,Eco Drive,Mangalore,Completed,Good,D0954,Sunny,22.5,76.0,26.32,Healthy
EV0955,Tata Nexon EV,Tata,2023,40,93.7,2028-08-19 08:45:00,2028-08-19 09:06:00,0.35,Bangalore Station 2,Fast,34,11.3,110.0,135.6,Eco Drive,Bangalore,Completed,Good,D0955,Cloudy,22.5,76.0,26.32,Healthy
EV0956,Kia EV6,Kia,2023,77,97.7,2028-08-20 23:45:00,2028-08-21 00:19:00,0.57,Hubli Station 2,Fast,34,33.0,322.0,396,Premium Fleet,Hubli,Completed,Good,D0956,Rainy,22.5,76.0,26.32,Healthy
EV0957,Tata Nexon EV,Tata,2023,40,96.1,2028-08-21 02:30:00,2028-08-21 02:48:00,0.3,Belagavi Station 1,Fast,34,17.0,143.0,204,Green Mobility,Belagavi,Completed,Good,D0957,Sunny,22.5,76.0,26.32,Healthy
EV0958,Mahindra XUV400,Mahindra,2023,39,99.1,2028-08-22 00:15:00,2028-08-22 01:05:00,0.83,Bangalore Station 1,Normal,39,16.5,89.0,198,Premium Fleet,Bangalore,Completed,Good,D0958,Rainy,22.5,76.0,26.32,Healthy
EV0959,Kia EV6,Kia,2023,77,98.5,2028-08-23 11:45:00,2028-08-23 12:45:00,1.0,Bangalore Station 2,Fast,36,46.8,88.0,561.6,Eco Drive,Bangalore,Completed,Good,D0959,Cloudy,22.5,76.0,26.32,Healthy
EV0960,MG ZS EV,MG,2023,50,95.9,2028-08-24 15:00:00,2028-08-24 15:11:00,0.18,Mangalore Station 2,Fast,38,13.4,170.0,160.80000000000001,Eco Drive,Mangalore,Completed,Good,D0960,Rainy,22.5,76.0,26.32,Healthy
EV0961,Hyundai Kona EV,Hyundai,2023,39,95.1,2028-08-25 23:15:00,2028-08-25 23:27:00,0.2,Bangalore Station 2,Fast,33,12.1,201.0,145.19999999999999,EV Fleet India,Bangalore,Completed,Good,D0961,Cloudy,22.5,76.0,26.32,Healthy
EV0962,BYD Seal,BYD,2023,82,95.1,2028-08-26 14:15:00,2028-08-26 14:50:00,0.58,Belagavi Station 1,Fast,32,27.9,244.0,334.8,Eco Drive,Belagavi,Completed,Good,D0962,Sunny,22.5,76.0,26.32,Healthy
EV0963,Tata Nexon EV,Tata,2023,40,97.4,2028-08-27 11:15:00,2028-08-27 11:54:00,0.65,Hubli Station 1,Fast,37,29.8,269.0,357.6,Eco Drive,Hubli,Completed,Good,D0963,Sunny,22.5,76.0,26.32,Healthy
EV0964,Tata Curvv EV,Tata,2023,55,93.7,2028-08-28 05:00:00,2028-08-28 05:20:00,0.33,Bangalore Station 2,Fast,34,18.9,201.0,226.8,Eco Drive,Bangalore,Completed,Good,D0964,Sunny,22.5,76.0,26.32,Healthy
EV0965,Hyundai Kona EV,Hyundai,2023,39,96.1,2028-08-29 22:15:00,2028-08-29 23:44:00,1.48,Bangalore Station 2,Normal,27,27.9,284.0,334.8,Premium Fleet,Bangalore,Completed,Good,D0965,Sunny,22.5,76.0,26.32,Healthy
EV0966,MG ZS EV,MG,2023,50,94.5,2028-08-30 09:30:00,2028-08-30 10:41:00,1.18,Bangalore Station 2,Normal,30,22.5,168.0,270,Green Mobility,Bangalore,Completed,Good,D0966,Cloudy,22.5,76.0,26.32,Healthy
EV0967,Tata Curvv EV,Tata,2023,55,94.0,2028-08-31 21:45:00,2028-08-31 22:12:00,0.45,Mysore Station 2,Fast,39,24.8,74.0,297.60000000000002,City EV,Mysore,Completed,Good,D0967,Rainy,22.5,76.0,26.32,Healthy
EV0968,Mahindra XUV400,Mahindra,2023,39,93.3,2028-09-01 23:15:00,2028-09-01 23:31:00,0.27,Mysore Station 1,Fast,28,14.6,306.0,175.2,Green Mobility,Mysore,Completed,Good,D0968,Cloudy,22.5,76.0,26.32,Healthy
EV0969,BYD Atto 3,BYD,2023,60,98.2,2028-09-02 15:15:00,2028-09-02 15:54:00,0.65,Bangalore Station 2,Fast,31,30.9,142.0,370.8,City EV,Bangalore,Completed,Good,D0969,Sunny,22.5,76.0,26.32,Healthy
EV0970,BYD Atto 3,BYD,2023,60,98.7,2028-09-03 23:15:00,2028-09-03 23:42:00,0.45,Mangalore Station 1,Fast,28,20.1,134.0,241.2,Green Mobility,Mangalore,Completed,Good,D0970,Cloudy,22.5,76.0,26.32,Healthy
EV0971,Tata Nexon EV,Tata,2023,40,98.5,2028-09-04 03:45:00,2028-09-04 04:58:00,1.22,Mangalore Station 1,Normal,31,19.5,247.0,234,Green Mobility,Mangalore,Completed,Good,D0971,Sunny,22.5,76.0,26.32,Healthy
EV0972,MG Comet EV,MG,2023,17,97.4,2028-09-05 15:15:00,2028-09-05 15:39:00,0.4,Hubli Station 1,Normal,38,6.2,287.0,74.400000000000006,Eco Drive,Hubli,Completed,Good,D0972,Cloudy,22.5,76.0,26.32,Healthy
EV0973,Hyundai Kona EV,Hyundai,2023,39,95.7,2028-09-06 04:45:00,2028-09-06 05:35:00,0.83,Bangalore Station 1,Normal,35,12.6,159.0,151.19999999999999,City EV,Bangalore,Completed,Good,D0973,Cloudy,22.5,76.0,26.32,Healthy
EV0974,Kia EV6,Kia,2023,77,96.3,2028-09-07 07:00:00,2028-09-07 07:40:00,0.67,Belagavi Station 2,Fast,32,31.4,146.0,376.8,City EV,Belagavi,Completed,Good,D0974,Rainy,22.5,76.0,26.32,Healthy
EV0975,Hyundai Kona EV,Hyundai,2023,39,96.0,2028-09-08 09:00:00,2028-09-08 09:17:00,0.28,Bangalore Station 2,Fast,28,10.4,120.0,124.8,EV Fleet India,Bangalore,Completed,Good,D0975,Sunny,22.5,76.0,26.32,Healthy
EV0976,Tata Nexon EV,Tata,2023,40,96.0,2028-09-09 03:45:00,2028-09-09 04:47:00,1.03,Bangalore Station 1,Normal,28,19.8,76.0,237.6,Green Mobility,Bangalore,Completed,Good,D0976,Cloudy,22.5,76.0,26.32,Healthy
EV0977,Kia EV6,Kia,2023,77,96.0,2028-09-10 12:45:00,2028-09-10 13:26:00,0.68,Hubli Station 1,Fast,33,29.5,236.0,354,Eco Drive,Hubli,Completed,Good,D0977,Sunny,22.5,76.0,26.32,Healthy
EV0978,BYD Seal,BYD,2023,82,96.4,2028-09-11 07:00:00,2028-09-11 07:43:00,0.72,Belagavi Station 2,Fast,33,39.5,196.0,474,Premium Fleet,Belagavi,Completed,Good,D0978,Sunny,22.5,76.0,26.32,Healthy
EV0979,MG Comet EV,MG,2023,17,98.7,2028-09-12 06:45:00,2028-09-12 07:32:00,0.78,Mangalore Station 2,Normal,28,12.5,288.0,150,City EV,Mangalore,Completed,Good,D0979,Cloudy,22.5,76.0,26.32,Healthy
EV0980,BYD Atto 3,BYD,2023,60,97.8,2028-09-13 07:00:00,2028-09-13 08:41:00,1.68,Belagavi Station 2,Normal,31,31.7,315.0,380.4,Eco Drive,Belagavi,Completed,Good,D0980,Sunny,22.5,76.0,26.32,Healthy
EV0981,Kia EV6,Kia,2023,77,97.6,2028-09-14 08:15:00,2028-09-14 08:56:00,0.68,Hubli Station 1,Fast,35,32.0,99.0,384,Premium Fleet,Hubli,Completed,Good,D0981,Sunny,22.5,76.0,26.32,Healthy
EV0982,BYD Seal,BYD,2023,82,98.7,2028-09-15 18:15:00,2028-09-15 18:53:00,0.63,Mangalore Station 2,Fast,38,34.6,242.0,415.2,Premium Fleet,Mangalore,Completed,Good,D0982,Sunny,22.5,76.0,26.32,Healthy
EV0983,Tata Punch EV,Tata,2023,35,98.8,2028-09-16 10:45:00,2028-09-16 11:13:00,0.47,Mangalore Station 2,Fast,27,25.3,196.0,303.60000000000002,Green Mobility,Mangalore,Completed,Good,D0983,Sunny,22.5,76.0,26.32,Healthy
EV0984,BYD Atto 3,BYD,2023,60,96.4,2028-09-17 06:45:00,2028-09-17 08:43:00,1.97,Hubli Station 2,Normal,27,35.8,119.0,429.6,Eco Drive,Hubli,Completed,Good,D0984,Sunny,22.5,76.0,26.32,Healthy
EV0985,BYD Atto 3,BYD,2023,60,94.8,2028-09-18 15:15:00,2028-09-18 16:40:00,1.42,Belagavi Station 1,Normal,38,26.7,158.0,320.39999999999998,EV Fleet India,Belagavi,Completed,Good,D0985,Sunny,22.5,76.0,26.32,Healthy
EV0986,Hyundai Kona EV,Hyundai,2023,39,96.8,2028-09-19 07:15:00,2028-09-19 08:39:00,1.4,Hubli Station 2,Normal,34,23.2,162.0,278.39999999999998,EV Fleet India,Hubli,Completed,Good,D0986,Cloudy,22.5,76.0,26.32,Healthy
EV0987,Tata Curvv EV,Tata,2023,55,96.8,2028-09-20 23:45:00,2028-09-21 01:31:00,1.77,Bangalore Station 2,Normal,36,32.7,155.0,392.4,City EV,Bangalore,Completed,Good,D0987,Rainy,22.5,76.0,26.32,Healthy
EV0988,BYD Atto 3,BYD,2023,60,96.4,2028-09-21 09:15:00,2028-09-21 09:44:00,0.48,Mysore Station 1,Fast,38,22.3,139.0,267.60000000000002,Premium Fleet,Mysore,Completed,Good,D0988,Cloudy,22.5,76.0,26.32,Healthy
EV0989,Kia EV6,Kia,2023,77,98.6,2028-09-22 19:45:00,2028-09-22 21:07:00,1.37,Mysore Station 1,Normal,29,24.1,97.0,289.2,Green Mobility,Mysore,Completed,Good,D0989,Rainy,22.5,76.0,26.32,Healthy
EV0990,BYD Seal,BYD,2023,82,97.9,2028-09-23 13:45:00,2028-09-23 16:22:00,2.62,Hubli Station 2,Normal,30,47.8,105.0,573.6,EV Fleet India,Hubli,Completed,Good,D0990,Rainy,22.5,76.0,26.32,Healthy
EV0991,Tata Curvv EV,Tata,2023,55,97.4,2028-09-24 15:30:00,2028-09-24 16:07:00,0.62,Bangalore Station 1,Fast,36,33.8,178.0,405.6,Premium Fleet,Bangalore,Completed,Good,D0991,Cloudy,22.5,76.0,26.32,Healthy
EV0992,Hyundai Kona EV,Hyundai,2023,39,94.0,2028-09-25 12:00:00,2028-09-25 12:30:00,0.5,Hubli Station 1,Fast,30,19.9,272.0,238.8,City EV,Hubli,Completed,Good,D0992,Cloudy,22.5,76.0,26.32,Healthy
EV0993,Kia EV6,Kia,2023,77,99.0,2028-09-26 02:15:00,2028-09-26 03:06:00,0.85,Belagavi Station 2,Fast,29,37.0,191.0,444,EV Fleet India,Belagavi,Completed,Good,D0993,Cloudy,22.5,76.0,26.32,Healthy
EV0994,Tata Curvv EV,Tata,2023,55,96.9,2028-09-27 08:00:00,2028-09-27 08:44:00,0.73,Mangalore Station 2,Fast,30,41.4,290.0,496.8,Eco Drive,Mangalore,Completed,Good,D0994,Sunny,22.5,76.0,26.32,Healthy
EV0995,Tata Punch EV,Tata,2023,35,94.8,2028-09-28 22:15:00,2028-09-28 22:30:00,0.25,Hubli Station 2,Fast,39,9.4,273.0,112.8,Green Mobility,Hubli,Completed,Good,D0995,Cloudy,22.5,76.0,26.32,Healthy
EV0996,BYD Atto 3,BYD,2023,60,96.7,2028-09-29 06:30:00,2028-09-29 09:10:00,2.67,Mysore Station 2,Normal,38,48.4,310.0,580.79999999999995,Green Mobility,Mysore,Completed,Good,D0996,Cloudy,22.5,76.0,26.32,Healthy
EV0997,Kia EV6,Kia,2023,77,97.7,2028-09-30 11:00:00,2028-09-30 11:49:00,0.82,Belagavi Station 1,Fast,37,41.0,129.0,492,Premium Fleet,Belagavi,Completed,Good,D0997,Rainy,22.5,76.0,26.32,Healthy
EV0998,MG Comet EV,MG,2023,17,96.2,2028-10-01 09:00:00,2028-10-01 09:08:00,0.13,Mysore Station 2,Fast,33,7.9,261.0,94.8,Premium Fleet,Mysore,Completed,Good,D0998,Rainy,22.5,76.0,26.32,Healthy
EV0999,BYD Atto 3,BYD,2023,60,97.7,2028-10-02 20:00:00,2028-10-02 21:53:00,1.88,Bangalore Station 1,Normal,28,34.5,241.0,414,Eco Drive,Bangalore,Completed,Good,D0999,Cloudy,22.5,76.0,26.32,Healthy
EV1000,MG ZS EV,MG,2023,50,98.6,2028-10-03 17:00:00,2028-10-03 17:27:00,0.45,Mysore Station 1,Fast,27,24.2,250.0,290.39999999999998,EV Fleet India,Mysore,Completed,Good,D1000,Sunny,22.5,76.0,26.32,Healthy
EV1001,MG ZS EV,MG,2023,50,99.1,2028-10-04 02:30:00,2028-10-04 03:01:00,0.52,Mysore Station 2,Fast,38,29.4,135.0,352.8,Green Mobility,Mysore,Completed,Good,D1001,Sunny,22.5,76.0,26.32,Healthy
EV1002,BYD Seal,BYD,2023,82,98.4,2028-10-05 02:30:00,2028-10-05 03:12:00,0.7,Hubli Station 2,Fast,35,33.3,266.0,399.6,Green Mobility,Hubli,Completed,Good,D1002,Cloudy,22.5,76.0,26.32,Healthy
EV1003,BYD Atto 3,BYD,2023,60,96.6,2028-10-06 13:00:00,2028-10-06 14:22:00,1.37,Mysore Station 1,Normal,39,24.9,227.0,298.8,Green Mobility,Mysore,Completed,Good,D1003,Rainy,22.5,76.0,26.32,Healthy
EV1004,Kia EV6,Kia,2023,77,94.4,2028-10-07 12:00:00,2028-10-07 12:51:00,0.85,Mangalore Station 1,Fast,28,40.8,85.0,489.6,Green Mobility,Mangalore,Completed,Good,D1004,Cloudy,22.5,76.0,26.32,Healthy
EV1005,BYD Seal,BYD,2023,82,94.3,2028-10-08 03:15:00,2028-10-08 05:14:00,1.98,Hubli Station 1,Normal,38,37.2,234.0,446.4,Premium Fleet,Hubli,Completed,Good,D1005,Rainy,22.5,76.0,26.32,Healthy
EV1006,Hyundai Kona EV,Hyundai,2023,39,97.7,2028-10-09 09:00:00,2028-10-09 09:55:00,0.92,Mysore Station 2,Normal,29,14.3,247.0,171.6,Premium Fleet,Mysore,Completed,Good,D1006,Rainy,22.5,76.0,26.32,Healthy
EV1007,MG Comet EV,MG,2023,17,94.6,2028-10-10 22:45:00,2028-10-10 23:25:00,0.67,Mangalore Station 2,Normal,34,12.5,331.0,150,EV Fleet India,Mangalore,Completed,Good,D1007,Cloudy,22.5,76.0,26.32,Healthy
EV1008,MG ZS EV,MG,2023,50,97.1,2028-10-11 22:15:00,2028-10-11 23:11:00,0.93,Mysore Station 1,Fast,30,40.6,301.0,487.2,EV Fleet India,Mysore,Completed,Good,D1008,Cloudy,22.5,76.0,26.32,Healthy
EV1009,Mahindra XUV400,Mahindra,2023,39,98.5,2028-10-12 21:00:00,2028-10-12 21:27:00,0.45,Mysore Station 2,Fast,27,16.0,65.0,192,Green Mobility,Mysore,Completed,Good,D1009,Rainy,22.5,76.0,26.32,Healthy
EV1010,Tata Punch EV,Tata,2023,35,94.9,2028-10-13 06:00:00,2028-10-13 06:16:00,0.27,Hubli Station 1,Fast,33,13.8,112.0,165.6,Green Mobility,Hubli,Completed,Good,D1010,Cloudy,22.5,76.0,26.32,Healthy
EV1011,Mahindra XUV400,Mahindra,2023,39,94.3,2028-10-14 23:45:00,2028-10-15 00:21:00,0.6,Belagavi Station 1,Fast,34,30.3,79.0,363.6,Green Mobility,Belagavi,Completed,Good,D1011,Cloudy,22.5,76.0,26.32,Healthy
EV1012,Tata Punch EV,Tata,2023,35,96.2,2028-10-15 00:00:00,2028-10-15 00:35:00,0.58,Mangalore Station 1,Normal,29,9.7,249.0,116.4,Premium Fleet,Mangalore,Completed,Good,D1012,Sunny,22.5,76.0,26.32,Healthy
EV1013,MG Comet EV,MG,2023,17,98.0,2028-10-16 01:00:00,2028-10-16 01:40:00,0.67,Mangalore Station 2,Normal,28,10.6,305.0,127.2,Eco Drive,Mangalore,Completed,Good,D1013,Sunny,22.5,76.0,26.32,Healthy
EV1014,BYD Seal,BYD,2023,82,97.7,2028-10-17 11:00:00,2028-10-17 12:11:00,1.18,Hubli Station 2,Fast,34,53.9,141.0,646.79999999999995,Eco Drive,Hubli,Completed,Good,D1014,Sunny,22.5,76.0,26.32,Healthy
EV1015,Tata Punch EV,Tata,2023,35,96.1,2028-10-18 20:45:00,2028-10-18 22:02:00,1.28,Hubli Station 1,Normal,35,21.2,121.0,254.4,City EV,Hubli,Completed,Good,D1015,Cloudy,22.5,76.0,26.32,Healthy
EV1016,BYD Atto 3,BYD,2023,60,99.0,2028-10-19 07:15:00,2028-10-19 07:51:00,0.6,Bangalore Station 1,Fast,31,33.6,214.0,403.2,City EV,Bangalore,Completed,Good,D1016,Sunny,22.5,76.0,26.32,Healthy
EV1017,Tata Punch EV,Tata,2023,35,96.3,2028-10-20 10:30:00,2028-10-20 10:47:00,0.28,Mysore Station 2,Fast,31,17.9,292.0,214.8,City EV,Mysore,Completed,Good,D1017,Rainy,22.5,76.0,26.32,Healthy
EV1018,BYD Seal,BYD,2023,82,98.5,2028-10-21 10:00:00,2028-10-21 10:48:00,0.8,Bangalore Station 2,Fast,39,39.5,350.0,474,EV Fleet India,Bangalore,Completed,Good,D1018,Sunny,22.5,76.0,26.32,Healthy
EV1019,Kia EV6,Kia,2023,77,93.7,2028-10-22 07:00:00,2028-10-22 07:54:00,0.9,Mysore Station 2,Fast,35,46.6,294.0,559.20000000000005,Eco Drive,Mysore,Completed,Good,D1019,Sunny,22.5,76.0,26.32,Healthy
EV1020,Tata Punch EV,Tata,2023,35,97.9,2028-10-23 17:15:00,2028-10-23 17:55:00,0.67,Mangalore Station 2,Fast,27,27.7,71.0,332.4,Green Mobility,Mangalore,Completed,Good,D1020,Rainy,22.5,76.0,26.32,Healthy
EV1021,Tata Nexon EV,Tata,2023,40,98.8,2028-10-24 03:30:00,2028-10-24 03:59:00,0.48,Mysore Station 1,Fast,34,22.8,228.0,273.60000000000002,Premium Fleet,Mysore,Completed,Good,D1021,Sunny,22.5,76.0,26.32,Healthy
EV1022,BYD Seal,BYD,2023,82,95.4,2028-10-25 05:00:00,2028-10-25 06:01:00,1.02,Mysore Station 2,Fast,31,48.7,349.0,584.4,Green Mobility,Mysore,Completed,Good,D1022,Cloudy,22.5,76.0,26.32,Healthy
EV1023,Tata Curvv EV,Tata,2023,55,93.5,2028-10-26 03:00:00,2028-10-26 03:40:00,0.67,Mysore Station 2,Fast,27,29.5,96.0,354,Green Mobility,Mysore,Completed,Good,D1023,Sunny,22.5,76.0,26.32,Healthy
EV1024,Mahindra XUV400,Mahindra,2023,39,94.2,2028-10-27 05:30:00,2028-10-27 05:52:00,0.37,Mangalore Station 1,Fast,29,19.2,347.0,230.4,Premium Fleet,Mangalore,Completed,Good,D1024,Rainy,22.5,76.0,26.32,Healthy
EV1025,BYD Atto 3,BYD,2023,60,95.7,2028-10-28 01:30:00,2028-10-28 02:11:00,0.68,Mangalore Station 2,Fast,29,37.9,251.0,454.8,Premium Fleet,Mangalore,Completed,Good,D1025,Rainy,22.5,76.0,26.32,Healthy
EV1026,Tata Punch EV,Tata,2023,35,98.3,2028-10-29 12:30:00,2028-10-29 12:55:00,0.42,Belagavi Station 2,Fast,39,17.7,208.0,212.4,EV Fleet India,Belagavi,Completed,Good,D1026,Sunny,22.5,76.0,26.32,Healthy
EV1027,Tata Nexon EV,Tata,2023,40,98.6,2028-10-30 07:45:00,2028-10-30 08:25:00,0.67,Hubli Station 2,Fast,39,30.0,283.0,360,Eco Drive,Hubli,Completed,Good,D1027,Rainy,22.5,76.0,26.32,Healthy
EV1028,Tata Nexon EV,Tata,2023,40,95.2,2028-10-31 12:00:00,2028-10-31 12:41:00,0.68,Mangalore Station 2,Normal,30,12.3,180.0,147.6,EV Fleet India,Mangalore,Completed,Good,D1028,Sunny,22.5,76.0,26.32,Healthy
EV1029,MG ZS EV,MG,2023,50,96.9,2028-11-01 00:45:00,2028-11-01 01:13:00,0.47,Hubli Station 2,Fast,31,18.6,191.0,223.2,Premium Fleet,Hubli,Completed,Good,D1029,Sunny,22.5,76.0,26.32,Healthy
EV1030,Tata Punch EV,Tata,2023,35,95.2,2028-11-02 16:00:00,2028-11-02 16:43:00,0.72,Hubli Station 2,Normal,37,12.9,79.0,154.80000000000001,City EV,Hubli,Completed,Good,D1030,Rainy,22.5,76.0,26.32,Healthy
EV1031,Tata Nexon EV,Tata,2023,40,94.4,2028-11-03 04:15:00,2028-11-03 04:41:00,0.43,Mysore Station 1,Fast,27,20.6,100.0,247.2,City EV,Mysore,Completed,Good,D1031,Sunny,22.5,76.0,26.32,Healthy
EV1032,Tata Curvv EV,Tata,2023,55,96.1,2028-11-04 03:45:00,2028-11-04 04:06:00,0.35,Mangalore Station 2,Fast,39,15.4,187.0,184.8,Green Mobility,Mangalore,Completed,Good,D1032,Cloudy,22.5,76.0,26.32,Healthy
EV1033,BYD Atto 3,BYD,2023,60,94.2,2028-11-05 13:00:00,2028-11-05 14:18:00,1.3,Mangalore Station 1,Normal,30,22.9,300.0,274.8,Eco Drive,Mangalore,Completed,Good,D1033,Rainy,22.5,76.0,26.32,Healthy
EV1034,BYD Atto 3,BYD,2023,60,95.5,2028-11-06 09:15:00,2028-11-06 10:01:00,0.77,Belagavi Station 2,Fast,31,34.3,78.0,411.6,EV Fleet India,Belagavi,Completed,Good,D1034,Cloudy,22.5,76.0,26.32,Healthy
EV1035,Mahindra XUV400,Mahindra,2023,39,94.4,2028-11-07 03:00:00,2028-11-07 03:37:00,0.62,Mangalore Station 1,Normal,32,10.1,287.0,121.2,EV Fleet India,Mangalore,Completed,Good,D1035,Sunny,22.5,76.0,26.32,Healthy
EV1036,Tata Curvv EV,Tata,2023,55,96.7,2028-11-08 01:15:00,2028-11-08 01:59:00,0.73,Hubli Station 1,Fast,29,33.8,267.0,405.6,City EV,Hubli,Completed,Good,D1036,Sunny,22.5,76.0,26.32,Healthy
EV1037,Tata Curvv EV,Tata,2023,55,99.0,2028-11-09 06:15:00,2028-11-09 07:17:00,1.03,Hubli Station 1,Normal,39,18.1,272.0,217.2,Eco Drive,Hubli,Completed,Good,D1037,Cloudy,22.5,76.0,26.32,Healthy
EV1038,Tata Punch EV,Tata,2023,35,93.9,2028-11-10 16:45:00,2028-11-10 17:35:00,0.83,Mangalore Station 1,Normal,38,13.9,206.0,166.8,Eco Drive,Mangalore,Completed,Good,D1038,Cloudy,22.5,76.0,26.32,Healthy
EV1039,Kia EV6,Kia,2023,77,94.5,2028-11-11 13:45:00,2028-11-11 14:12:00,0.45,Mangalore Station 2,Fast,35,16.8,94.0,201.6,Green Mobility,Mangalore,Completed,Good,D1039,Rainy,22.5,76.0,26.32,Healthy
EV1040,Kia EV6,Kia,2023,77,93.8,2028-11-12 19:30:00,2028-11-12 20:37:00,1.12,Mysore Station 2,Normal,36,17.8,178.0,213.6,Green Mobility,Mysore,Completed,Good,D1040,Rainy,22.5,76.0,26.32,Healthy
EV1041,Kia EV6,Kia,2023,77,97.8,2028-11-13 19:00:00,2028-11-13 20:03:00,1.05,Mangalore Station 2,Fast,33,53.7,83.0,644.4,EV Fleet India,Mangalore,Completed,Good,D1041,Sunny,22.5,76.0,26.32,Healthy
EV1042,BYD Atto 3,BYD,2023,60,93.5,2028-11-14 19:00:00,2028-11-14 19:47:00,0.78,Belagavi Station 1,Fast,35,34.3,121.0,411.6,Eco Drive,Belagavi,Completed,Good,D1042,Sunny,22.5,76.0,26.32,Healthy
EV1043,Kia EV6,Kia,2023,77,96.9,2028-11-15 22:00:00,2028-11-16 00:46:00,2.77,Mysore Station 2,Normal,34,47.8,220.0,573.6,City EV,Mysore,Completed,Good,D1043,Sunny,22.5,76.0,26.32,Healthy
EV1044,BYD Seal,BYD,2023,82,96.1,2028-11-16 01:30:00,2028-11-16 04:32:00,3.03,Hubli Station 2,Normal,31,54.9,349.0,658.8,EV Fleet India,Hubli,Completed,Good,D1044,Sunny,22.5,76.0,26.32,Healthy
EV1045,BYD Seal,BYD,2023,82,99.0,2028-11-17 18:30:00,2028-11-17 20:46:00,2.27,Mangalore Station 1,Normal,27,41.7,201.0,500.4,EV Fleet India,Mangalore,Completed,Good,D1045,Rainy,22.5,76.0,26.32,Healthy
EV1046,Tata Punch EV,Tata,2023,35,97.9,2028-11-18 17:45:00,2028-11-18 18:17:00,0.53,Mysore Station 1,Fast,30,25.6,340.0,307.2,Eco Drive,Mysore,Completed,Good,D1046,Rainy,22.5,76.0,26.32,Healthy
EV1047,Tata Nexon EV,Tata,2023,40,94.7,2028-11-19 04:30:00,2028-11-19 05:17:00,0.78,Mangalore Station 2,Fast,36,33.6,119.0,403.2,Eco Drive,Mangalore,Completed,Good,D1047,Cloudy,22.5,76.0,26.32,Healthy
EV1048,Tata Curvv EV,Tata,2023,55,96.3,2028-11-20 18:15:00,2028-11-20 18:35:00,0.33,Mysore Station 1,Fast,32,19.6,198.0,235.2,EV Fleet India,Mysore,Completed,Good,D1048,Rainy,22.5,76.0,26.32,Healthy
EV1049,BYD Seal,BYD,2023,82,98.3,2028-11-21 22:30:00,2028-11-21 23:31:00,1.02,Hubli Station 1,Fast,34,50.4,71.0,604.79999999999995,Eco Drive,Hubli,Completed,Good,D1049,Cloudy,22.5,76.0,26.32,Healthy
EV1050,BYD Atto 3,BYD,2023,60,96.0,2028-11-22 05:45:00,2028-11-22 06:05:00,0.33,Mysore Station 2,Fast,34,15.5,222.0,186,EV Fleet India,Mysore,Completed,Good,D1050,Rainy,22.5,76.0,26.32,Healthy
EV1051,BYD Atto 3,BYD,2023,60,95.5,2028-11-23 08:00:00,2028-11-23 08:38:00,0.63,Mysore Station 1,Fast,36,30.6,345.0,367.2,Eco Drive,Mysore,Completed,Good,D1051,Cloudy,22.5,76.0,26.32,Healthy
EV1052,MG Comet EV,MG,2023,17,97.9,2028-11-24 03:00:00,2028-11-24 03:16:00,0.27,Mysore Station 2,Fast,28,9.6,66.0,115.2,City EV,Mysore,Completed,Good,D1052,Sunny,22.5,76.0,26.32,Healthy
EV1053,MG ZS EV,MG,2023,50,93.6,2028-11-25 10:30:00,2028-11-25 11:32:00,1.03,Hubli Station 1,Normal,34,18.7,308.0,224.4,Eco Drive,Hubli,Completed,Good,D1053,Cloudy,22.5,76.0,26.32,Healthy
EV1054,MG Comet EV,MG,2023,17,95.9,2028-11-26 19:00:00,2028-11-26 19:07:00,0.12,Mangalore Station 1,Fast,35,6.9,65.0,82.8,Eco Drive,Mangalore,Completed,Good,D1054,Cloudy,22.5,76.0,26.32,Healthy
EV1055,MG Comet EV,MG,2023,17,95.9,2028-11-27 08:45:00,2028-11-27 09:18:00,0.55,Mysore Station 1,Normal,31,10.0,173.0,120,Premium Fleet,Mysore,Completed,Good,D1055,Cloudy,22.5,76.0,26.32,Healthy
EV1056,BYD Atto 3,BYD,2023,60,96.1,2028-11-28 18:15:00,2028-11-28 18:35:00,0.33,Bangalore Station 2,Fast,36,21.2,249.0,254.4,City EV,Bangalore,Completed,Good,D1056,Sunny,22.5,76.0,26.32,Healthy
EV1057,BYD Seal,BYD,2023,82,94.9,2028-11-29 20:30:00,2028-11-29 21:23:00,0.88,Belagavi Station 1,Fast,27,45.9,320.0,550.79999999999995,City EV,Belagavi,Completed,Good,D1057,Rainy,22.5,76.0,26.32,Healthy
EV1058,MG Comet EV,MG,2023,17,94.3,2028-11-30 03:00:00,2028-11-30 03:39:00,0.65,Belagavi Station 2,Normal,28,9.7,93.0,116.4,EV Fleet India,Belagavi,Completed,Good,D1058,Rainy,22.5,76.0,26.32,Healthy
EV1059,BYD Atto 3,BYD,2023,60,94.4,2028-12-01 13:15:00,2028-12-01 15:17:00,2.03,Belagavi Station 1,Normal,31,38.0,82.0,456,Eco Drive,Belagavi,Completed,Good,D1059,Sunny,22.5,76.0,26.32,Healthy
EV1060,Mahindra XUV400,Mahindra,2023,39,97.6,2028-12-02 23:00:00,2028-12-02 23:17:00,0.28,Mangalore Station 1,Fast,37,16.2,252.0,194.4,City EV,Mangalore,Completed,Good,D1060,Rainy,22.5,76.0,26.32,Healthy
EV1061,Kia EV6,Kia,2023,77,95.4,2028-12-03 07:45:00,2028-12-03 10:14:00,2.48,Bangalore Station 2,Normal,28,42.4,338.0,508.8,Eco Drive,Bangalore,Completed,Good,D1061,Sunny,22.5,76.0,26.32,Healthy
EV1062,Tata Punch EV,Tata,2023,35,97.5,2028-12-04 13:15:00,2028-12-04 13:43:00,0.47,Hubli Station 1,Fast,31,25.2,252.0,302.39999999999998,Eco Drive,Hubli,Completed,Good,D1062,Rainy,22.5,76.0,26.32,Healthy
EV1063,Tata Punch EV,Tata,2023,35,95.4,2028-12-05 21:30:00,2028-12-05 22:01:00,0.52,Mysore Station 1,Fast,38,19.2,311.0,230.4,City EV,Mysore,Completed,Good,D1063,Cloudy,22.5,76.0,26.32,Healthy
EV1064,Tata Curvv EV,Tata,2023,55,95.5,2028-12-06 16:00:00,2028-12-06 16:39:00,0.65,Bangalore Station 2,Fast,33,36.5,172.0,438,EV Fleet India,Bangalore,Completed,Good,D1064,Sunny,22.5,76.0,26.32,Healthy
EV1065,BYD Atto 3,BYD,2023,60,95.6,2028-12-07 00:00:00,2028-12-07 00:22:00,0.37,Bangalore Station 2,Fast,39,23.3,283.0,279.60000000000002,Premium Fleet,Bangalore,Completed,Good,D1065,Cloudy,22.5,76.0,26.32,Healthy
EV1066,Tata Nexon EV,Tata,2023,40,97.8,2028-12-08 12:15:00,2028-12-08 13:09:00,0.9,Hubli Station 2,Normal,32,16.5,260.0,198,Eco Drive,Hubli,Completed,Good,D1066,Cloudy,22.5,76.0,26.32,Healthy
EV1067,Hyundai Kona EV,Hyundai,2023,39,98.7,2028-12-09 08:30:00,2028-12-09 09:27:00,0.95,Hubli Station 2,Normal,28,15.0,199.0,180,EV Fleet India,Hubli,Completed,Good,D1067,Sunny,22.5,76.0,26.32,Healthy
EV1068,MG Comet EV,MG,2023,17,93.1,2028-12-10 09:15:00,2028-12-10 09:25:00,0.17,Mangalore Station 2,Fast,36,9.9,107.0,118.8,City EV,Mangalore,Completed,Good,D1068,Sunny,22.5,76.0,26.32,Healthy
EV1069,Tata Nexon EV,Tata,2023,40,94.2,2028-12-11 09:30:00,2028-12-11 10:03:00,0.55,Mangalore Station 2,Fast,34,25.1,250.0,301.2,EV Fleet India,Mangalore,Completed,Good,D1069,Sunny,22.5,76.0,26.32,Healthy
EV1070,Tata Curvv EV,Tata,2023,55,98.7,2028-12-12 06:00:00,2028-12-12 08:31:00,2.52,Bangalore Station 1,Normal,28,44.6,240.0,535.20000000000005,Green Mobility,Bangalore,Completed,Good,D1070,Cloudy,22.5,76.0,26.32,Healthy
EV1071,Tata Nexon EV,Tata,2023,40,96.4,2028-12-13 16:45:00,2028-12-13 17:55:00,1.17,Mangalore Station 1,Normal,31,18.6,101.0,223.2,Green Mobility,Mangalore,Completed,Good,D1071,Rainy,22.5,76.0,26.32,Healthy
EV1072,Mahindra XUV400,Mahindra,2023,39,95.4,2028-12-14 21:15:00,2028-12-14 21:36:00,0.35,Mysore Station 1,Fast,32,22.4,340.0,268.8,Eco Drive,Mysore,Completed,Good,D1072,Sunny,22.5,76.0,26.32,Healthy
EV1073,Kia EV6,Kia,2023,77,93.8,2028-12-15 06:45:00,2028-12-15 09:23:00,2.63,Mangalore Station 2,Normal,28,46.1,320.0,553.20000000000005,Eco Drive,Mangalore,Completed,Good,D1073,Sunny,22.5,76.0,26.32,Healthy
EV1074,MG ZS EV,MG,2023,50,94.5,2028-12-16 02:15:00,2028-12-16 03:17:00,1.03,Belagavi Station 2,Normal,36,19.8,76.0,237.6,Premium Fleet,Belagavi,Completed,Good,D1074,Cloudy,22.5,76.0,26.32,Healthy
EV1075,Mahindra XUV400,Mahindra,2023,39,96.4,2028-12-17 01:45:00,2028-12-17 02:47:00,1.03,Bangalore Station 1,Normal,35,17.1,95.0,205.2,Eco Drive,Bangalore,Completed,Good,D1075,Sunny,22.5,76.0,26.32,Healthy
EV1076,BYD Atto 3,BYD,2023,60,95.8,2028-12-18 06:15:00,2028-12-18 06:52:00,0.62,Belagavi Station 1,Fast,33,26.0,72.0,312,Premium Fleet,Belagavi,Completed,Good,D1076,Sunny,22.5,76.0,26.32,Healthy
EV1077,Hyundai Kona EV,Hyundai,2023,39,94.6,2028-12-19 23:00:00,2028-12-19 23:18:00,0.3,Hubli Station 2,Fast,39,14.5,260.0,174,Green Mobility,Hubli,Completed,Good,D1077,Cloudy,22.5,76.0,26.32,Healthy
EV1078,Tata Punch EV,Tata,2023,35,93.7,2028-12-20 00:15:00,2028-12-20 01:37:00,1.37,Belagavi Station 1,Normal,36,23.2,286.0,278.39999999999998,EV Fleet India,Belagavi,Completed,Good,D1078,Rainy,22.5,76.0,26.32,Healthy
EV1079,BYD Seal,BYD,2023,82,93.9,2028-12-21 03:15:00,2028-12-21 04:36:00,1.35,Bangalore Station 1,Fast,38,67.0,136.0,804,City EV,Bangalore,Completed,Good,D1079,Sunny,22.5,76.0,26.32,Healthy
EV1080,BYD Atto 3,BYD,2023,60,97.8,2028-12-22 21:45:00,2028-12-22 22:28:00,0.72,Belagavi Station 2,Fast,31,29.9,147.0,358.8,Eco Drive,Belagavi,Completed,Good,D1080,Sunny,22.5,76.0,26.32,Healthy
EV1081,Hyundai Kona EV,Hyundai,2023,39,96.2,2028-12-23 07:45:00,2028-12-23 08:18:00,0.55,Mangalore Station 2,Fast,39,30.9,275.0,370.8,Eco Drive,Mangalore,Completed,Good,D1081,Cloudy,22.5,76.0,26.32,Healthy
EV1082,Hyundai Kona EV,Hyundai,2023,39,99.0,2028-12-24 03:15:00,2028-12-24 04:54:00,1.65,Hubli Station 1,Normal,32,31.1,202.0,373.2,EV Fleet India,Hubli,Completed,Good,D1082,Sunny,22.5,76.0,26.32,Healthy
EV1083,MG ZS EV,MG,2023,50,95.5,2028-12-25 16:30:00,2028-12-25 16:54:00,0.4,Mysore Station 1,Fast,28,14.3,336.0,171.6,Eco Drive,Mysore,Completed,Good,D1083,Cloudy,22.5,76.0,26.32,Healthy
EV1084,Hyundai Kona EV,Hyundai,2023,39,96.6,2028-12-26 13:15:00,2028-12-26 14:48:00,1.55,Belagavi Station 1,Normal,28,27.1,82.0,325.2,City EV,Belagavi,Completed,Good,D1084,Sunny,22.5,76.0,26.32,Healthy
EV1085,MG ZS EV,MG,2023,50,96.5,2028-12-27 15:00:00,2028-12-27 15:48:00,0.8,Hubli Station 2,Fast,30,36.3,293.0,435.6,City EV,Hubli,Completed,Good,D1085,Cloudy,22.5,76.0,26.32,Healthy
EV1086,MG ZS EV,MG,2023,50,98.7,2028-12-28 17:30:00,2028-12-28 17:48:00,0.3,Mangalore Station 2,Fast,29,17.3,338.0,207.6,City EV,Mangalore,Completed,Good,D1086,Cloudy,22.5,76.0,26.32,Healthy
EV1087,Tata Nexon EV,Tata,2023,40,94.1,2028-12-29 20:30:00,2028-12-29 20:49:00,0.32,Mysore Station 2,Fast,31,16.0,223.0,192,Premium Fleet,Mysore,Completed,Good,D1087,Cloudy,22.5,76.0,26.32,Healthy
EV1088,BYD Atto 3,BYD,2023,60,93.9,2028-12-30 01:15:00,2028-12-30 01:34:00,0.32,Bangalore Station 2,Fast,27,18.0,234.0,216,Eco Drive,Bangalore,Completed,Good,D1088,Rainy,22.5,76.0,26.32,Healthy
EV1089,Tata Punch EV,Tata,2023,35,95.7,2028-12-31 23:30:00,2028-12-31 23:52:00,0.37,Belagavi Station 1,Fast,39,13.4,259.0,160.80000000000001,Premium Fleet,Belagavi,Completed,Good,D1089,Cloudy,22.5,76.0,26.32,Healthy
EV1090,BYD Atto 3,BYD,2023,60,97.9,2029-01-01 08:00:00,2029-01-01 08:40:00,0.67,Bangalore Station 1,Fast,37,32.1,202.0,385.2,Eco Drive,Bangalore,Completed,Good,D1090,Cloudy,22.5,76.0,26.32,Healthy
EV1091,Tata Punch EV,Tata,2023,35,97.5,2029-01-02 19:15:00,2029-01-02 19:36:00,0.35,Hubli Station 2,Fast,33,18.9,269.0,226.8,EV Fleet India,Hubli,Completed,Good,D1091,Rainy,22.5,76.0,26.32,Healthy
EV1092,Tata Curvv EV,Tata,2023,55,97.2,2029-01-03 23:15:00,2029-01-03 23:52:00,0.62,Belagavi Station 2,Fast,31,25.1,327.0,301.2,Premium Fleet,Belagavi,Completed,Good,D1092,Sunny,22.5,76.0,26.32,Healthy
EV1093,Kia EV6,Kia,2023,77,98.2,2029-01-04 05:45:00,2029-01-04 07:18:00,1.55,Hubli Station 1,Normal,30,27.2,190.0,326.39999999999998,EV Fleet India,Hubli,Completed,Good,D1093,Rainy,22.5,76.0,26.32,Healthy
EV1094,Hyundai Kona EV,Hyundai,2023,39,96.3,2029-01-05 06:30:00,2029-01-05 06:47:00,0.28,Bangalore Station 1,Fast,32,14.3,181.0,171.6,City EV,Bangalore,Completed,Good,D1094,Sunny,22.5,76.0,26.32,Healthy
EV1095,Hyundai Kona EV,Hyundai,2023,39,93.5,2029-01-06 08:15:00,2029-01-06 08:35:00,0.33,Mangalore Station 1,Fast,28,12.8,147.0,153.6,Green Mobility,Mangalore,Completed,Good,D1095,Cloudy,22.5,76.0,26.32,Healthy
EV1096,MG ZS EV,MG,2023,50,97.9,2029-01-07 19:00:00,2029-01-07 19:30:00,0.5,Mangalore Station 2,Fast,33,24.4,200.0,292.8,Premium Fleet,Mangalore,Completed,Good,D1096,Sunny,22.5,76.0,26.32,Healthy
EV1097,Kia EV6,Kia,2023,77,97.5,2029-01-08 11:00:00,2029-01-08 11:33:00,0.55,Bangalore Station 1,Fast,29,21.3,346.0,255.6,EV Fleet India,Bangalore,Completed,Good,D1097,Sunny,22.5,76.0,26.32,Healthy
EV1098,BYD Seal,BYD,2023,82,93.5,2029-01-09 16:45:00,2029-01-09 18:55:00,2.17,Mangalore Station 1,Normal,28,39.9,300.0,478.8,EV Fleet India,Mangalore,Completed,Good,D1098,Rainy,22.5,76.0,26.32,Healthy
EV1099,Hyundai Kona EV,Hyundai,2023,39,94.7,2029-01-10 20:30:00,2029-01-10 21:59:00,1.48,Mangalore Station 1,Normal,32,26.1,129.0,313.2,City EV,Mangalore,Completed,Good,D1099,Cloudy,22.5,76.0,26.32,Healthy
EV1100,MG Comet EV,MG,2023,17,96.1,2029-01-11 10:00:00,2029-01-11 10:22:00,0.37,Mysore Station 2,Normal,36,6.4,331.0,76.8,EV Fleet India,Mysore,Completed,Good,D1100,Cloudy,22.5,76.0,26.32,Healthy
EV1101,Tata Punch EV,Tata,2023,35,94.0,2029-01-12 07:00:00,2029-01-12 08:01:00,1.02,Bangalore Station 1,Normal,32,17.1,283.0,205.2,Eco Drive,Bangalore,Completed,Good,D1101,Cloudy,22.5,76.0,26.32,Healthy
EV1102,BYD Seal,BYD,2023,82,93.3,2029-01-13 02:45:00,2029-01-13 03:12:00,0.45,Belagavi Station 1,Fast,32,23.4,311.0,280.8,EV Fleet India,Belagavi,Completed,Good,D1102,Cloudy,22.5,76.0,26.32,Healthy
EV1103,MG ZS EV,MG,2023,50,98.8,2029-01-14 21:00:00,2029-01-14 21:17:00,0.28,Hubli Station 2,Fast,39,13.7,112.0,164.4,Eco Drive,Hubli,Completed,Good,D1103,Sunny,22.5,76.0,26.32,Healthy
EV1104,Kia EV6,Kia,2023,77,96.5,2029-01-15 04:15:00,2029-01-15 04:40:00,0.42,Hubli Station 1,Fast,35,24.5,263.0,294,EV Fleet India,Hubli,Completed,Good,D1104,Rainy,22.5,76.0,26.32,Healthy
EV1105,MG Comet EV,MG,2023,17,98.3,2029-01-16 06:00:00,2029-01-16 06:27:00,0.45,Mangalore Station 2,Normal,27,9.8,323.0,117.6,City EV,Mangalore,Completed,Good,D1105,Rainy,22.5,76.0,26.32,Healthy
EV1106,BYD Atto 3,BYD,2023,60,97.5,2029-01-17 11:30:00,2029-01-17 12:17:00,0.78,Mysore Station 1,Fast,34,36.2,116.0,434.4,Eco Drive,Mysore,Completed,Good,D1106,Rainy,22.5,76.0,26.32,Healthy
EV1107,Kia EV6,Kia,2023,77,95.8,2029-01-18 02:00:00,2029-01-18 04:55:00,2.92,Hubli Station 1,Normal,39,52.8,169.0,633.6,Premium Fleet,Hubli,Completed,Good,D1107,Rainy,22.5,76.0,26.32,Healthy
EV1108,MG Comet EV,MG,2023,17,97.4,2029-01-19 09:00:00,2029-01-19 09:04:00,0.07,Mysore Station 2,Fast,34,4.5,76.0,54,Eco Drive,Mysore,Completed,Good,D1108,Cloudy,22.5,76.0,26.32,Healthy
EV1109,Tata Punch EV,Tata,2023,35,96.9,2029-01-20 20:15:00,2029-01-20 20:39:00,0.4,Mangalore Station 1,Fast,31,20.6,182.0,247.2,Green Mobility,Mangalore,Completed,Good,D1109,Rainy,22.5,76.0,26.32,Healthy
EV1110,Tata Curvv EV,Tata,2023,55,94.8,2029-01-21 21:00:00,2029-01-21 23:16:00,2.27,Bangalore Station 1,Normal,39,42.1,81.0,505.2,City EV,Bangalore,Completed,Good,D1110,Cloudy,22.5,76.0,26.32,Healthy
EV1111,BYD Seal,BYD,2023,82,95.4,2029-01-22 10:45:00,2029-01-22 13:20:00,2.58,Belagavi Station 2,Normal,38,44.6,166.0,535.20000000000005,Green Mobility,Belagavi,Completed,Good,D1111,Sunny,22.5,76.0,26.32,Healthy
EV1112,MG Comet EV,MG,2023,17,95.9,2029-01-23 15:30:00,2029-01-23 16:16:00,0.77,Mysore Station 2,Normal,37,12.2,134.0,146.4,City EV,Mysore,Completed,Good,D1112,Rainy,22.5,76.0,26.32,Healthy
EV1113,Mahindra XUV400,Mahindra,2023,39,93.3,2029-01-24 01:15:00,2029-01-24 02:58:00,1.72,Mangalore Station 2,Normal,35,29.4,61.0,352.8,Eco Drive,Mangalore,Completed,Good,D1113,Sunny,22.5,76.0,26.32,Healthy
EV1114,BYD Atto 3,BYD,2023,60,95.6,2029-01-25 06:00:00,2029-01-25 06:56:00,0.93,Belagavi Station 2,Fast,35,42.3,177.0,507.6,Green Mobility,Belagavi,Completed,Good,D1114,Cloudy,22.5,76.0,26.32,Healthy
EV1115,BYD Seal,BYD,2023,82,95.5,2029-01-26 16:45:00,2029-01-26 17:07:00,0.37,Bangalore Station 2,Fast,30,22.0,278.0,264,EV Fleet India,Bangalore,Completed,Good,D1115,Cloudy,22.5,76.0,26.32,Healthy
EV1116,Tata Curvv EV,Tata,2023,55,98.2,2029-01-27 17:00:00,2029-01-27 17:35:00,0.58,Mysore Station 1,Fast,35,25.1,253.0,301.2,Eco Drive,Mysore,Completed,Good,D1116,Sunny,22.5,76.0,26.32,Healthy
EV1117,Kia EV6,Kia,2023,77,95.5,2029-01-28 01:45:00,2029-01-28 02:55:00,1.17,Bangalore Station 1,Fast,37,54.3,279.0,651.6,EV Fleet India,Bangalore,Completed,Good,D1117,Sunny,22.5,76.0,26.32,Healthy
EV1118,BYD Seal,BYD,2023,82,98.2,2029-01-29 23:00:00,2029-01-29 23:44:00,0.73,Bangalore Station 2,Fast,35,39.7,77.0,476.4,Premium Fleet,Bangalore,Completed,Good,D1118,Sunny,22.5,76.0,26.32,Healthy
EV1119,Kia EV6,Kia,2023,77,94.6,2029-01-30 11:30:00,2029-01-30 14:02:00,2.53,Bangalore Station 2,Normal,28,47.0,319.0,564,Green Mobility,Bangalore,Completed,Good,D1119,Sunny,22.5,76.0,26.32,Healthy
EV1120,Kia EV6,Kia,2023,77,96.7,2029-01-31 16:00:00,2029-01-31 16:59:00,0.98,Bangalore Station 1,Fast,30,42.9,265.0,514.79999999999995,Eco Drive,Bangalore,Completed,Good,D1120,Sunny,22.5,76.0,26.32,Healthy
EV1121,Mahindra XUV400,Mahindra,2023,39,98.9,2029-02-01 23:30:00,2029-02-02 00:08:00,0.63,Belagavi Station 1,Fast,39,29.7,164.0,356.4,Eco Drive,Belagavi,Completed,Good,D1121,Sunny,22.5,76.0,26.32,Healthy
EV1122,MG ZS EV,MG,2023,50,95.5,2029-02-02 15:15:00,2029-02-02 15:55:00,0.67,Belagavi Station 1,Fast,35,32.2,94.0,386.4,Premium Fleet,Belagavi,Completed,Good,D1122,Cloudy,22.5,76.0,26.32,Healthy
EV1123,Tata Curvv EV,Tata,2023,55,93.8,2029-02-03 08:15:00,2029-02-03 08:34:00,0.32,Bangalore Station 2,Fast,39,17.6,252.0,211.2,City EV,Bangalore,Completed,Good,D1123,Rainy,22.5,76.0,26.32,Healthy
EV1124,Kia EV6,Kia,2023,77,94.4,2029-02-04 21:15:00,2029-02-04 21:50:00,0.58,Mangalore Station 2,Fast,35,33.4,298.0,400.8,Eco Drive,Mangalore,Completed,Good,D1124,Rainy,22.5,76.0,26.32,Healthy
EV1125,Tata Punch EV,Tata,2023,35,93.3,2029-02-05 12:15:00,2029-02-05 12:47:00,0.53,Bangalore Station 1,Fast,36,20.9,211.0,250.8,Premium Fleet,Bangalore,Completed,Good,D1125,Rainy,22.5,76.0,26.32,Healthy
EV1126,Tata Nexon EV,Tata,2023,40,93.5,2029-02-06 02:15:00,2029-02-06 02:41:00,0.43,Bangalore Station 1,Fast,39,22.4,65.0,268.8,City EV,Bangalore,Completed,Good,D1126,Rainy,22.5,76.0,26.32,Healthy
EV1127,Tata Curvv EV,Tata,2023,55,96.6,2029-02-07 19:15:00,2029-02-07 21:45:00,2.5,Bangalore Station 2,Normal,27,44.5,270.0,534,Eco Drive,Bangalore,Completed,Good,D1127,Rainy,22.5,76.0,26.32,Healthy
EV1128,Tata Curvv EV,Tata,2023,55,95.4,2029-02-08 15:30:00,2029-02-08 16:05:00,0.58,Mysore Station 1,Fast,32,33.9,178.0,406.8,Eco Drive,Mysore,Completed,Good,D1128,Cloudy,22.5,76.0,26.32,Healthy
EV1129,Kia EV6,Kia,2023,77,99.0,2029-02-09 09:30:00,2029-02-09 12:00:00,2.5,Bangalore Station 1,Normal,36,43.8,192.0,525.6,Premium Fleet,Bangalore,Completed,Good,D1129,Sunny,22.5,76.0,26.32,Healthy
EV1130,MG ZS EV,MG,2023,50,98.2,2029-02-10 18:45:00,2029-02-10 20:54:00,2.15,Bangalore Station 1,Normal,30,39.4,305.0,472.8,City EV,Bangalore,Completed,Good,D1130,Sunny,22.5,76.0,26.32,Healthy
EV1131,Tata Punch EV,Tata,2023,35,94.2,2029-02-11 04:45:00,2029-02-11 05:05:00,0.33,Mysore Station 1,Fast,34,19.5,167.0,234,Premium Fleet,Mysore,Completed,Good,D1131,Sunny,22.5,76.0,26.32,Healthy
EV1132,Hyundai Kona EV,Hyundai,2023,39,97.0,2029-02-12 00:15:00,2029-02-12 00:44:00,0.48,Mysore Station 1,Fast,36,24.8,87.0,297.60000000000002,Green Mobility,Mysore,Completed,Good,D1132,Sunny,22.5,76.0,26.32,Healthy
EV1133,Kia EV6,Kia,2023,77,93.5,2029-02-13 09:45:00,2029-02-13 11:11:00,1.43,Hubli Station 1,Normal,32,26.6,187.0,319.2,Green Mobility,Hubli,Completed,Good,D1133,Cloudy,22.5,76.0,26.32,Healthy
EV1134,MG ZS EV,MG,2023,50,96.9,2029-02-14 22:30:00,2029-02-15 00:08:00,1.63,Mysore Station 2,Normal,29,29.2,325.0,350.4,Eco Drive,Mysore,Completed,Good,D1134,Cloudy,22.5,76.0,26.32,Healthy
EV1135,MG ZS EV,MG,2023,50,95.3,2029-02-15 19:45:00,2029-02-15 20:26:00,0.68,Mysore Station 2,Fast,38,37.8,139.0,453.6,City EV,Mysore,Completed,Good,D1135,Rainy,22.5,76.0,26.32,Healthy
EV1136,Kia EV6,Kia,2023,77,95.1,2029-02-16 06:15:00,2029-02-16 06:50:00,0.58,Mangalore Station 2,Fast,32,30.3,347.0,363.6,City EV,Mangalore,Completed,Good,D1136,Rainy,22.5,76.0,26.32,Healthy
EV1137,Tata Curvv EV,Tata,2023,55,94.5,2029-02-17 08:00:00,2029-02-17 09:43:00,1.72,Mysore Station 2,Normal,31,31.1,185.0,373.2,Eco Drive,Mysore,Completed,Good,D1137,Rainy,22.5,76.0,26.32,Healthy
EV1138,BYD Seal,BYD,2023,82,97.9,2029-02-18 14:00:00,2029-02-18 15:04:00,1.07,Mangalore Station 1,Fast,30,50.6,154.0,607.20000000000005,Green Mobility,Mangalore,Completed,Good,D1138,Cloudy,22.5,76.0,26.32,Healthy
EV1139,Tata Curvv EV,Tata,2023,55,97.4,2029-02-19 00:45:00,2029-02-19 01:19:00,0.57,Hubli Station 2,Fast,33,22.2,254.0,266.39999999999998,Green Mobility,Hubli,Completed,Good,D1139,Rainy,22.5,76.0,26.32,Healthy
EV1140,MG ZS EV,MG,2023,50,94.5,2029-02-20 17:30:00,2029-02-20 17:49:00,0.32,Bangalore Station 1,Fast,30,18.1,244.0,217.2,Premium Fleet,Bangalore,Completed,Good,D1140,Sunny,22.5,76.0,26.32,Healthy
EV1141,Tata Nexon EV,Tata,2023,40,95.7,2029-02-21 06:45:00,2029-02-21 07:06:00,0.35,Mangalore Station 1,Fast,35,20.7,280.0,248.4,EV Fleet India,Mangalore,Completed,Good,D1141,Sunny,22.5,76.0,26.32,Healthy
EV1142,MG ZS EV,MG,2023,50,95.4,2029-02-22 22:00:00,2029-02-22 22:34:00,0.57,Mangalore Station 1,Fast,28,28.4,186.0,340.8,City EV,Mangalore,Completed,Good,D1142,Rainy,22.5,76.0,26.32,Healthy
EV1143,Tata Curvv EV,Tata,2023,55,93.6,2029-02-23 14:00:00,2029-02-23 14:20:00,0.33,Bangalore Station 2,Fast,36,13.7,167.0,164.4,Green Mobility,Bangalore,Completed,Good,D1143,Cloudy,22.5,76.0,26.32,Healthy
EV1144,Kia EV6,Kia,2023,77,95.5,2029-02-24 22:45:00,2029-02-25 00:13:00,1.47,Bangalore Station 2,Normal,38,26.2,164.0,314.39999999999998,City EV,Bangalore,Completed,Good,D1144,Rainy,22.5,76.0,26.32,Healthy
EV1145,BYD Atto 3,BYD,2023,60,97.5,2029-02-25 13:30:00,2029-02-25 14:09:00,0.65,Mysore Station 2,Fast,35,36.4,340.0,436.8,City EV,Mysore,Completed,Good,D1145,Cloudy,22.5,76.0,26.32,Healthy
EV1146,Mahindra XUV400,Mahindra,2023,39,93.4,2029-02-26 09:15:00,2029-02-26 09:48:00,0.55,Mangalore Station 2,Fast,34,25.3,320.0,303.60000000000002,Eco Drive,Mangalore,Completed,Good,D1146,Rainy,22.5,76.0,26.32,Healthy
EV1147,BYD Seal,BYD,2023,82,95.4,2029-02-27 12:45:00,2029-02-27 15:26:00,2.68,Belagavi Station 2,Normal,29,49.3,262.0,591.6,Green Mobility,Belagavi,Completed,Good,D1147,Rainy,22.5,76.0,26.32,Healthy
EV1148,Kia EV6,Kia,2023,77,97.0,2029-02-28 12:30:00,2029-02-28 13:47:00,1.28,Bangalore Station 1,Fast,28,61.0,112.0,732,City EV,Bangalore,Completed,Good,D1148,Sunny,22.5,76.0,26.32,Healthy
EV1149,Tata Punch EV,Tata,2023,35,94.2,2029-03-01 14:00:00,2029-03-01 14:59:00,0.98,Mysore Station 1,Normal,38,17.0,118.0,204,Green Mobility,Mysore,Completed,Good,D1149,Sunny,22.5,76.0,26.32,Healthy
EV1150,BYD Seal,BYD,2023,82,95.1,2029-03-02 02:45:00,2029-03-02 03:15:00,0.5,Belagavi Station 1,Fast,36,25.2,282.0,302.39999999999998,EV Fleet India,Belagavi,Completed,Good,D1150,Cloudy,22.5,76.0,26.32,Healthy
EV1151,Tata Nexon EV,Tata,2023,40,94.4,2029-03-03 17:15:00,2029-03-03 19:06:00,1.85,Mysore Station 2,Normal,28,31.9,83.0,382.8,Premium Fleet,Mysore,Completed,Good,D1151,Rainy,22.5,76.0,26.32,Healthy
EV1152,Hyundai Kona EV,Hyundai,2023,39,98.3,2029-03-04 15:00:00,2029-03-04 15:15:00,0.25,Bangalore Station 1,Fast,35,9.0,120.0,108,City EV,Bangalore,Completed,Good,D1152,Rainy,22.5,76.0,26.32,Healthy
EV1153,Tata Nexon EV,Tata,2023,40,94.2,2029-03-05 22:15:00,2029-03-05 23:10:00,0.92,Belagavi Station 1,Normal,34,18.0,298.0,216,EV Fleet India,Belagavi,Completed,Good,D1153,Rainy,22.5,76.0,26.32,Healthy
EV1154,BYD Atto 3,BYD,2023,60,97.5,2029-03-06 01:45:00,2029-03-06 02:10:00,0.42,Bangalore Station 1,Fast,33,17.7,188.0,212.4,Eco Drive,Bangalore,Completed,Good,D1154,Sunny,22.5,76.0,26.32,Healthy
EV1155,MG Comet EV,MG,2023,17,95.8,2029-03-07 09:45:00,2029-03-07 10:20:00,0.58,Mangalore Station 1,Normal,32,10.8,106.0,129.6,Green Mobility,Mangalore,Completed,Good,D1155,Rainy,22.5,76.0,26.32,Healthy
EV1156,BYD Atto 3,BYD,2023,60,98.5,2029-03-08 21:15:00,2029-03-08 21:53:00,0.63,Mangalore Station 2,Fast,39,25.1,155.0,301.2,City EV,Mangalore,Completed,Good,D1156,Cloudy,22.5,76.0,26.32,Healthy
EV1157,MG Comet EV,MG,2023,17,95.9,2029-03-09 12:15:00,2029-03-09 12:29:00,0.23,Mangalore Station 2,Fast,27,9.9,120.0,118.8,EV Fleet India,Mangalore,Completed,Good,D1157,Cloudy,22.5,76.0,26.32,Healthy
EV1158,Tata Punch EV,Tata,2023,35,94.4,2029-03-10 01:00:00,2029-03-10 01:59:00,0.98,Mysore Station 2,Normal,30,18.3,105.0,219.6,City EV,Mysore,Completed,Good,D1158,Cloudy,22.5,76.0,26.32,Healthy
EV1159,BYD Atto 3,BYD,2023,60,95.8,2029-03-11 02:45:00,2029-03-11 04:56:00,2.18,Mysore Station 1,Normal,34,38.8,252.0,465.6,City EV,Mysore,Completed,Good,D1159,Rainy,22.5,76.0,26.32,Healthy
EV1160,Tata Punch EV,Tata,2023,35,95.7,2029-03-12 19:30:00,2029-03-12 19:37:00,0.12,Belagavi Station 2,Fast,29,9.0,123.0,108,Premium Fleet,Belagavi,Completed,Good,D1160,Rainy,22.5,76.0,26.32,Healthy
EV1161,BYD Seal,BYD,2023,82,98.6,2029-03-13 13:00:00,2029-03-13 15:14:00,2.23,Mysore Station 1,Normal,35,39.1,259.0,469.2,Eco Drive,Mysore,Completed,Good,D1161,Cloudy,22.5,76.0,26.32,Healthy
EV1162,Tata Punch EV,Tata,2023,35,94.3,2029-03-14 12:00:00,2029-03-14 13:09:00,1.15,Belagavi Station 1,Normal,27,20.1,129.0,241.2,Green Mobility,Belagavi,Completed,Good,D1162,Rainy,22.5,76.0,26.32,Healthy
EV1163,Mahindra XUV400,Mahindra,2023,39,94.9,2029-03-15 03:15:00,2029-03-15 04:27:00,1.2,Bangalore Station 1,Normal,30,20.4,326.0,244.8,Premium Fleet,Bangalore,Completed,Good,D1163,Sunny,22.5,76.0,26.32,Healthy
EV1164,Tata Curvv EV,Tata,2023,55,96.5,2029-03-16 10:30:00,2029-03-16 12:45:00,2.25,Belagavi Station 2,Normal,37,38.8,66.0,465.6,Premium Fleet,Belagavi,Completed,Good,D1164,Sunny,22.5,76.0,26.32,Healthy
EV1165,Tata Punch EV,Tata,2023,35,94.9,2029-03-17 19:00:00,2029-03-17 19:14:00,0.23,Hubli Station 2,Fast,37,14.7,285.0,176.4,Green Mobility,Hubli,Completed,Good,D1165,Sunny,22.5,76.0,26.32,Healthy
EV1166,BYD Atto 3,BYD,2023,60,96.7,2029-03-18 15:45:00,2029-03-18 16:45:00,1.0,Hubli Station 2,Fast,37,44.2,317.0,530.4,Premium Fleet,Hubli,Completed,Good,D1166,Cloudy,22.5,76.0,26.32,Healthy
EV1167,Tata Curvv EV,Tata,2023,55,95.6,2029-03-19 04:15:00,2029-03-19 04:43:00,0.47,Mysore Station 1,Fast,34,16.8,312.0,201.6,Premium Fleet,Mysore,Completed,Good,D1167,Cloudy,22.5,76.0,26.32,Healthy
EV1168,Tata Punch EV,Tata,2023,35,94.1,2029-03-20 06:30:00,2029-03-20 07:09:00,0.65,Mangalore Station 2,Normal,33,11.3,173.0,135.6,City EV,Mangalore,Completed,Good,D1168,Cloudy,22.5,76.0,26.32,Healthy
EV1169,Tata Punch EV,Tata,2023,35,97.6,2029-03-21 11:15:00,2029-03-21 11:30:00,0.25,Belagavi Station 2,Fast,36,15.2,311.0,182.4,City EV,Belagavi,Completed,Good,D1169,Rainy,22.5,76.0,26.32,Healthy
EV1170,MG ZS EV,MG,2023,50,96.9,2029-03-22 11:30:00,2029-03-22 11:59:00,0.48,Mangalore Station 2,Fast,32,23.9,159.0,286.8,City EV,Mangalore,Completed,Good,D1170,Cloudy,22.5,76.0,26.32,Healthy
EV1171,Hyundai Kona EV,Hyundai,2023,39,95.4,2029-03-23 11:45:00,2029-03-23 12:22:00,0.62,Mangalore Station 2,Fast,33,33.9,221.0,406.8,City EV,Mangalore,Completed,Good,D1171,Rainy,22.5,76.0,26.32,Healthy
EV1172,Hyundai Kona EV,Hyundai,2023,39,98.9,2029-03-24 05:45:00,2029-03-24 06:31:00,0.77,Mangalore Station 2,Normal,28,14.8,293.0,177.6,Eco Drive,Mangalore,Completed,Good,D1172,Rainy,22.5,76.0,26.32,Healthy
EV1173,MG Comet EV,MG,2023,17,97.2,2029-03-25 19:00:00,2029-03-25 19:21:00,0.35,Bangalore Station 1,Fast,27,11.4,149.0,136.80000000000001,EV Fleet India,Bangalore,Completed,Good,D1173,Rainy,22.5,76.0,26.32,Healthy
EV1174,MG ZS EV,MG,2023,50,95.3,2029-03-26 14:30:00,2029-03-26 15:16:00,0.77,Hubli Station 2,Fast,27,33.5,102.0,402,Eco Drive,Hubli,Completed,Good,D1174,Rainy,22.5,76.0,26.32,Healthy
EV1175,Mahindra XUV400,Mahindra,2023,39,96.2,2029-03-27 19:00:00,2029-03-27 20:26:00,1.43,Mangalore Station 2,Normal,32,24.0,188.0,288,EV Fleet India,Mangalore,Completed,Good,D1175,Cloudy,22.5,76.0,26.32,Healthy
EV1176,BYD Seal,BYD,2023,82,95.5,2029-03-28 01:00:00,2029-03-28 02:09:00,1.15,Belagavi Station 2,Fast,29,52.1,334.0,625.20000000000005,Eco Drive,Belagavi,Completed,Good,D1176,Rainy,22.5,76.0,26.32,Healthy
EV1177,BYD Seal,BYD,2023,82,96.4,2029-03-29 11:45:00,2029-03-29 14:37:00,2.87,Hubli Station 1,Normal,30,50.3,148.0,603.6,Premium Fleet,Hubli,Completed,Good,D1177,Rainy,22.5,76.0,26.32,Healthy
EV1178,MG Comet EV,MG,2023,17,95.5,2029-03-30 05:30:00,2029-03-30 05:47:00,0.28,Mysore Station 1,Fast,27,13.1,329.0,157.19999999999999,Eco Drive,Mysore,Completed,Good,D1178,Cloudy,22.5,76.0,26.32,Healthy
EV1179,Mahindra XUV400,Mahindra,2023,39,95.0,2029-03-31 05:45:00,2029-03-31 06:54:00,1.15,Bangalore Station 1,Normal,28,18.4,99.0,220.8,Eco Drive,Bangalore,Completed,Good,D1179,Cloudy,22.5,76.0,26.32,Healthy
EV1180,MG ZS EV,MG,2023,50,95.7,2029-04-01 19:15:00,2029-04-01 19:51:00,0.6,Mangalore Station 2,Fast,36,29.3,116.0,351.6,EV Fleet India,Mangalore,Completed,Good,D1180,Cloudy,22.5,76.0,26.32,Healthy
EV1181,Tata Curvv EV,Tata,2023,55,96.6,2029-04-02 05:15:00,2029-04-02 05:41:00,0.43,Mysore Station 1,Fast,35,19.2,66.0,230.4,EV Fleet India,Mysore,Completed,Good,D1181,Cloudy,22.5,76.0,26.32,Healthy
EV1182,BYD Atto 3,BYD,2023,60,94.1,2029-04-03 08:00:00,2029-04-03 09:10:00,1.17,Hubli Station 2,Normal,38,22.2,268.0,266.39999999999998,EV Fleet India,Hubli,Completed,Good,D1182,Sunny,22.5,76.0,26.32,Healthy
EV1183,MG ZS EV,MG,2023,50,98.3,2029-04-04 07:45:00,2029-04-04 08:23:00,0.63,Bangalore Station 2,Fast,39,31.6,247.0,379.2,Premium Fleet,Bangalore,Completed,Good,D1183,Cloudy,22.5,76.0,26.32,Healthy
EV1184,Hyundai Kona EV,Hyundai,2023,39,97.2,2029-04-05 02:30:00,2029-04-05 02:39:00,0.15,Mysore Station 2,Fast,32,12.4,244.0,148.80000000000001,EV Fleet India,Mysore,Completed,Good,D1184,Rainy,22.5,76.0,26.32,Healthy
EV1185,Tata Curvv EV,Tata,2023,55,98.0,2029-04-06 00:15:00,2029-04-06 00:59:00,0.73,Mangalore Station 1,Fast,38,31.3,269.0,375.6,Premium Fleet,Mangalore,Completed,Good,D1185,Rainy,22.5,76.0,26.32,Healthy
EV1186,Tata Nexon EV,Tata,2023,40,94.7,2029-04-07 20:15:00,2029-04-07 21:17:00,1.03,Mangalore Station 2,Normal,28,19.7,244.0,236.4,City EV,Mangalore,Completed,Good,D1186,Rainy,22.5,76.0,26.32,Healthy
EV1187,Tata Nexon EV,Tata,2023,40,96.5,2029-04-08 09:45:00,2029-04-08 10:22:00,0.62,Hubli Station 1,Fast,34,26.2,267.0,314.39999999999998,Green Mobility,Hubli,Completed,Good,D1187,Sunny,22.5,76.0,26.32,Healthy
EV1188,Mahindra XUV400,Mahindra,2023,39,94.3,2029-04-09 07:30:00,2029-04-09 08:09:00,0.65,Mangalore Station 1,Fast,33,27.4,265.0,328.8,City EV,Mangalore,Completed,Good,D1188,Sunny,22.5,76.0,26.32,Healthy
EV1189,BYD Atto 3,BYD,2023,60,98.9,2029-04-10 08:00:00,2029-04-10 08:45:00,0.75,Mangalore Station 1,Fast,32,42.4,251.0,508.8,Eco Drive,Mangalore,Completed,Good,D1189,Rainy,22.5,76.0,26.32,Healthy
EV1190,MG ZS EV,MG,2023,50,96.1,2029-04-11 17:30:00,2029-04-11 19:32:00,2.03,Mangalore Station 1,Normal,39,37.8,265.0,453.6,Eco Drive,Mangalore,Completed,Good,D1190,Sunny,22.5,76.0,26.32,Healthy
EV1191,Tata Punch EV,Tata,2023,35,94.4,2029-04-12 16:00:00,2029-04-12 16:25:00,0.42,Hubli Station 2,Fast,29,15.0,194.0,180,Premium Fleet,Hubli,Completed,Good,D1191,Sunny,22.5,76.0,26.32,Healthy
EV1192,BYD Seal,BYD,2023,82,97.1,2029-04-13 02:15:00,2029-04-13 04:41:00,2.43,Belagavi Station 2,Normal,38,44.8,153.0,537.6,Eco Drive,Belagavi,Completed,Good,D1192,Cloudy,22.5,76.0,26.32,Healthy
EV1193,Tata Punch EV,Tata,2023,35,94.7,2029-04-14 23:00:00,2029-04-14 23:31:00,0.52,Belagavi Station 2,Fast,35,20.0,195.0,240,Eco Drive,Belagavi,Completed,Good,D1193,Sunny,22.5,76.0,26.32,Healthy
EV1194,Hyundai Kona EV,Hyundai,2023,39,95.3,2029-04-15 21:45:00,2029-04-15 22:06:00,0.35,Mysore Station 1,Fast,29,13.1,133.0,157.19999999999999,City EV,Mysore,Completed,Good,D1194,Rainy,22.5,76.0,26.32,Healthy
EV1195,BYD Seal,BYD,2023,82,97.3,2029-04-16 17:00:00,2029-04-16 17:38:00,0.63,Belagavi Station 1,Fast,38,30.4,74.0,364.8,Eco Drive,Belagavi,Completed,Good,D1195,Rainy,22.5,76.0,26.32,Healthy
EV1196,MG Comet EV,MG,2023,17,94.9,2029-04-17 06:15:00,2029-04-17 06:32:00,0.28,Bangalore Station 2,Fast,33,11.5,104.0,138,EV Fleet India,Bangalore,Completed,Good,D1196,Sunny,22.5,76.0,26.32,Healthy
EV1197,Hyundai Kona EV,Hyundai,2023,39,97.1,2029-04-18 20:15:00,2029-04-18 21:28:00,1.22,Hubli Station 1,Normal,31,22.0,186.0,264,Premium Fleet,Hubli,Completed,Good,D1197,Cloudy,22.5,76.0,26.32,Healthy
EV1198,Tata Curvv EV,Tata,2023,55,97.2,2029-04-19 04:00:00,2029-04-19 04:35:00,0.58,Hubli Station 2,Fast,36,29.7,284.0,356.4,Eco Drive,Hubli,Completed,Good,D1198,Rainy,22.5,76.0,26.32,Healthy
EV1199,Kia EV6,Kia,2023,77,94.9,2029-04-20 00:00:00,2029-04-20 01:13:00,1.22,Hubli Station 2,Fast,31,54.3,221.0,651.6,EV Fleet India,Hubli,Completed,Good,D1199,Cloudy,22.5,76.0,26.32,Healthy
EV1200,MG Comet EV,MG,2023,17,96.6,2029-04-21 07:30:00,2029-04-21 07:54:00,0.4,Mysore Station 1,Normal,27,8.5,301.0,102,Eco Drive,Mysore,Completed,Good,D1200,Cloudy,22.5,76.0,26.32,Healthy
EV1201,Mahindra XUV400,Mahindra,2023,39,97.0,2029-04-22 09:00:00,2029-04-22 09:44:00,0.73,Belagavi Station 2,Normal,30,12.6,245.0,151.19999999999999,City EV,Belagavi,Completed,Good,D1201,Rainy,22.5,76.0,26.32,Healthy
EV1202,BYD Atto 3,BYD,2023,60,97.4,2029-04-23 15:15:00,2029-04-23 16:06:00,0.85,Bangalore Station 1,Fast,37,39.1,338.0,469.2,Green Mobility,Bangalore,Completed,Good,D1202,Sunny,22.5,76.0,26.32,Healthy
EV1203,BYD Seal,BYD,2023,82,96.4,2029-04-24 03:00:00,2029-04-24 03:41:00,0.68,Bangalore Station 1,Fast,38,27.7,236.0,332.4,Green Mobility,Bangalore,Completed,Good,D1203,Rainy,22.5,76.0,26.32,Healthy
EV1204,Mahindra XUV400,Mahindra,2023,39,95.8,2029-04-25 18:15:00,2029-04-25 20:17:00,2.03,Mysore Station 2,Normal,39,34.2,299.0,410.4,Green Mobility,Mysore,Completed,Good,D1204,Rainy,22.5,76.0,26.32,Healthy
EV1205,Tata Nexon EV,Tata,2023,40,93.3,2029-04-26 11:00:00,2029-04-26 11:34:00,0.57,Mangalore Station 2,Fast,29,24.1,194.0,289.2,Eco Drive,Mangalore,Completed,Good,D1205,Sunny,22.5,76.0,26.32,Healthy
EV1206,Tata Nexon EV,Tata,2023,40,98.3,2029-04-27 06:15:00,2029-04-27 07:47:00,1.53,Mysore Station 2,Normal,28,26.2,182.0,314.39999999999998,Eco Drive,Mysore,Completed,Good,D1206,Rainy,22.5,76.0,26.32,Healthy
EV1207,BYD Seal,BYD,2023,82,94.2,2029-04-28 03:30:00,2029-04-28 04:41:00,1.18,Mangalore Station 1,Fast,30,57.5,308.0,690,Premium Fleet,Mangalore,Completed,Good,D1207,Rainy,22.5,76.0,26.32,Healthy
EV1208,Kia EV6,Kia,2023,77,94.3,2029-04-29 14:45:00,2029-04-29 15:21:00,0.6,Mangalore Station 2,Fast,31,25.9,134.0,310.8,Green Mobility,Mangalore,Completed,Good,D1208,Rainy,22.5,76.0,26.32,Healthy
EV1209,Mahindra XUV400,Mahindra,2023,39,97.4,2029-04-30 09:15:00,2029-04-30 10:40:00,1.42,Mysore Station 1,Normal,38,24.9,146.0,298.8,Eco Drive,Mysore,Completed,Good,D1209,Sunny,22.5,76.0,26.32,Healthy
EV1210,MG ZS EV,MG,2023,50,94.2,2029-05-01 05:45:00,2029-05-01 07:39:00,1.9,Hubli Station 1,Normal,33,33.9,86.0,406.8,City EV,Hubli,Completed,Good,D1210,Cloudy,22.5,76.0,26.32,Healthy
EV1211,Tata Nexon EV,Tata,2023,40,97.4,2029-05-02 17:30:00,2029-05-02 17:53:00,0.38,Mysore Station 2,Fast,37,15.0,193.0,180,Premium Fleet,Mysore,Completed,Good,D1211,Sunny,22.5,76.0,26.32,Healthy
EV1212,MG ZS EV,MG,2023,50,96.0,2029-05-03 18:45:00,2029-05-03 19:21:00,0.6,Mysore Station 1,Fast,35,29.8,248.0,357.6,EV Fleet India,Mysore,Completed,Good,D1212,Sunny,22.5,76.0,26.32,Healthy
EV1213,Mahindra XUV400,Mahindra,2023,39,98.2,2029-05-04 13:30:00,2029-05-04 15:01:00,1.52,Mysore Station 2,Normal,30,29.0,233.0,348,Green Mobility,Mysore,Completed,Good,D1213,Sunny,22.5,76.0,26.32,Healthy
EV1214,Mahindra XUV400,Mahindra,2023,39,96.5,2029-05-05 02:45:00,2029-05-05 03:08:00,0.38,Bangalore Station 2,Fast,38,20.3,232.0,243.6,Green Mobility,Bangalore,Completed,Good,D1214,Sunny,22.5,76.0,26.32,Healthy
EV1215,BYD Seal,BYD,2023,82,96.3,2029-05-06 04:15:00,2029-05-06 05:08:00,0.88,Belagavi Station 1,Fast,35,39.1,347.0,469.2,Eco Drive,Belagavi,Completed,Good,D1215,Rainy,22.5,76.0,26.32,Healthy
EV1216,Tata Curvv EV,Tata,2023,55,95.3,2029-05-07 18:45:00,2029-05-07 20:33:00,1.8,Mangalore Station 1,Normal,39,32.6,143.0,391.2,EV Fleet India,Mangalore,Completed,Good,D1216,Sunny,22.5,76.0,26.32,Healthy
EV1217,MG Comet EV,MG,2023,17,98.5,2029-05-08 09:30:00,2029-05-08 09:39:00,0.15,Mysore Station 2,Fast,31,7.9,293.0,94.8,EV Fleet India,Mysore,Completed,Good,D1217,Rainy,22.5,76.0,26.32,Healthy
EV1218,Kia EV6,Kia,2023,77,95.9,2029-05-09 07:00:00,2029-05-09 09:59:00,2.98,Mangalore Station 1,Normal,35,52.2,269.0,626.4,Eco Drive,Mangalore,Completed,Good,D1218,Rainy,22.5,76.0,26.32,Healthy
EV1219,BYD Seal,BYD,2023,82,97.1,2029-05-10 18:15:00,2029-05-10 21:22:00,3.12,Mysore Station 2,Normal,28,56.3,110.0,675.6,Premium Fleet,Mysore,Completed,Good,D1219,Rainy,22.5,76.0,26.32,Healthy
EV1220,BYD Atto 3,BYD,2023,60,93.9,2029-05-11 12:00:00,2029-05-11 12:34:00,0.57,Mangalore Station 1,Fast,27,28.3,105.0,339.6,Green Mobility,Mangalore,Completed,Good,D1220,Rainy,22.5,76.0,26.32,Healthy
EV1221,Tata Nexon EV,Tata,2023,40,97.8,2029-05-12 01:45:00,2029-05-12 02:09:00,0.4,Bangalore Station 1,Fast,30,14.2,299.0,170.4,Premium Fleet,Bangalore,Completed,Good,D1221,Sunny,22.5,76.0,26.32,Healthy
EV1222,Mahindra XUV400,Mahindra,2023,39,97.0,2029-05-13 05:30:00,2029-05-13 05:59:00,0.48,Belagavi Station 2,Fast,30,28.0,221.0,336,Green Mobility,Belagavi,Completed,Good,D1222,Rainy,22.5,76.0,26.32,Healthy
EV1223,Kia EV6,Kia,2023,77,94.0,2029-05-14 19:00:00,2029-05-14 19:38:00,0.63,Hubli Station 1,Fast,29,34.5,343.0,414,Green Mobility,Hubli,Completed,Good,D1223,Cloudy,22.5,76.0,26.32,Healthy
EV1224,MG ZS EV,MG,2023,50,96.1,2029-05-15 16:15:00,2029-05-15 16:56:00,0.68,Mangalore Station 1,Fast,28,33.1,226.0,397.2,Premium Fleet,Mangalore,Completed,Good,D1224,Sunny,22.5,76.0,26.32,Healthy
EV1225,Hyundai Kona EV,Hyundai,2023,39,95.1,2029-05-16 09:45:00,2029-05-16 10:28:00,0.72,Hubli Station 1,Normal,30,13.4,62.0,160.80000000000001,Green Mobility,Hubli,Completed,Good,D1225,Rainy,22.5,76.0,26.32,Healthy
EV1226,BYD Atto 3,BYD,2023,60,99.0,2029-05-17 05:15:00,2029-05-17 05:40:00,0.42,Hubli Station 1,Fast,36,19.6,126.0,235.2,City EV,Hubli,Completed,Good,D1226,Rainy,22.5,76.0,26.32,Healthy
EV1227,Mahindra XUV400,Mahindra,2023,39,95.4,2029-05-18 22:45:00,2029-05-18 22:57:00,0.2,Mysore Station 2,Fast,34,10.6,101.0,127.2,City EV,Mysore,Completed,Good,D1227,Rainy,22.5,76.0,26.32,Healthy
EV1228,BYD Atto 3,BYD,2023,60,97.4,2029-05-19 13:45:00,2029-05-19 14:50:00,1.08,Hubli Station 2,Fast,29,51.9,162.0,622.79999999999995,Green Mobility,Hubli,Completed,Good,D1228,Cloudy,22.5,76.0,26.32,Healthy
EV1229,BYD Seal,BYD,2023,82,94.7,2029-05-20 20:30:00,2029-05-20 22:29:00,1.98,Hubli Station 2,Normal,37,36.8,92.0,441.6,City EV,Hubli,Completed,Good,D1229,Cloudy,22.5,76.0,26.32,Healthy
EV1230,Hyundai Kona EV,Hyundai,2023,39,95.5,2029-05-21 07:00:00,2029-05-21 07:33:00,0.55,Mangalore Station 2,Fast,30,28.8,70.0,345.6,EV Fleet India,Mangalore,Completed,Good,D1230,Rainy,22.5,76.0,26.32,Healthy
EV1231,Kia EV6,Kia,2023,77,97.9,2029-05-22 08:00:00,2029-05-22 09:48:00,1.8,Mangalore Station 1,Normal,37,33.3,217.0,399.6,City EV,Mangalore,Completed,Good,D1231,Sunny,22.5,76.0,26.32,Healthy
EV1232,Kia EV6,Kia,2023,77,95.1,2029-05-23 08:30:00,2029-05-23 09:08:00,0.63,Mysore Station 1,Fast,38,25.7,167.0,308.39999999999998,Green Mobility,Mysore,Completed,Good,D1232,Rainy,22.5,76.0,26.32,Healthy
EV1233,Mahindra XUV400,Mahindra,2023,39,95.9,2029-05-24 07:15:00,2029-05-24 07:54:00,0.65,Belagavi Station 2,Fast,36,30.2,144.0,362.4,Green Mobility,Belagavi,Completed,Good,D1233,Cloudy,22.5,76.0,26.32,Healthy
EV1234,BYD Atto 3,BYD,2023,60,97.3,2029-05-25 04:00:00,2029-05-25 04:25:00,0.42,Mysore Station 1,Fast,33,19.8,182.0,237.6,Green Mobility,Mysore,Completed,Good,D1234,Rainy,22.5,76.0,26.32,Healthy
EV1235,Mahindra XUV400,Mahindra,2023,39,93.7,2029-05-26 03:00:00,2029-05-26 03:28:00,0.47,Mangalore Station 1,Fast,36,19.3,261.0,231.6,Premium Fleet,Mangalore,Completed,Good,D1235,Rainy,22.5,76.0,26.32,Healthy
EV1236,Tata Punch EV,Tata,2023,35,95.6,2029-05-27 11:30:00,2029-05-27 12:21:00,0.85,Hubli Station 1,Normal,32,16.2,132.0,194.4,Eco Drive,Hubli,Completed,Good,D1236,Sunny,22.5,76.0,26.32,Healthy
EV1237,BYD Atto 3,BYD,2023,60,93.3,2029-05-28 12:45:00,2029-05-28 13:25:00,0.67,Mysore Station 1,Fast,38,37.0,188.0,444,Premium Fleet,Mysore,Completed,Good,D1237,Cloudy,22.5,76.0,26.32,Healthy
EV1238,Tata Curvv EV,Tata,2023,55,96.7,2029-05-29 01:30:00,2029-05-29 02:17:00,0.78,Bangalore Station 1,Normal,30,14.3,274.0,171.6,City EV,Bangalore,Completed,Good,D1238,Sunny,22.5,76.0,26.32,Healthy
EV1239,Kia EV6,Kia,2023,77,98.2,2029-05-30 15:30:00,2029-05-30 15:52:00,0.37,Mangalore Station 1,Fast,36,17.7,350.0,212.4,EV Fleet India,Mangalore,Completed,Good,D1239,Sunny,22.5,76.0,26.32,Healthy
EV1240,Mahindra XUV400,Mahindra,2023,39,95.0,2029-05-31 10:45:00,2029-05-31 11:03:00,0.3,Mysore Station 1,Fast,28,12.0,278.0,144,EV Fleet India,Mysore,Completed,Good,D1240,Cloudy,22.5,76.0,26.32,Healthy
EV1241,Tata Curvv EV,Tata,2023,55,97.4,2029-06-01 18:00:00,2029-06-01 18:30:00,0.5,Bangalore Station 2,Fast,37,20.4,267.0,244.8,Eco Drive,Bangalore,Completed,Good,D1241,Cloudy,22.5,76.0,26.32,Healthy
EV1242,Tata Curvv EV,Tata,2023,55,93.8,2029-06-02 04:15:00,2029-06-02 05:56:00,1.68,Mysore Station 2,Normal,28,29.4,195.0,352.8,Eco Drive,Mysore,Completed,Good,D1242,Sunny,22.5,76.0,26.32,Healthy
EV1243,BYD Atto 3,BYD,2023,60,93.4,2029-06-03 14:45:00,2029-06-03 16:56:00,2.18,Bangalore Station 1,Normal,34,39.1,330.0,469.2,Green Mobility,Bangalore,Completed,Good,D1243,Sunny,22.5,76.0,26.32,Healthy
EV1244,Mahindra XUV400,Mahindra,2023,39,97.2,2029-06-04 00:00:00,2029-06-04 00:09:00,0.15,Mangalore Station 1,Fast,29,11.6,340.0,139.19999999999999,Premium Fleet,Mangalore,Completed,Good,D1244,Cloudy,22.5,76.0,26.32,Healthy
EV1245,BYD Atto 3,BYD,2023,60,98.9,2029-06-05 18:30:00,2029-06-05 19:10:00,0.67,Bangalore Station 1,Fast,29,27.4,202.0,328.8,Green Mobility,Bangalore,Completed,Good,D1245,Rainy,22.5,76.0,26.32,Healthy
EV1246,MG ZS EV,MG,2023,50,98.7,2029-06-06 16:15:00,2029-06-06 16:49:00,0.57,Mysore Station 2,Fast,38,21.7,286.0,260.39999999999998,Green Mobility,Mysore,Completed,Good,D1246,Sunny,22.5,76.0,26.32,Healthy
EV1247,Tata Curvv EV,Tata,2023,55,96.4,2029-06-07 13:30:00,2029-06-07 14:02:00,0.53,Mysore Station 2,Fast,28,27.6,190.0,331.2,Eco Drive,Mysore,Completed,Good,D1247,Sunny,22.5,76.0,26.32,Healthy
EV1248,Tata Punch EV,Tata,2023,35,95.3,2029-06-08 23:00:00,2029-06-08 23:18:00,0.3,Belagavi Station 1,Fast,28,16.5,63.0,198,Premium Fleet,Belagavi,Completed,Good,D1248,Cloudy,22.5,76.0,26.32,Healthy
EV1249,Mahindra XUV400,Mahindra,2023,39,98.1,2029-06-09 04:45:00,2029-06-09 05:15:00,0.5,Hubli Station 1,Fast,29,20.5,246.0,246,EV Fleet India,Hubli,Completed,Good,D1249,Sunny,22.5,76.0,26.32,Healthy
EV1250,MG ZS EV,MG,2023,50,97.0,2029-06-10 07:30:00,2029-06-10 08:32:00,1.03,Mangalore Station 1,Normal,32,16.3,141.0,195.6,City EV,Mangalore,Completed,Good,D1250,Sunny,22.5,76.0,26.32,Healthy
EV1251,MG ZS EV,MG,2023,50,95.8,2029-06-11 15:15:00,2029-06-11 15:44:00,0.48,Mangalore Station 2,Fast,29,27.5,112.0,330,Green Mobility,Mangalore,Completed,Good,D1251,Rainy,22.5,76.0,26.32,Healthy
EV1252,Tata Curvv EV,Tata,2023,55,95.9,2029-06-12 18:45:00,2029-06-12 21:03:00,2.3,Mysore Station 1,Normal,29,39.9,238.0,478.8,City EV,Mysore,Completed,Good,D1252,Cloudy,22.5,76.0,26.32,Healthy
EV1253,Tata Punch EV,Tata,2023,35,96.6,2029-06-13 08:30:00,2029-06-13 09:36:00,1.1,Belagavi Station 1,Normal,28,17.5,252.0,210,Premium Fleet,Belagavi,Completed,Good,D1253,Cloudy,22.5,76.0,26.32,Healthy
EV1254,Tata Nexon EV,Tata,2023,40,97.0,2029-06-14 05:15:00,2029-06-14 05:35:00,0.33,Bangalore Station 2,Fast,30,19.1,180.0,229.2,EV Fleet India,Bangalore,Completed,Good,D1254,Rainy,22.5,76.0,26.32,Healthy
EV1255,Tata Curvv EV,Tata,2023,55,97.2,2029-06-15 08:45:00,2029-06-15 09:12:00,0.45,Mangalore Station 1,Fast,33,26.9,70.0,322.8,Eco Drive,Mangalore,Completed,Good,D1255,Cloudy,22.5,76.0,26.32,Healthy
EV1256,Tata Curvv EV,Tata,2023,55,94.7,2029-06-16 00:30:00,2029-06-16 02:02:00,1.53,Bangalore Station 1,Normal,30,25.9,74.0,310.8,EV Fleet India,Bangalore,Completed,Good,D1256,Sunny,22.5,76.0,26.32,Healthy
EV1257,BYD Seal,BYD,2023,82,94.9,2029-06-17 17:45:00,2029-06-17 18:07:00,0.37,Mangalore Station 2,Fast,27,18.2,61.0,218.4,Premium Fleet,Mangalore,Completed,Good,D1257,Rainy,22.5,76.0,26.32,Healthy
EV1258,Kia EV6,Kia,2023,77,98.9,2029-06-18 12:00:00,2029-06-18 13:01:00,1.02,Mysore Station 2,Fast,33,50.9,210.0,610.79999999999995,Green Mobility,Mysore,Completed,Good,D1258,Cloudy,22.5,76.0,26.32,Healthy
EV1259,BYD Seal,BYD,2023,82,96.8,2029-06-19 06:00:00,2029-06-19 09:32:00,3.53,Bangalore Station 1,Normal,27,62.8,64.0,753.6,Premium Fleet,Bangalore,Completed,Good,D1259,Sunny,22.5,76.0,26.32,Healthy
EV1260,Hyundai Kona EV,Hyundai,2023,39,96.1,2029-06-20 20:30:00,2029-06-20 20:46:00,0.27,Mysore Station 1,Fast,32,8.3,171.0,99.6,EV Fleet India,Mysore,Completed,Good,D1260,Rainy,22.5,76.0,26.32,Healthy
EV1261,Mahindra XUV400,Mahindra,2023,39,96.6,2029-06-21 15:30:00,2029-06-21 16:49:00,1.32,Mysore Station 1,Normal,30,21.3,110.0,255.6,EV Fleet India,Mysore,Completed,Good,D1261,Rainy,22.5,76.0,26.32,Healthy
EV1262,MG ZS EV,MG,2023,50,95.0,2029-06-22 12:00:00,2029-06-22 12:23:00,0.38,Mysore Station 2,Fast,29,12.6,274.0,151.19999999999999,Premium Fleet,Mysore,Completed,Good,D1262,Rainy,22.5,76.0,26.32,Healthy
EV1263,BYD Atto 3,BYD,2023,60,98.7,2029-06-23 15:15:00,2029-06-23 16:04:00,0.82,Hubli Station 1,Fast,31,44.4,65.0,532.79999999999995,Green Mobility,Hubli,Completed,Good,D1263,Sunny,22.5,76.0,26.32,Healthy
EV1264,Mahindra XUV400,Mahindra,2023,39,98.6,2029-06-24 00:45:00,2029-06-24 01:03:00,0.3,Belagavi Station 1,Fast,37,17.0,91.0,204,Green Mobility,Belagavi,Completed,Good,D1264,Rainy,22.5,76.0,26.32,Healthy
EV1265,BYD Atto 3,BYD,2023,60,94.1,2029-06-25 22:30:00,2029-06-25 23:14:00,0.73,Mangalore Station 2,Fast,35,41.6,281.0,499.2,Eco Drive,Mangalore,Completed,Good,D1265,Rainy,22.5,76.0,26.32,Healthy
EV1266,Mahindra XUV400,Mahindra,2023,39,94.3,2029-06-26 21:30:00,2029-06-26 21:58:00,0.47,Bangalore Station 2,Fast,35,25.0,325.0,300,Premium Fleet,Bangalore,Completed,Good,D1266,Cloudy,22.5,76.0,26.32,Healthy
EV1267,MG Comet EV,MG,2023,17,93.4,2029-06-27 06:30:00,2029-06-27 06:46:00,0.27,Hubli Station 2,Fast,32,11.0,71.0,132,Green Mobility,Hubli,Completed,Good,D1267,Sunny,22.5,76.0,26.32,Healthy
EV1268,Tata Punch EV,Tata,2023,35,95.8,2029-06-28 20:15:00,2029-06-28 21:14:00,0.98,Hubli Station 2,Normal,37,18.2,153.0,218.4,City EV,Hubli,Completed,Good,D1268,Cloudy,22.5,76.0,26.32,Healthy
EV1269,MG ZS EV,MG,2023,50,93.9,2029-06-29 00:15:00,2029-06-29 01:22:00,1.12,Hubli Station 2,Normal,31,21.8,221.0,261.60000000000002,City EV,Hubli,Completed,Good,D1269,Sunny,22.5,76.0,26.32,Healthy
EV1270,Kia EV6,Kia,2023,77,97.9,2029-06-30 08:30:00,2029-06-30 09:35:00,1.08,Hubli Station 2,Fast,33,57.5,77.0,690,City EV,Hubli,Completed,Good,D1270,Rainy,22.5,76.0,26.32,Healthy
EV1271,Mahindra XUV400,Mahindra,2023,39,94.2,2029-07-01 05:00:00,2029-07-01 06:09:00,1.15,Bangalore Station 2,Normal,34,21.0,180.0,252,EV Fleet India,Bangalore,Completed,Good,D1271,Rainy,22.5,76.0,26.32,Healthy
EV1272,Mahindra XUV400,Mahindra,2023,39,93.7,2029-07-02 17:45:00,2029-07-02 19:21:00,1.6,Belagavi Station 1,Normal,37,26.5,291.0,318,City EV,Belagavi,Completed,Good,D1272,Cloudy,22.5,76.0,26.32,Healthy
EV1273,Kia EV6,Kia,2023,77,96.3,2029-07-03 22:45:00,2029-07-03 23:20:00,0.58,Belagavi Station 1,Fast,33,33.7,223.0,404.4,EV Fleet India,Belagavi,Completed,Good,D1273,Cloudy,22.5,76.0,26.32,Healthy
EV1274,Tata Punch EV,Tata,2023,35,96.4,2029-07-04 10:00:00,2029-07-04 10:25:00,0.42,Mangalore Station 2,Fast,35,19.0,132.0,228,City EV,Mangalore,Completed,Good,D1274,Rainy,22.5,76.0,26.32,Healthy
EV1275,BYD Atto 3,BYD,2023,60,93.5,2029-07-05 20:45:00,2029-07-05 21:21:00,0.6,Bangalore Station 2,Fast,33,30.4,65.0,364.8,EV Fleet India,Bangalore,Completed,Good,D1275,Rainy,22.5,76.0,26.32,Healthy
EV1276,BYD Atto 3,BYD,2023,60,97.3,2029-07-06 03:45:00,2029-07-06 04:29:00,0.73,Mysore Station 1,Fast,38,30.7,254.0,368.4,Premium Fleet,Mysore,Completed,Good,D1276,Cloudy,22.5,76.0,26.32,Healthy
EV1277,MG Comet EV,MG,2023,17,94.8,2029-07-07 19:30:00,2029-07-07 19:45:00,0.25,Mysore Station 1,Normal,33,5.3,345.0,63.6,Premium Fleet,Mysore,Completed,Good,D1277,Sunny,22.5,76.0,26.32,Healthy
EV1278,BYD Seal,BYD,2023,82,98.5,2029-07-08 10:45:00,2029-07-08 12:23:00,1.63,Belagavi Station 2,Normal,33,27.9,305.0,334.8,Green Mobility,Belagavi,Completed,Good,D1278,Rainy,22.5,76.0,26.32,Healthy
EV1279,Mahindra XUV400,Mahindra,2023,39,94.6,2029-07-09 18:45:00,2029-07-09 19:04:00,0.32,Bangalore Station 1,Fast,28,20.8,235.0,249.6,Green Mobility,Bangalore,Completed,Good,D1279,Cloudy,22.5,76.0,26.32,Healthy
EV1280,MG Comet EV,MG,2023,17,97.9,2029-07-10 09:30:00,2029-07-10 10:02:00,0.53,Bangalore Station 1,Normal,29,8.3,175.0,99.6,Premium Fleet,Bangalore,Completed,Good,D1280,Rainy,22.5,76.0,26.32,Healthy
EV1281,Tata Curvv EV,Tata,2023,55,93.0,2029-07-11 23:00:00,2029-07-11 23:30:00,0.5,Bangalore Station 1,Fast,29,23.6,60.0,283.2,Premium Fleet,Bangalore,Completed,Good,D1281,Cloudy,22.5,76.0,26.32,Healthy
EV1282,MG ZS EV,MG,2023,50,96.1,2029-07-12 22:30:00,2029-07-12 23:22:00,0.87,Belagavi Station 2,Fast,34,37.5,328.0,450,City EV,Belagavi,Completed,Good,D1282,Cloudy,22.5,76.0,26.32,Healthy
EV1283,Mahindra XUV400,Mahindra,2023,39,97.3,2029-07-13 10:30:00,2029-07-13 10:58:00,0.47,Belagavi Station 2,Fast,29,26.9,93.0,322.8,EV Fleet India,Belagavi,Completed,Good,D1283,Sunny,22.5,76.0,26.32,Healthy
EV1284,Tata Curvv EV,Tata,2023,55,94.9,2029-07-14 09:45:00,2029-07-14 09:58:00,0.22,Hubli Station 1,Fast,28,14.0,141.0,168,Green Mobility,Hubli,Completed,Good,D1284,Sunny,22.5,76.0,26.32,Healthy
EV1285,MG Comet EV,MG,2023,17,95.9,2029-07-15 16:00:00,2029-07-15 16:09:00,0.15,Mysore Station 2,Fast,28,4.3,66.0,51.6,Premium Fleet,Mysore,Completed,Good,D1285,Cloudy,22.5,76.0,26.32,Healthy
EV1286,MG ZS EV,MG,2023,50,96.1,2029-07-16 04:45:00,2029-07-16 06:09:00,1.4,Mysore Station 2,Normal,32,24.4,315.0,292.8,City EV,Mysore,Completed,Good,D1286,Rainy,22.5,76.0,26.32,Healthy
EV1287,BYD Atto 3,BYD,2023,60,97.2,2029-07-17 22:45:00,2029-07-17 23:45:00,1.0,Mysore Station 1,Fast,30,47.0,146.0,564,EV Fleet India,Mysore,Completed,Good,D1287,Rainy,22.5,76.0,26.32,Healthy
EV1288,Kia EV6,Kia,2023,77,95.6,2029-07-18 09:15:00,2029-07-18 10:19:00,1.07,Bangalore Station 1,Fast,38,49.7,349.0,596.4,City EV,Bangalore,Completed,Good,D1288,Rainy,22.5,76.0,26.32,Healthy
EV1289,Hyundai Kona EV,Hyundai,2023,39,97.2,2029-07-19 08:00:00,2029-07-19 09:31:00,1.52,Bangalore Station 2,Normal,38,25.5,129.0,306,Green Mobility,Bangalore,Completed,Good,D1289,Cloudy,22.5,76.0,26.32,Healthy
EV1290,Tata Punch EV,Tata,2023,35,94.2,2029-07-20 06:30:00,2029-07-20 07:51:00,1.35,Mysore Station 2,Normal,28,22.8,344.0,273.60000000000002,Eco Drive,Mysore,Completed,Good,D1290,Cloudy,22.5,76.0,26.32,Healthy
EV1291,Hyundai Kona EV,Hyundai,2023,39,98.1,2029-07-21 11:00:00,2029-07-21 11:54:00,0.9,Hubli Station 1,Normal,30,16.4,294.0,196.8,Premium Fleet,Hubli,Completed,Good,D1291,Rainy,22.5,76.0,26.32,Healthy
EV1292,BYD Seal,BYD,2023,82,94.3,2029-07-22 07:30:00,2029-07-22 08:42:00,1.2,Mysore Station 1,Fast,34,61.2,129.0,734.4,Eco Drive,Mysore,Completed,Good,D1292,Sunny,22.5,76.0,26.32,Healthy
EV1293,BYD Seal,BYD,2023,82,93.3,2029-07-23 09:00:00,2029-07-23 09:44:00,0.73,Mangalore Station 1,Fast,30,36.4,243.0,436.8,Premium Fleet,Mangalore,Completed,Good,D1293,Rainy,22.5,76.0,26.32,Healthy
EV1294,BYD Seal,BYD,2023,82,95.9,2029-07-24 16:00:00,2029-07-24 19:03:00,3.05,Mysore Station 2,Normal,35,53.3,176.0,639.6,City EV,Mysore,Completed,Good,D1294,Sunny,22.5,76.0,26.32,Healthy
EV1295,MG ZS EV,MG,2023,50,93.1,2029-07-25 20:15:00,2029-07-25 21:39:00,1.4,Hubli Station 1,Normal,31,24.6,92.0,295.2,Green Mobility,Hubli,Completed,Good,D1295,Sunny,22.5,76.0,26.32,Healthy
EV1296,Hyundai Kona EV,Hyundai,2023,39,95.3,2029-07-26 12:45:00,2029-07-26 13:06:00,0.35,Mangalore Station 2,Fast,37,16.1,343.0,193.2,City EV,Mangalore,Completed,Good,D1296,Rainy,22.5,76.0,26.32,Healthy
EV1297,Kia EV6,Kia,2023,77,96.1,2029-07-27 09:00:00,2029-07-27 10:20:00,1.33,Belagavi Station 2,Normal,30,25.7,70.0,308.39999999999998,City EV,Belagavi,Completed,Good,D1297,Sunny,22.5,76.0,26.32,Healthy
EV1298,BYD Atto 3,BYD,2023,60,96.1,2029-07-28 05:00:00,2029-07-28 06:04:00,1.07,Bangalore Station 2,Fast,35,48.0,140.0,576,EV Fleet India,Bangalore,Completed,Good,D1298,Rainy,22.5,76.0,26.32,Healthy
EV1299,Tata Curvv EV,Tata,2023,55,96.7,2029-07-29 10:45:00,2029-07-29 11:34:00,0.82,Bangalore Station 2,Fast,36,36.3,187.0,435.6,Eco Drive,Bangalore,Completed,Good,D1299,Cloudy,22.5,76.0,26.32,Healthy
EV1300,BYD Seal,BYD,2023,82,97.0,2029-07-30 23:45:00,2029-07-31 01:31:00,1.77,Mysore Station 2,Normal,33,31.7,252.0,380.4,City EV,Mysore,Completed,Good,D1300,Cloudy,22.5,76.0,26.32,Healthy
EV1301,BYD Seal,BYD,2023,82,94.8,2029-07-31 00:30:00,2029-07-31 01:36:00,1.1,Hubli Station 1,Fast,29,59.8,122.0,717.6,Premium Fleet,Hubli,Completed,Good,D1301,Cloudy,22.5,76.0,26.32,Healthy
EV1302,Tata Punch EV,Tata,2023,35,95.8,2029-08-01 00:15:00,2029-08-01 00:28:00,0.22,Hubli Station 2,Fast,34,9.4,236.0,112.8,Eco Drive,Hubli,Completed,Good,D1302,Cloudy,22.5,76.0,26.32,Healthy
EV1303,BYD Seal,BYD,2023,82,96.8,2029-08-02 21:00:00,2029-08-02 22:29:00,1.48,Hubli Station 1,Normal,27,26.0,239.0,312,Green Mobility,Hubli,Completed,Good,D1303,Rainy,22.5,76.0,26.32,Healthy
EV1304,BYD Seal,BYD,2023,82,94.0,2029-08-03 01:15:00,2029-08-03 01:44:00,0.48,Mangalore Station 1,Fast,34,27.2,247.0,326.39999999999998,Eco Drive,Mangalore,Completed,Good,D1304,Rainy,22.5,76.0,26.32,Healthy
EV1305,MG ZS EV,MG,2023,50,98.6,2029-08-04 00:00:00,2029-08-04 00:25:00,0.42,Hubli Station 1,Fast,33,23.6,169.0,283.2,Eco Drive,Hubli,Completed,Good,D1305,Rainy,22.5,76.0,26.32,Healthy
EV1306,Tata Nexon EV,Tata,2023,40,98.9,2029-08-05 04:30:00,2029-08-05 05:05:00,0.58,Belagavi Station 2,Normal,28,10.4,111.0,124.8,City EV,Belagavi,Completed,Good,D1306,Rainy,22.5,76.0,26.32,Healthy
EV1307,MG Comet EV,MG,2023,17,93.4,2029-08-06 10:00:00,2029-08-06 10:10:00,0.17,Hubli Station 1,Fast,35,11.0,82.0,132,Eco Drive,Hubli,Completed,Good,D1307,Cloudy,22.5,76.0,26.32,Healthy
EV1308,Tata Curvv EV,Tata,2023,55,98.4,2029-08-07 10:15:00,2029-08-07 10:48:00,0.55,Mangalore Station 2,Fast,35,24.0,305.0,288,EV Fleet India,Mangalore,Completed,Good,D1308,Rainy,22.5,76.0,26.32,Healthy
EV1309,Tata Nexon EV,Tata,2023,40,96.3,2029-08-08 16:00:00,2029-08-08 17:06:00,1.1,Hubli Station 1,Normal,30,21.2,107.0,254.4,City EV,Hubli,Completed,Good,D1309,Rainy,22.5,76.0,26.32,Healthy
EV1310,BYD Atto 3,BYD,2023,60,94.6,2029-08-09 12:45:00,2029-08-09 13:22:00,0.62,Bangalore Station 2,Fast,27,31.2,259.0,374.4,City EV,Bangalore,Completed,Good,D1310,Cloudy,22.5,76.0,26.32,Healthy
EV1311,MG Comet EV,MG,2023,17,95.5,2029-08-10 01:00:00,2029-08-10 01:27:00,0.45,Hubli Station 2,Normal,29,7.9,93.0,94.8,EV Fleet India,Hubli,Completed,Good,D1311,Rainy,22.5,76.0,26.32,Healthy
EV1312,MG Comet EV,MG,2023,17,96.0,2029-08-11 22:30:00,2029-08-11 22:38:00,0.13,Belagavi Station 2,Fast,39,6.0,145.0,72,Green Mobility,Belagavi,Completed,Good,D1312,Cloudy,22.5,76.0,26.32,Healthy
EV1313,MG Comet EV,MG,2023,17,97.3,2029-08-12 19:00:00,2029-08-12 19:09:00,0.15,Bangalore Station 2,Fast,36,6.4,160.0,76.8,Green Mobility,Bangalore,Completed,Good,D1313,Rainy,22.5,76.0,26.32,Healthy
EV1314,Tata Curvv EV,Tata,2023,55,95.3,2029-08-13 07:00:00,2029-08-13 08:16:00,1.27,Hubli Station 2,Normal,34,21.0,285.0,252,EV Fleet India,Hubli,Completed,Good,D1314,Cloudy,22.5,76.0,26.32,Healthy
EV1315,Tata Nexon EV,Tata,2023,40,96.9,2029-08-14 10:30:00,2029-08-14 11:03:00,0.55,Belagavi Station 2,Fast,27,22.3,83.0,267.60000000000002,Eco Drive,Belagavi,Completed,Good,D1315,Cloudy,22.5,76.0,26.32,Healthy
EV1316,Tata Curvv EV,Tata,2023,55,93.1,2029-08-15 05:15:00,2029-08-15 05:39:00,0.4,Bangalore Station 1,Fast,38,22.6,189.0,271.2,EV Fleet India,Bangalore,Completed,Good,D1316,Rainy,22.5,76.0,26.32,Healthy
EV1317,Kia EV6,Kia,2023,77,97.5,2029-08-16 06:00:00,2029-08-16 06:33:00,0.55,Hubli Station 1,Fast,33,25.3,252.0,303.60000000000002,Premium Fleet,Hubli,Completed,Good,D1317,Rainy,22.5,76.0,26.32,Healthy
EV1318,MG ZS EV,MG,2023,50,97.0,2029-08-17 15:45:00,2029-08-17 16:13:00,0.47,Bangalore Station 1,Fast,34,26.9,329.0,322.8,Green Mobility,Bangalore,Completed,Good,D1318,Cloudy,22.5,76.0,26.32,Healthy
EV1319,BYD Seal,BYD,2023,82,96.1,2029-08-18 15:45:00,2029-08-18 16:34:00,0.82,Bangalore Station 2,Fast,31,44.2,149.0,530.4,City EV,Bangalore,Completed,Good,D1319,Rainy,22.5,76.0,26.32,Healthy
EV1320,Tata Curvv EV,Tata,2023,55,93.2,2029-08-19 16:15:00,2029-08-19 18:15:00,2.0,Bangalore Station 2,Normal,29,35.0,332.0,420,EV Fleet India,Bangalore,Completed,Good,D1320,Sunny,22.5,76.0,26.32,Healthy
EV1321,Tata Nexon EV,Tata,2023,40,95.2,2029-08-20 02:15:00,2029-08-20 04:06:00,1.85,Belagavi Station 1,Normal,29,32.9,213.0,394.8,City EV,Belagavi,Completed,Good,D1321,Cloudy,22.5,76.0,26.32,Healthy
EV1322,Tata Curvv EV,Tata,2023,55,97.5,2029-08-21 09:45:00,2029-08-21 10:36:00,0.85,Bangalore Station 1,Fast,35,36.0,73.0,432,City EV,Bangalore,Completed,Good,D1322,Sunny,22.5,76.0,26.32,Healthy
EV1323,Tata Nexon EV,Tata,2023,40,98.0,2029-08-22 04:15:00,2029-08-22 04:51:00,0.6,Hubli Station 2,Normal,33,8.7,256.0,104.4,Green Mobility,Hubli,Completed,Good,D1323,Sunny,22.5,76.0,26.32,Healthy
EV1324,BYD Seal,BYD,2023,82,93.9,2029-08-23 23:15:00,2029-08-24 01:43:00,2.47,Mysore Station 1,Normal,34,42.0,78.0,504,City EV,Mysore,Completed,Good,D1324,Sunny,22.5,76.0,26.32,Healthy
EV1325,Hyundai Kona EV,Hyundai,2023,39,98.1,2029-08-24 22:15:00,2029-08-24 22:28:00,0.22,Belagavi Station 1,Fast,37,14.0,343.0,168,Green Mobility,Belagavi,Completed,Good,D1325,Cloudy,22.5,76.0,26.32,Healthy
EV1326,MG ZS EV,MG,2023,50,94.8,2029-08-25 06:15:00,2029-08-25 06:50:00,0.58,Belagavi Station 2,Normal,34,11.0,201.0,132,Green Mobility,Belagavi,Completed,Good,D1326,Rainy,22.5,76.0,26.32,Healthy
EV1327,Tata Punch EV,Tata,2023,35,93.7,2029-08-26 10:15:00,2029-08-26 11:00:00,0.75,Mangalore Station 1,Normal,33,12.5,65.0,150,Premium Fleet,Mangalore,Completed,Good,D1327,Rainy,22.5,76.0,26.32,Healthy
EV1328,MG Comet EV,MG,2023,17,97.8,2029-08-27 06:30:00,2029-08-27 07:03:00,0.55,Belagavi Station 2,Normal,27,10.8,289.0,129.6,EV Fleet India,Belagavi,Completed,Good,D1328,Rainy,22.5,76.0,26.32,Healthy
EV1329,Kia EV6,Kia,2023,77,95.8,2029-08-28 02:30:00,2029-08-28 04:14:00,1.73,Bangalore Station 2,Normal,33,32.6,173.0,391.2,Premium Fleet,Bangalore,Completed,Good,D1329,Cloudy,22.5,76.0,26.32,Healthy
EV1330,BYD Seal,BYD,2023,82,96.8,2029-08-29 06:45:00,2029-08-29 07:26:00,0.68,Belagavi Station 2,Fast,36,38.8,164.0,465.6,Premium Fleet,Belagavi,Completed,Good,D1330,Cloudy,22.5,76.0,26.32,Healthy
EV1331,MG Comet EV,MG,2023,17,95.0,2029-08-30 21:30:00,2029-08-30 22:08:00,0.63,Hubli Station 2,Normal,37,11.4,325.0,136.80000000000001,City EV,Hubli,Completed,Good,D1331,Sunny,22.5,76.0,26.32,Healthy
EV1332,MG Comet EV,MG,2023,17,93.9,2029-08-31 03:45:00,2029-08-31 04:28:00,0.72,Bangalore Station 2,Normal,39,13.1,301.0,157.19999999999999,City EV,Bangalore,Completed,Good,D1332,Cloudy,22.5,76.0,26.32,Healthy
EV1333,BYD Atto 3,BYD,2023,60,93.0,2029-09-01 16:45:00,2029-09-01 17:06:00,0.35,Mysore Station 2,Fast,36,21.4,182.0,256.8,EV Fleet India,Mysore,Completed,Good,D1333,Rainy,22.5,76.0,26.32,Healthy
EV1334,Mahindra XUV400,Mahindra,2023,39,98.0,2029-09-02 22:00:00,2029-09-02 22:08:00,0.13,Hubli Station 1,Fast,32,9.2,342.0,110.4,City EV,Hubli,Completed,Good,D1334,Cloudy,22.5,76.0,26.32,Healthy
EV1335,Mahindra XUV400,Mahindra,2023,39,94.8,2029-09-03 10:15:00,2029-09-03 12:05:00,1.83,Mysore Station 1,Normal,31,31.0,315.0,372,EV Fleet India,Mysore,Completed,Good,D1335,Rainy,22.5,76.0,26.32,Healthy
EV1336,Hyundai Kona EV,Hyundai,2023,39,98.1,2029-09-04 18:45:00,2029-09-04 18:56:00,0.18,Mangalore Station 2,Fast,39,13.4,180.0,160.80000000000001,Premium Fleet,Mangalore,Completed,Good,D1336,Rainy,22.5,76.0,26.32,Healthy
EV1337,BYD Seal,BYD,2023,82,94.4,2029-09-05 12:15:00,2029-09-05 13:19:00,1.07,Belagavi Station 1,Fast,33,49.1,333.0,589.20000000000005,Eco Drive,Belagavi,Completed,Good,D1337,Rainy,22.5,76.0,26.32,Healthy
EV1338,Hyundai Kona EV,Hyundai,2023,39,93.4,2029-09-06 15:45:00,2029-09-06 16:55:00,1.17,Hubli Station 1,Normal,27,21.6,183.0,259.2,Eco Drive,Hubli,Completed,Good,D1338,Rainy,22.5,76.0,26.32,Healthy
EV1339,BYD Seal,BYD,2023,82,93.9,2029-09-07 11:30:00,2029-09-07 15:10:00,3.67,Belagavi Station 2,Normal,28,63.7,214.0,764.4,Eco Drive,Belagavi,Completed,Good,D1339,Rainy,22.5,76.0,26.32,Healthy
EV1340,Tata Curvv EV,Tata,2023,55,97.1,2029-09-08 16:15:00,2029-09-08 17:19:00,1.07,Mysore Station 2,Normal,32,19.8,278.0,237.6,City EV,Mysore,Completed,Good,D1340,Rainy,22.5,76.0,26.32,Healthy
EV1341,Tata Curvv EV,Tata,2023,55,98.2,2029-09-09 16:30:00,2029-09-09 17:37:00,1.12,Mysore Station 2,Normal,28,19.6,333.0,235.2,Premium Fleet,Mysore,Completed,Good,D1341,Sunny,22.5,76.0,26.32,Healthy
EV1342,BYD Seal,BYD,2023,82,94.9,2029-09-10 05:45:00,2029-09-10 07:38:00,1.88,Hubli Station 2,Normal,30,33.4,321.0,400.8,Eco Drive,Hubli,Completed,Good,D1342,Cloudy,22.5,76.0,26.32,Healthy
EV1343,Kia EV6,Kia,2023,77,93.6,2029-09-11 08:30:00,2029-09-11 09:25:00,0.92,Hubli Station 1,Fast,35,40.1,76.0,481.2,City EV,Hubli,Completed,Good,D1343,Cloudy,22.5,76.0,26.32,Healthy
EV1344,Kia EV6,Kia,2023,77,97.6,2029-09-12 22:30:00,2029-09-13 01:21:00,2.85,Bangalore Station 1,Normal,28,51.6,91.0,619.20000000000005,Eco Drive,Bangalore,Completed,Good,D1344,Rainy,22.5,76.0,26.32,Healthy
EV1345,MG Comet EV,MG,2023,17,96.6,2029-09-13 18:15:00,2029-09-13 18:34:00,0.32,Bangalore Station 2,Normal,33,6.6,296.0,79.2,City EV,Bangalore,Completed,Good,D1345,Rainy,22.5,76.0,26.32,Healthy
EV1346,BYD Seal,BYD,2023,82,95.6,2029-09-14 16:15:00,2029-09-14 19:15:00,3.0,Mysore Station 1,Normal,30,55.1,75.0,661.2,City EV,Mysore,Completed,Good,D1346,Cloudy,22.5,76.0,26.32,Healthy
EV1347,MG Comet EV,MG,2023,17,94.3,2029-09-15 05:30:00,2029-09-15 05:50:00,0.33,Hubli Station 2,Fast,28,12.5,342.0,150,Green Mobility,Hubli,Completed,Good,D1347,Rainy,22.5,76.0,26.32,Healthy
EV1348,Tata Nexon EV,Tata,2023,40,95.3,2029-09-16 00:30:00,2029-09-16 02:02:00,1.53,Mysore Station 1,Normal,37,27.9,341.0,334.8,Eco Drive,Mysore,Completed,Good,D1348,Cloudy,22.5,76.0,26.32,Healthy
EV1349,MG ZS EV,MG,2023,50,94.9,2029-09-17 03:00:00,2029-09-17 04:48:00,1.8,Belagavi Station 1,Normal,39,32.6,272.0,391.2,City EV,Belagavi,Completed,Good,D1349,Sunny,22.5,76.0,26.32,Healthy
EV1350,MG Comet EV,MG,2023,17,93.6,2029-09-18 22:00:00,2029-09-18 22:14:00,0.23,Mysore Station 2,Fast,30,6.3,311.0,75.599999999999994,Green Mobility,Mysore,Completed,Good,D1350,Cloudy,22.5,76.0,26.32,Healthy
EV1351,MG Comet EV,MG,2023,17,94.3,2029-09-19 05:30:00,2029-09-19 05:51:00,0.35,Bangalore Station 2,Normal,28,6.8,269.0,81.599999999999994,Eco Drive,Bangalore,Completed,Good,D1351,Rainy,22.5,76.0,26.32,Healthy
EV1352,Tata Curvv EV,Tata,2023,55,94.7,2029-09-20 00:15:00,2029-09-20 00:48:00,0.55,Hubli Station 2,Fast,32,30.9,222.0,370.8,City EV,Hubli,Completed,Good,D1352,Cloudy,22.5,76.0,26.32,Healthy
EV1353,MG Comet EV,MG,2023,17,95.5,2029-09-21 16:15:00,2029-09-21 16:30:00,0.25,Mangalore Station 1,Normal,27,6.1,147.0,73.2,City EV,Mangalore,Completed,Good,D1353,Sunny,22.5,76.0,26.32,Healthy
EV1354,Hyundai Kona EV,Hyundai,2023,39,98.4,2029-09-22 17:45:00,2029-09-22 17:54:00,0.15,Bangalore Station 2,Fast,27,11.2,102.0,134.4,EV Fleet India,Bangalore,Completed,Good,D1354,Sunny,22.5,76.0,26.32,Healthy
EV1355,Tata Punch EV,Tata,2023,35,97.1,2029-09-23 23:15:00,2029-09-23 23:31:00,0.27,Hubli Station 2,Fast,33,15.7,257.0,188.4,Green Mobility,Hubli,Completed,Good,D1355,Sunny,22.5,76.0,26.32,Healthy
EV1356,Tata Nexon EV,Tata,2023,40,97.4,2029-09-24 06:30:00,2029-09-24 06:50:00,0.33,Mangalore Station 1,Fast,27,19.2,171.0,230.4,Green Mobility,Mangalore,Completed,Good,D1356,Rainy,22.5,76.0,26.32,Healthy
EV1357,Tata Punch EV,Tata,2023,35,96.6,2029-09-25 00:45:00,2029-09-25 02:00:00,1.25,Mysore Station 2,Normal,38,20.8,155.0,249.6,Eco Drive,Mysore,Completed,Good,D1357,Cloudy,22.5,76.0,26.32,Healthy
EV1358,MG Comet EV,MG,2023,17,95.9,2029-09-26 19:45:00,2029-09-26 20:11:00,0.43,Bangalore Station 2,Normal,39,8.9,296.0,106.8,EV Fleet India,Bangalore,Completed,Good,D1358,Rainy,22.5,76.0,26.32,Healthy
EV1359,BYD Seal,BYD,2023,82,95.6,2029-09-27 04:45:00,2029-09-27 07:03:00,2.3,Mangalore Station 1,Normal,32,39.3,182.0,471.6,EV Fleet India,Mangalore,Completed,Good,D1359,Cloudy,22.5,76.0,26.32,Healthy
EV1360,Hyundai Kona EV,Hyundai,2023,39,93.5,2029-09-28 10:30:00,2029-09-28 11:54:00,1.4,Mangalore Station 1,Normal,34,26.9,247.0,322.8,Green Mobility,Mangalore,Completed,Good,D1360,Cloudy,22.5,76.0,26.32,Healthy
EV1361,BYD Atto 3,BYD,2023,60,93.4,2029-09-29 07:15:00,2029-09-29 07:41:00,0.43,Belagavi Station 1,Fast,37,18.6,118.0,223.2,Eco Drive,Belagavi,Completed,Good,D1361,Sunny,22.5,76.0,26.32,Healthy
EV1362,BYD Atto 3,BYD,2023,60,96.6,2029-09-30 16:15:00,2029-09-30 17:04:00,0.82,Belagavi Station 2,Fast,28,39.4,335.0,472.8,Green Mobility,Belagavi,Completed,Good,D1362,Rainy,22.5,76.0,26.32,Healthy
EV1363,Mahindra XUV400,Mahindra,2023,39,93.1,2029-10-01 07:00:00,2029-10-01 07:44:00,0.73,Mysore Station 1,Fast,34,30.4,60.0,364.8,City EV,Mysore,Completed,Good,D1363,Rainy,22.5,76.0,26.32,Healthy
EV1364,Mahindra XUV400,Mahindra,2023,39,94.6,2029-10-02 04:00:00,2029-10-02 04:27:00,0.45,Hubli Station 2,Fast,34,18.2,234.0,218.4,City EV,Hubli,Completed,Good,D1364,Rainy,22.5,76.0,26.32,Healthy
EV1365,Tata Curvv EV,Tata,2023,55,97.5,2029-10-03 05:00:00,2029-10-03 05:59:00,0.98,Bangalore Station 2,Normal,28,18.9,205.0,226.8,City EV,Bangalore,Completed,Good,D1365,Rainy,22.5,76.0,26.32,Healthy
EV1366,BYD Atto 3,BYD,2023,60,93.0,2029-10-04 12:45:00,2029-10-04 14:47:00,2.03,Hubli Station 2,Normal,31,37.2,301.0,446.4,EV Fleet India,Hubli,Completed,Good,D1366,Cloudy,22.5,76.0,26.32,Healthy
EV1367,MG ZS EV,MG,2023,50,97.8,2029-10-05 16:30:00,2029-10-05 17:44:00,1.23,Mangalore Station 2,Normal,33,22.9,268.0,274.8,City EV,Mangalore,Completed,Good,D1367,Cloudy,22.5,76.0,26.32,Healthy
EV1368,Kia EV6,Kia,2023,77,97.9,2029-10-06 19:45:00,2029-10-06 20:24:00,0.65,Belagavi Station 2,Fast,36,33.7,298.0,404.4,Eco Drive,Belagavi,Completed,Good,D1368,Cloudy,22.5,76.0,26.32,Healthy
EV1369,BYD Atto 3,BYD,2023,60,92.9,2029-10-07 03:30:00,2029-10-07 05:25:00,1.92,Mysore Station 1,Normal,28,36.2,84.0,434.4,Eco Drive,Mysore,Completed,Good,D1369,Rainy,22.5,76.0,26.32,Healthy
EV1370,Kia EV6,Kia,2023,77,96.0,2029-10-08 15:45:00,2029-10-08 18:08:00,2.38,Mangalore Station 1,Normal,32,43.7,117.0,524.4,City EV,Mangalore,Completed,Good,D1370,Sunny,22.5,76.0,26.32,Healthy
EV1371,BYD Atto 3,BYD,2023,60,97.4,2029-10-09 11:15:00,2029-10-09 11:41:00,0.43,Bangalore Station 2,Fast,34,15.5,172.0,186,Eco Drive,Bangalore,Completed,Good,D1371,Rainy,22.5,76.0,26.32,Healthy
EV1372,BYD Atto 3,BYD,2023,60,94.0,2029-10-10 16:30:00,2029-10-10 17:11:00,0.68,Mysore Station 1,Fast,37,28.7,229.0,344.4,Green Mobility,Mysore,Completed,Good,D1372,Cloudy,22.5,76.0,26.32,Healthy
EV1373,Kia EV6,Kia,2023,77,96.8,2029-10-11 08:00:00,2029-10-11 08:35:00,0.58,Mangalore Station 1,Fast,32,28.3,67.0,339.6,City EV,Mangalore,Completed,Good,D1373,Rainy,22.5,76.0,26.32,Healthy
EV1374,MG Comet EV,MG,2023,17,95.7,2029-10-12 00:30:00,2029-10-12 00:56:00,0.43,Hubli Station 1,Normal,34,7.3,296.0,87.6,Premium Fleet,Hubli,Completed,Good,D1374,Rainy,22.5,76.0,26.32,Healthy
EV1375,Kia EV6,Kia,2023,77,98.4,2029-10-13 15:15:00,2029-10-13 16:15:00,1.0,Belagavi Station 1,Fast,31,48.7,335.0,584.4,Eco Drive,Belagavi,Completed,Good,D1375,Cloudy,22.5,76.0,26.32,Healthy
EV1376,Hyundai Kona EV,Hyundai,2023,39,96.9,2029-10-14 10:00:00,2029-10-14 10:29:00,0.48,Mangalore Station 2,Fast,30,28.1,80.0,337.2,EV Fleet India,Mangalore,Completed,Good,D1376,Rainy,22.5,76.0,26.32,Healthy
EV1377,Mahindra XUV400,Mahindra,2023,39,94.4,2029-10-15 08:15:00,2029-10-15 08:43:00,0.47,Hubli Station 2,Fast,28,24.5,314.0,294,Green Mobility,Hubli,Completed,Good,D1377,Rainy,22.5,76.0,26.32,Healthy
EV1378,Tata Nexon EV,Tata,2023,40,98.8,2029-10-16 15:00:00,2029-10-16 15:36:00,0.6,Mysore Station 1,Fast,37,28.0,274.0,336,City EV,Mysore,Completed,Good,D1378,Rainy,22.5,76.0,26.32,Healthy
EV1379,MG Comet EV,MG,2023,17,96.3,2029-10-17 17:00:00,2029-10-17 17:14:00,0.23,Mysore Station 2,Fast,31,9.3,197.0,111.6,EV Fleet India,Mysore,Completed,Good,D1379,Cloudy,22.5,76.0,26.32,Healthy
EV1380,Tata Curvv EV,Tata,2023,55,93.7,2029-10-18 06:45:00,2029-10-18 07:29:00,0.73,Mangalore Station 1,Fast,37,41.2,296.0,494.4,City EV,Mangalore,Completed,Good,D1380,Sunny,22.5,76.0,26.32,Healthy
EV1381,BYD Atto 3,BYD,2023,60,94.7,2029-10-19 13:15:00,2029-10-19 13:57:00,0.7,Mangalore Station 2,Fast,29,29.9,224.0,358.8,Green Mobility,Mangalore,Completed,Good,D1381,Sunny,22.5,76.0,26.32,Healthy
EV1382,Mahindra XUV400,Mahindra,2023,39,94.7,2029-10-20 14:15:00,2029-10-20 15:22:00,1.12,Belagavi Station 1,Normal,34,21.5,112.0,258,City EV,Belagavi,Completed,Good,D1382,Rainy,22.5,76.0,26.32,Healthy
EV1383,MG ZS EV,MG,2023,50,96.5,2029-10-21 14:15:00,2029-10-21 14:38:00,0.38,Belagavi Station 1,Fast,36,20.4,262.0,244.8,EV Fleet India,Belagavi,Completed,Good,D1383,Sunny,22.5,76.0,26.32,Healthy
EV1384,MG ZS EV,MG,2023,50,96.3,2029-10-22 21:15:00,2029-10-22 22:04:00,0.82,Belagavi Station 1,Fast,33,35.2,239.0,422.4,Premium Fleet,Belagavi,Completed,Good,D1384,Sunny,22.5,76.0,26.32,Healthy
EV1385,Tata Nexon EV,Tata,2023,40,94.8,2029-10-23 11:15:00,2029-10-23 11:44:00,0.48,Hubli Station 2,Fast,34,20.2,67.0,242.4,City EV,Hubli,Completed,Good,D1385,Sunny,22.5,76.0,26.32,Healthy
EV1386,MG Comet EV,MG,2023,17,97.7,2029-10-24 13:45:00,2029-10-24 13:50:00,0.08,Mangalore Station 1,Fast,38,6.4,101.0,76.8,Eco Drive,Mangalore,Completed,Good,D1386,Sunny,22.5,76.0,26.32,Healthy
EV1387,BYD Atto 3,BYD,2023,60,95.0,2029-10-25 21:00:00,2029-10-25 22:12:00,1.2,Hubli Station 1,Normal,34,22.3,243.0,267.60000000000002,City EV,Hubli,Completed,Good,D1387,Sunny,22.5,76.0,26.32,Healthy
EV1388,MG ZS EV,MG,2023,50,98.4,2029-10-26 13:00:00,2029-10-26 13:47:00,0.78,Mangalore Station 1,Fast,36,34.4,194.0,412.8,Green Mobility,Mangalore,Completed,Good,D1388,Rainy,22.5,76.0,26.32,Healthy
EV1389,Tata Punch EV,Tata,2023,35,98.8,2029-10-27 21:30:00,2029-10-27 21:55:00,0.42,Bangalore Station 2,Fast,27,16.3,305.0,195.6,Green Mobility,Bangalore,Completed,Good,D1389,Cloudy,22.5,76.0,26.32,Healthy
EV1390,MG ZS EV,MG,2023,50,97.5,2029-10-28 21:15:00,2029-10-28 22:27:00,1.2,Belagavi Station 2,Normal,28,22.5,198.0,270,Green Mobility,Belagavi,Completed,Good,D1390,Rainy,22.5,76.0,26.32,Healthy
EV1391,Hyundai Kona EV,Hyundai,2023,39,98.2,2029-10-29 22:45:00,2029-10-29 23:44:00,0.98,Bangalore Station 2,Normal,30,16.2,91.0,194.4,Eco Drive,Bangalore,Completed,Good,D1391,Rainy,22.5,76.0,26.32,Healthy
EV1392,BYD Seal,BYD,2023,82,98.5,2029-10-30 04:30:00,2029-10-30 05:29:00,0.98,Hubli Station 1,Fast,29,54.1,309.0,649.20000000000005,Premium Fleet,Hubli,Completed,Good,D1392,Rainy,22.5,76.0,26.32,Healthy
EV1393,Kia EV6,Kia,2023,77,97.0,2029-10-31 22:15:00,2029-11-01 00:20:00,2.08,Belagavi Station 2,Normal,38,37.3,147.0,447.6,City EV,Belagavi,Completed,Good,D1393,Cloudy,22.5,76.0,26.32,Healthy
EV1394,Tata Curvv EV,Tata,2023,55,93.6,2029-11-01 14:15:00,2029-11-01 16:10:00,1.92,Hubli Station 2,Normal,30,36.1,340.0,433.2,City EV,Hubli,Completed,Good,D1394,Rainy,22.5,76.0,26.32,Healthy
EV1395,Tata Curvv EV,Tata,2023,55,95.6,2029-11-02 07:45:00,2029-11-02 09:37:00,1.87,Mysore Station 2,Normal,39,33.4,72.0,400.8,EV Fleet India,Mysore,Completed,Good,D1395,Cloudy,22.5,76.0,26.32,Healthy
EV1396,Tata Punch EV,Tata,2023,35,98.5,2029-11-03 05:15:00,2029-11-03 05:46:00,0.52,Bangalore Station 2,Fast,34,21.4,343.0,256.8,Eco Drive,Bangalore,Completed,Good,D1396,Sunny,22.5,76.0,26.32,Healthy
EV1397,Tata Punch EV,Tata,2023,35,97.3,2029-11-04 14:45:00,2029-11-04 15:29:00,0.73,Mangalore Station 2,Normal,31,10.8,121.0,129.6,Premium Fleet,Mangalore,Completed,Good,D1397,Sunny,22.5,76.0,26.32,Healthy
EV1398,Kia EV6,Kia,2023,77,95.7,2029-11-05 18:00:00,2029-11-05 19:19:00,1.32,Bangalore Station 1,Normal,33,22.5,247.0,270,City EV,Bangalore,Completed,Good,D1398,Rainy,22.5,76.0,26.32,Healthy
EV1399,MG ZS EV,MG,2023,50,96.7,2029-11-06 08:45:00,2029-11-06 09:27:00,0.7,Mangalore Station 1,Fast,37,29.0,336.0,348,Premium Fleet,Mangalore,Completed,Good,D1399,Rainy,22.5,76.0,26.32,Healthy
EV1400,BYD Seal,BYD,2023,82,94.8,2029-11-07 22:30:00,2029-11-07 23:29:00,0.98,Mangalore Station 1,Fast,33,52.4,302.0,628.79999999999995,Premium Fleet,Mangalore,Completed,Good,D1400,Rainy,22.5,76.0,26.32,Healthy
EV1401,Tata Curvv EV,Tata,2023,55,96.6,2029-11-08 08:00:00,2029-11-08 08:33:00,0.55,Bangalore Station 2,Fast,37,32.3,268.0,387.6,Green Mobility,Bangalore,Completed,Good,D1401,Rainy,22.5,76.0,26.32,Healthy
EV1402,Hyundai Kona EV,Hyundai,2023,39,96.1,2029-11-09 02:30:00,2029-11-09 03:10:00,0.67,Hubli Station 1,Normal,27,13.5,208.0,162,Premium Fleet,Hubli,Completed,Good,D1402,Rainy,22.5,76.0,26.32,Healthy
EV1403,Mahindra XUV400,Mahindra,2023,39,93.8,2029-11-10 00:45:00,2029-11-10 02:07:00,1.37,Belagavi Station 2,Normal,33,22.4,263.0,268.8,City EV,Belagavi,Completed,Good,D1403,Sunny,22.5,76.0,26.32,Healthy
EV1404,Kia EV6,Kia,2023,77,98.2,2029-11-11 05:00:00,2029-11-11 07:08:00,2.13,Bangalore Station 2,Normal,29,39.6,239.0,475.2,Eco Drive,Bangalore,Completed,Good,D1404,Cloudy,22.5,76.0,26.32,Healthy
EV1405,Mahindra XUV400,Mahindra,2023,39,94.7,2029-11-12 23:00:00,2029-11-12 23:32:00,0.53,Bangalore Station 1,Fast,29,20.9,100.0,250.8,Green Mobility,Bangalore,Completed,Good,D1405,Cloudy,22.5,76.0,26.32,Healthy
EV1406,Tata Curvv EV,Tata,2023,55,93.9,2029-11-13 17:30:00,2029-11-13 18:06:00,0.6,Mangalore Station 1,Fast,33,34.3,319.0,411.6,Eco Drive,Mangalore,Completed,Good,D1406,Sunny,22.5,76.0,26.32,Healthy
EV1407,Kia EV6,Kia,2023,77,97.7,2029-11-14 10:30:00,2029-11-14 11:06:00,0.6,Mangalore Station 2,Fast,38,23.8,299.0,285.60000000000002,City EV,Mangalore,Completed,Good,D1407,Sunny,22.5,76.0,26.32,Healthy
EV1408,BYD Atto 3,BYD,2023,60,96.4,2029-11-15 07:45:00,2029-11-15 09:48:00,2.05,Belagavi Station 1,Normal,39,37.1,88.0,445.2,Premium Fleet,Belagavi,Completed,Good,D1408,Sunny,22.5,76.0,26.32,Healthy
EV1409,Mahindra XUV400,Mahindra,2023,39,94.5,2029-11-16 23:30:00,2029-11-17 00:53:00,1.38,Mysore Station 1,Normal,36,24.7,60.0,296.39999999999998,EV Fleet India,Mysore,Completed,Good,D1409,Cloudy,22.5,76.0,26.32,Healthy
EV1410,Kia EV6,Kia,2023,77,95.7,2029-11-17 20:45:00,2029-11-17 21:27:00,0.7,Belagavi Station 1,Fast,35,39.9,243.0,478.8,City EV,Belagavi,Completed,Good,D1410,Sunny,22.5,76.0,26.32,Healthy
EV1411,BYD Seal,BYD,2023,82,96.1,2029-11-18 23:00:00,2029-11-19 00:00:00,1.0,Mysore Station 2,Fast,35,47.8,99.0,573.6,Eco Drive,Mysore,Completed,Good,D1411,Rainy,22.5,76.0,26.32,Healthy
EV1412,Tata Curvv EV,Tata,2023,55,95.4,2029-11-19 00:30:00,2029-11-19 01:25:00,0.92,Belagavi Station 2,Fast,31,40.6,343.0,487.2,Green Mobility,Belagavi,Completed,Good,D1412,Sunny,22.5,76.0,26.32,Healthy
EV1413,Tata Curvv EV,Tata,2023,55,95.9,2029-11-20 21:15:00,2029-11-20 22:21:00,1.1,Mysore Station 2,Normal,29,18.0,220.0,216,Premium Fleet,Mysore,Completed,Good,D1413,Rainy,22.5,76.0,26.32,Healthy
EV1414,MG Comet EV,MG,2023,17,95.7,2029-11-21 00:00:00,2029-11-21 00:18:00,0.3,Mangalore Station 2,Normal,39,4.4,148.0,52.8,Premium Fleet,Mangalore,Completed,Good,D1414,Rainy,22.5,76.0,26.32,Healthy
EV1415,Hyundai Kona EV,Hyundai,2023,39,96.7,2029-11-22 13:00:00,2029-11-22 13:22:00,0.37,Bangalore Station 1,Fast,28,21.6,117.0,259.2,Premium Fleet,Bangalore,Completed,Good,D1415,Sunny,22.5,76.0,26.32,Healthy
EV1416,Kia EV6,Kia,2023,77,94.4,2029-11-23 13:45:00,2029-11-23 14:20:00,0.58,Mangalore Station 2,Fast,34,30.2,79.0,362.4,Green Mobility,Mangalore,Completed,Good,D1416,Rainy,22.5,76.0,26.32,Healthy
EV1417,BYD Seal,BYD,2023,82,95.3,2029-11-24 08:30:00,2029-11-24 11:37:00,3.12,Bangalore Station 2,Normal,36,55.4,339.0,664.8,Eco Drive,Bangalore,Completed,Good,D1417,Cloudy,22.5,76.0,26.32,Healthy
EV1418,Tata Curvv EV,Tata,2023,55,93.1,2029-11-25 01:30:00,2029-11-25 02:00:00,0.5,Mangalore Station 2,Fast,29,22.9,77.0,274.8,Premium Fleet,Mangalore,Completed,Good,D1418,Cloudy,22.5,76.0,26.32,Healthy
EV1419,MG ZS EV,MG,2023,50,98.3,2029-11-26 02:15:00,2029-11-26 03:15:00,1.0,Belagavi Station 1,Normal,36,17.2,327.0,206.4,Eco Drive,Belagavi,Completed,Good,D1419,Sunny,22.5,76.0,26.32,Healthy
EV1420,Tata Punch EV,Tata,2023,35,97.1,2029-11-27 04:30:00,2029-11-27 05:03:00,0.55,Hubli Station 2,Fast,37,22.2,131.0,266.39999999999998,City EV,Hubli,Completed,Good,D1420,Cloudy,22.5,76.0,26.32,Healthy
EV1421,Tata Punch EV,Tata,2023,35,93.9,2029-11-28 05:45:00,2029-11-28 06:03:00,0.3,Hubli Station 1,Fast,27,18.2,257.0,218.4,Green Mobility,Hubli,Completed,Good,D1421,Cloudy,22.5,76.0,26.32,Healthy
EV1422,MG ZS EV,MG,2023,50,96.8,2029-11-29 22:00:00,2029-11-29 22:59:00,0.98,Hubli Station 1,Normal,32,18.1,165.0,217.2,City EV,Hubli,Completed,Good,D1422,Cloudy,22.5,76.0,26.32,Healthy
EV1423,Hyundai Kona EV,Hyundai,2023,39,93.2,2029-11-30 17:15:00,2029-11-30 18:03:00,0.8,Mangalore Station 1,Normal,35,14.5,124.0,174,EV Fleet India,Mangalore,Completed,Good,D1423,Sunny,22.5,76.0,26.32,Healthy
EV1424,Tata Curvv EV,Tata,2023,55,94.9,2029-12-01 19:15:00,2029-12-01 20:58:00,1.72,Hubli Station 2,Normal,35,32.1,303.0,385.2,Premium Fleet,Hubli,Completed,Good,D1424,Sunny,22.5,76.0,26.32,Healthy
EV1425,MG Comet EV,MG,2023,17,95.0,2029-12-02 04:30:00,2029-12-02 05:05:00,0.58,Mangalore Station 2,Normal,36,10.2,318.0,122.4,City EV,Mangalore,Completed,Good,D1425,Rainy,22.5,76.0,26.32,Healthy
EV1426,MG ZS EV,MG,2023,50,96.1,2029-12-03 02:30:00,2029-12-03 02:54:00,0.4,Bangalore Station 2,Fast,34,21.8,74.0,261.60000000000002,Green Mobility,Bangalore,Completed,Good,D1426,Cloudy,22.5,76.0,26.32,Healthy
EV1427,Kia EV6,Kia,2023,77,97.5,2029-12-04 17:30:00,2029-12-04 19:53:00,2.38,Hubli Station 2,Normal,39,44.4,163.0,532.79999999999995,EV Fleet India,Hubli,Completed,Good,D1427,Sunny,22.5,76.0,26.32,Healthy
EV1428,Hyundai Kona EV,Hyundai,2023,39,94.3,2029-12-05 13:15:00,2029-12-05 13:44:00,0.48,Mangalore Station 1,Fast,31,22.2,115.0,266.39999999999998,EV Fleet India,Mangalore,Completed,Good,D1428,Rainy,22.5,76.0,26.32,Healthy
EV1429,Mahindra XUV400,Mahindra,2023,39,95.7,2029-12-06 05:45:00,2029-12-06 06:26:00,0.68,Mangalore Station 1,Normal,36,12.9,257.0,154.80000000000001,Eco Drive,Mangalore,Completed,Good,D1429,Rainy,22.5,76.0,26.32,Healthy
EV1430,Tata Punch EV,Tata,2023,35,98.1,2029-12-07 19:45:00,2029-12-07 20:35:00,0.83,Bangalore Station 2,Normal,31,16.7,241.0,200.4,Green Mobility,Bangalore,Completed,Good,D1430,Rainy,22.5,76.0,26.32,Healthy
EV1431,MG ZS EV,MG,2023,50,96.6,2029-12-08 06:30:00,2029-12-08 06:52:00,0.37,Hubli Station 1,Fast,33,16.7,167.0,200.4,City EV,Hubli,Completed,Good,D1431,Rainy,22.5,76.0,26.32,Healthy
EV1432,Tata Curvv EV,Tata,2023,55,94.3,2029-12-09 13:00:00,2029-12-09 13:54:00,0.9,Belagavi Station 2,Fast,27,40.6,159.0,487.2,Green Mobility,Belagavi,Completed,Good,D1432,Sunny,22.5,76.0,26.32,Healthy
EV1433,MG Comet EV,MG,2023,17,95.5,2029-12-10 04:15:00,2029-12-10 04:25:00,0.17,Hubli Station 2,Fast,37,4.4,67.0,52.8,EV Fleet India,Hubli,Completed,Good,D1433,Rainy,22.5,76.0,26.32,Healthy
EV1434,Kia EV6,Kia,2023,77,97.4,2029-12-11 08:15:00,2029-12-11 09:17:00,1.03,Mangalore Station 1,Fast,28,45.1,302.0,541.20000000000005,Green Mobility,Mangalore,Completed,Good,D1434,Cloudy,22.5,76.0,26.32,Healthy
EV1435,BYD Atto 3,BYD,2023,60,97.3,2029-12-12 09:30:00,2029-12-12 10:41:00,1.18,Belagavi Station 1,Normal,29,19.6,313.0,235.2,Green Mobility,Belagavi,Completed,Good,D1435,Rainy,22.5,76.0,26.32,Healthy
EV1436,Tata Curvv EV,Tata,2023,55,95.7,2029-12-13 12:15:00,2029-12-13 12:44:00,0.48,Mysore Station 2,Fast,28,24.4,244.0,292.8,Green Mobility,Mysore,Completed,Good,D1436,Rainy,22.5,76.0,26.32,Healthy
EV1437,Kia EV6,Kia,2023,77,96.5,2029-12-14 11:30:00,2029-12-14 12:32:00,1.03,Mangalore Station 1,Fast,35,52.4,245.0,628.79999999999995,Eco Drive,Mangalore,Completed,Good,D1437,Cloudy,22.5,76.0,26.32,Healthy
EV1438,BYD Seal,BYD,2023,82,93.9,2029-12-15 13:45:00,2029-12-15 16:46:00,3.02,Bangalore Station 1,Normal,30,52.0,86.0,624,EV Fleet India,Bangalore,Completed,Good,D1438,Sunny,22.5,76.0,26.32,Healthy
EV1439,BYD Atto 3,BYD,2023,60,93.5,2029-12-16 14:45:00,2029-12-16 16:19:00,1.57,Hubli Station 2,Normal,32,29.4,236.0,352.8,Green Mobility,Hubli,Completed,Good,D1439,Rainy,22.5,76.0,26.32,Healthy
EV1440,Tata Nexon EV,Tata,2023,40,96.3,2029-12-17 03:30:00,2029-12-17 04:10:00,0.67,Bangalore Station 1,Fast,32,33.7,326.0,404.4,EV Fleet India,Bangalore,Completed,Good,D1440,Rainy,22.5,76.0,26.32,Healthy
EV1441,Mahindra XUV400,Mahindra,2023,39,96.2,2029-12-18 20:30:00,2029-12-18 20:51:00,0.35,Mangalore Station 2,Fast,38,22.0,287.0,264,Premium Fleet,Mangalore,Completed,Good,D1441,Cloudy,22.5,76.0,26.32,Healthy
EV1442,Kia EV6,Kia,2023,77,97.4,2029-12-19 15:00:00,2029-12-19 15:29:00,0.48,Mysore Station 2,Fast,35,20.5,144.0,246,Green Mobility,Mysore,Completed,Good,D1442,Cloudy,22.5,76.0,26.32,Healthy
EV1443,Hyundai Kona EV,Hyundai,2023,39,95.3,2029-12-20 06:15:00,2029-12-20 06:32:00,0.28,Bangalore Station 2,Fast,36,15.5,196.0,186,City EV,Bangalore,Completed,Good,D1443,Cloudy,22.5,76.0,26.32,Healthy
EV1444,Mahindra XUV400,Mahindra,2023,39,98.4,2029-12-21 00:30:00,2029-12-21 00:52:00,0.37,Bangalore Station 2,Fast,36,19.8,187.0,237.6,Eco Drive,Bangalore,Completed,Good,D1444,Rainy,22.5,76.0,26.32,Healthy
EV1445,Tata Punch EV,Tata,2023,35,95.6,2029-12-22 17:15:00,2029-12-22 17:33:00,0.3,Mangalore Station 1,Fast,39,13.5,126.0,162,EV Fleet India,Mangalore,Completed,Good,D1445,Rainy,22.5,76.0,26.32,Healthy
EV1446,Kia EV6,Kia,2023,77,93.5,2029-12-23 20:30:00,2029-12-23 21:36:00,1.1,Hubli Station 2,Fast,33,56.0,190.0,672,Eco Drive,Hubli,Completed,Good,D1446,Sunny,22.5,76.0,26.32,Healthy
EV1447,Mahindra XUV400,Mahindra,2023,39,95.0,2029-12-24 04:00:00,2029-12-24 04:33:00,0.55,Mangalore Station 1,Fast,34,26.7,270.0,320.39999999999998,Premium Fleet,Mangalore,Completed,Good,D1447,Sunny,22.5,76.0,26.32,Healthy
EV1448,BYD Seal,BYD,2023,82,97.0,2029-12-25 05:30:00,2029-12-25 07:38:00,2.13,Hubli Station 1,Normal,33,39.9,193.0,478.8,Premium Fleet,Hubli,Completed,Good,D1448,Rainy,22.5,76.0,26.32,Healthy
EV1449,Tata Punch EV,Tata,2023,35,93.0,2029-12-26 13:30:00,2029-12-26 13:47:00,0.28,Belagavi Station 2,Fast,37,12.5,266.0,150,Green Mobility,Belagavi,Completed,Good,D1449,Sunny,22.5,76.0,26.32,Healthy
EV1450,Tata Punch EV,Tata,2023,35,93.7,2029-12-27 14:45:00,2029-12-27 15:09:00,0.4,Mangalore Station 2,Fast,39,14.6,319.0,175.2,Green Mobility,Mangalore,Completed,Good,D1450,Rainy,22.5,76.0,26.32,Healthy
EV1451,Hyundai Kona EV,Hyundai,2023,39,93.7,2029-12-28 16:45:00,2029-12-28 17:02:00,0.28,Mangalore Station 2,Fast,29,16.1,127.0,193.2,Premium Fleet,Mangalore,Completed,Good,D1451,Cloudy,22.5,76.0,26.32,Healthy
EV1452,Hyundai Kona EV,Hyundai,2023,39,96.6,2029-12-29 10:15:00,2029-12-29 11:40:00,1.42,Mysore Station 1,Normal,30,24.9,253.0,298.8,Premium Fleet,Mysore,Completed,Good,D1452,Sunny,22.5,76.0,26.32,Healthy
EV1453,MG Comet EV,MG,2023,17,95.5,2029-12-30 01:45:00,2029-12-30 01:56:00,0.18,Mysore Station 2,Fast,30,9.6,192.0,115.2,Eco Drive,Mysore,Completed,Good,D1453,Rainy,22.5,76.0,26.32,Healthy
EV1454,MG Comet EV,MG,2023,17,95.9,2029-12-31 21:15:00,2029-12-31 21:40:00,0.42,Mangalore Station 2,Normal,27,6.8,300.0,81.599999999999994,City EV,Mangalore,Completed,Good,D1454,Sunny,22.5,76.0,26.32,Healthy
EV1455,Kia EV6,Kia,2023,77,93.8,2030-01-01 04:00:00,2030-01-01 04:39:00,0.65,Mangalore Station 2,Fast,38,27.5,220.0,330,EV Fleet India,Mangalore,Completed,Good,D1455,Cloudy,22.5,76.0,26.32,Healthy
EV1456,BYD Seal,BYD,2023,82,93.5,2030-01-02 01:00:00,2030-01-02 01:33:00,0.55,Mangalore Station 2,Fast,33,31.9,294.0,382.8,EV Fleet India,Mangalore,Completed,Good,D1456,Sunny,22.5,76.0,26.32,Healthy
EV1457,MG Comet EV,MG,2023,17,98.2,2030-01-03 13:45:00,2030-01-03 13:45:00,0.0,Hubli Station 2,Fast,36,4.5,343.0,54,Eco Drive,Hubli,Completed,Good,D1457,Rainy,22.5,76.0,26.32,Healthy
EV1458,BYD Seal,BYD,2023,82,98.6,2030-01-04 04:15:00,2030-01-04 05:21:00,1.1,Mangalore Station 2,Fast,31,58.3,106.0,699.6,EV Fleet India,Mangalore,Completed,Good,D1458,Cloudy,22.5,76.0,26.32,Healthy
EV1459,Tata Punch EV,Tata,2023,35,93.1,2030-01-05 04:15:00,2030-01-05 05:29:00,1.23,Mangalore Station 2,Normal,31,22.2,313.0,266.39999999999998,EV Fleet India,Mangalore,Completed,Good,D1459,Sunny,22.5,76.0,26.32,Healthy
EV1460,Tata Curvv EV,Tata,2023,55,92.9,2030-01-06 23:00:00,2030-01-06 23:40:00,0.67,Mysore Station 2,Fast,38,31.3,106.0,375.6,EV Fleet India,Mysore,Completed,Good,D1460,Cloudy,22.5,76.0,26.32,Healthy
EV1461,MG Comet EV,MG,2023,17,97.9,2030-01-07 08:00:00,2030-01-07 08:01:00,0.02,Mangalore Station 1,Fast,37,5.2,150.0,62.4,Eco Drive,Mangalore,Completed,Good,D1461,Cloudy,22.5,76.0,26.32,Healthy
EV1462,BYD Seal,BYD,2023,82,98.1,2030-01-08 01:15:00,2030-01-08 01:46:00,0.52,Mysore Station 2,Fast,38,21.1,141.0,253.2,Eco Drive,Mysore,Completed,Good,D1462,Cloudy,22.5,76.0,26.32,Healthy
EV1463,Tata Nexon EV,Tata,2023,40,98.1,2030-01-09 17:00:00,2030-01-09 17:34:00,0.57,Belagavi Station 2,Normal,31,9.5,191.0,114,Eco Drive,Belagavi,Completed,Good,D1463,Rainy,22.5,76.0,26.32,Healthy
EV1464,Tata Punch EV,Tata,2023,35,93.6,2030-01-10 08:00:00,2030-01-10 09:15:00,1.25,Mangalore Station 2,Normal,37,21.2,342.0,254.4,Premium Fleet,Mangalore,Completed,Good,D1464,Cloudy,22.5,76.0,26.32,Healthy
EV1465,Tata Curvv EV,Tata,2023,55,95.7,2030-01-11 07:15:00,2030-01-11 09:39:00,2.4,Mangalore Station 2,Normal,39,44.0,86.0,528,Premium Fleet,Mangalore,Completed,Good,D1465,Cloudy,22.5,76.0,26.32,Healthy
EV1466,BYD Seal,BYD,2023,82,93.2,2030-01-12 05:15:00,2030-01-12 07:40:00,2.42,Mangalore Station 1,Normal,32,44.8,102.0,537.6,Eco Drive,Mangalore,Completed,Good,D1466,Sunny,22.5,76.0,26.32,Healthy
EV1467,Kia EV6,Kia,2023,77,95.4,2030-01-13 12:45:00,2030-01-13 13:11:00,0.43,Mysore Station 1,Fast,30,15.9,122.0,190.8,Premium Fleet,Mysore,Completed,Good,D1467,Rainy,22.5,76.0,26.32,Healthy
EV1468,Mahindra XUV400,Mahindra,2023,39,94.0,2030-01-14 11:15:00,2030-01-14 11:37:00,0.37,Mysore Station 1,Fast,35,17.9,248.0,214.8,Premium Fleet,Mysore,Completed,Good,D1468,Sunny,22.5,76.0,26.32,Healthy
EV1469,MG ZS EV,MG,2023,50,95.1,2030-01-15 11:15:00,2030-01-15 11:54:00,0.65,Mangalore Station 1,Fast,29,33.6,175.0,403.2,EV Fleet India,Mangalore,Completed,Good,D1469,Sunny,22.5,76.0,26.32,Healthy
EV1470,MG Comet EV,MG,2023,17,92.9,2030-01-16 07:15:00,2030-01-16 07:38:00,0.38,Bangalore Station 1,Normal,37,4.8,149.0,57.6,Eco Drive,Bangalore,Completed,Good,D1470,Rainy,22.5,76.0,26.32,Healthy
EV1471,Tata Nexon EV,Tata,2023,40,96.9,2030-01-17 08:15:00,2030-01-17 08:29:00,0.23,Hubli Station 1,Fast,32,14.5,150.0,174,City EV,Hubli,Completed,Good,D1471,Sunny,22.5,76.0,26.32,Healthy
EV1472,Kia EV6,Kia,2023,77,97.8,2030-01-18 13:15:00,2030-01-18 13:49:00,0.57,Hubli Station 2,Fast,27,26.1,291.0,313.2,Green Mobility,Hubli,Completed,Good,D1472,Rainy,22.5,76.0,26.32,Healthy
EV1473,Tata Nexon EV,Tata,2023,40,94.8,2030-01-19 00:15:00,2030-01-19 01:01:00,0.77,Bangalore Station 2,Normal,29,13.5,310.0,162,City EV,Bangalore,Completed,Good,D1473,Rainy,22.5,76.0,26.32,Healthy
EV1474,Tata Punch EV,Tata,2023,35,94.6,2030-01-20 03:15:00,2030-01-20 04:05:00,0.83,Belagavi Station 1,Normal,29,16.1,218.0,193.2,City EV,Belagavi,Completed,Good,D1474,Sunny,22.5,76.0,26.32,Healthy
EV1475,Mahindra XUV400,Mahindra,2023,39,93.8,2030-01-21 07:30:00,2030-01-21 07:57:00,0.45,Mysore Station 1,Fast,27,16.3,65.0,195.6,Green Mobility,Mysore,Completed,Good,D1475,Sunny,22.5,76.0,26.32,Healthy
EV1476,MG ZS EV,MG,2023,50,96.0,2030-01-22 18:45:00,2030-01-22 19:07:00,0.37,Belagavi Station 2,Fast,33,17.6,88.0,211.2,Premium Fleet,Belagavi,Completed,Good,D1476,Sunny,22.5,76.0,26.32,Healthy
EV1477,Mahindra XUV400,Mahindra,2023,39,94.4,2030-01-23 03:45:00,2030-01-23 04:39:00,0.9,Mangalore Station 2,Normal,33,14.5,209.0,174,Green Mobility,Mangalore,Completed,Good,D1477,Sunny,22.5,76.0,26.32,Healthy
EV1478,Tata Nexon EV,Tata,2023,40,94.4,2030-01-24 17:00:00,2030-01-24 17:54:00,0.9,Mangalore Station 1,Normal,34,17.1,212.0,205.2,EV Fleet India,Mangalore,Completed,Good,D1478,Rainy,22.5,76.0,26.32,Healthy
EV1479,Tata Nexon EV,Tata,2023,40,97.8,2030-01-25 03:45:00,2030-01-25 04:22:00,0.62,Bangalore Station 1,Fast,34,32.9,102.0,394.8,Green Mobility,Bangalore,Completed,Good,D1479,Cloudy,22.5,76.0,26.32,Healthy
EV1480,MG Comet EV,MG,2023,17,94.3,2030-01-26 12:30:00,2030-01-26 12:40:00,0.17,Mysore Station 1,Fast,39,7.1,130.0,85.2,EV Fleet India,Mysore,Completed,Good,D1480,Sunny,22.5,76.0,26.32,Healthy
EV1481,Tata Curvv EV,Tata,2023,55,93.7,2030-01-27 11:00:00,2030-01-27 13:15:00,2.25,Mysore Station 2,Normal,29,39.8,124.0,477.6,EV Fleet India,Mysore,Completed,Good,D1481,Cloudy,22.5,76.0,26.32,Healthy
EV1482,Mahindra XUV400,Mahindra,2023,39,98.0,2030-01-28 01:00:00,2030-01-28 01:20:00,0.33,Mysore Station 1,Fast,32,14.3,268.0,171.6,EV Fleet India,Mysore,Completed,Good,D1482,Cloudy,22.5,76.0,26.32,Healthy
EV1483,BYD Atto 3,BYD,2023,60,95.8,2030-01-29 10:45:00,2030-01-29 11:45:00,1.0,Mangalore Station 1,Fast,39,45.4,211.0,544.79999999999995,Premium Fleet,Mangalore,Completed,Good,D1483,Sunny,22.5,76.0,26.32,Healthy
EV1484,Hyundai Kona EV,Hyundai,2023,39,97.4,2030-01-30 06:30:00,2030-01-30 06:38:00,0.13,Mysore Station 2,Fast,27,8.6,343.0,103.2,Eco Drive,Mysore,Completed,Good,D1484,Rainy,22.5,76.0,26.32,Healthy
EV1485,MG Comet EV,MG,2023,17,93.8,2030-01-31 06:45:00,2030-01-31 07:19:00,0.57,Mangalore Station 2,Normal,32,8.8,241.0,105.6,Eco Drive,Mangalore,Completed,Good,D1485,Sunny,22.5,76.0,26.32,Healthy
EV1486,MG Comet EV,MG,2023,17,97.3,2030-02-01 10:00:00,2030-02-01 10:12:00,0.2,Mysore Station 2,Fast,34,11.8,71.0,141.6,Premium Fleet,Mysore,Completed,Good,D1486,Rainy,22.5,76.0,26.32,Healthy
EV1487,Kia EV6,Kia,2023,77,98.5,2030-02-02 14:00:00,2030-02-02 15:01:00,1.02,Belagavi Station 1,Fast,30,45.3,199.0,543.6,Green Mobility,Belagavi,Completed,Good,D1487,Rainy,22.5,76.0,26.32,Healthy
EV1488,MG ZS EV,MG,2023,50,97.3,2030-02-03 04:45:00,2030-02-03 06:08:00,1.38,Hubli Station 1,Normal,34,25.5,220.0,306,EV Fleet India,Hubli,Completed,Good,D1488,Cloudy,22.5,76.0,26.32,Healthy
EV1489,Tata Punch EV,Tata,2023,35,95.2,2030-02-04 14:15:00,2030-02-04 14:23:00,0.13,Bangalore Station 2,Fast,39,11.2,324.0,134.4,Green Mobility,Bangalore,Completed,Good,D1489,Cloudy,22.5,76.0,26.32,Healthy
EV1490,MG ZS EV,MG,2023,50,96.7,2030-02-05 06:15:00,2030-02-05 07:20:00,1.08,Mangalore Station 1,Normal,34,17.1,229.0,205.2,EV Fleet India,Mangalore,Completed,Good,D1490,Sunny,22.5,76.0,26.32,Healthy
EV1491,MG Comet EV,MG,2023,17,95.3,2030-02-06 09:00:00,2030-02-06 09:26:00,0.43,Mangalore Station 1,Normal,36,8.0,233.0,96,Green Mobility,Mangalore,Completed,Good,D1491,Cloudy,22.5,76.0,26.32,Healthy
EV1492,Tata Punch EV,Tata,2023,35,94.4,2030-02-07 17:00:00,2030-02-07 17:32:00,0.53,Belagavi Station 1,Normal,32,11.1,337.0,133.19999999999999,EV Fleet India,Belagavi,Completed,Good,D1492,Rainy,22.5,76.0,26.32,Healthy
EV1493,Kia EV6,Kia,2023,77,98.6,2030-02-08 17:30:00,2030-02-08 19:15:00,1.75,Bangalore Station 1,Normal,37,32.2,302.0,386.4,City EV,Bangalore,Completed,Good,D1493,Cloudy,22.5,76.0,26.32,Healthy
EV1494,MG Comet EV,MG,2023,17,95.4,2030-02-09 06:45:00,2030-02-09 07:04:00,0.32,Bangalore Station 2,Normal,27,6.4,115.0,76.8,Eco Drive,Bangalore,Completed,Good,D1494,Sunny,22.5,76.0,26.32,Healthy
EV1495,MG Comet EV,MG,2023,17,93.3,2030-02-10 12:15:00,2030-02-10 12:54:00,0.65,Belagavi Station 1,Normal,33,9.6,144.0,115.2,EV Fleet India,Belagavi,Completed,Good,D1495,Sunny,22.5,76.0,26.32,Healthy
EV1496,Hyundai Kona EV,Hyundai,2023,39,94.3,2030-02-11 13:30:00,2030-02-11 14:57:00,1.45,Mangalore Station 2,Normal,39,27.3,89.0,327.60000000000002,Eco Drive,Mangalore,Completed,Good,D1496,Cloudy,22.5,76.0,26.32,Healthy
EV1497,MG ZS EV,MG,2023,50,96.3,2030-02-12 20:30:00,2030-02-12 20:55:00,0.42,Hubli Station 2,Fast,28,18.2,104.0,218.4,Green Mobility,Hubli,Completed,Good,D1497,Rainy,22.5,76.0,26.32,Healthy
EV1498,Hyundai Kona EV,Hyundai,2023,39,94.9,2030-02-13 05:45:00,2030-02-13 05:56:00,0.18,Belagavi Station 1,Fast,31,12.3,173.0,147.6,Eco Drive,Belagavi,Completed,Good,D1498,Sunny,22.5,76.0,26.32,Healthy
EV1499,Tata Nexon EV,Tata,2023,40,95.7,2030-02-14 03:15:00,2030-02-14 03:40:00,0.42,Bangalore Station 2,Normal,28,8.8,286.0,105.6,EV Fleet India,Bangalore,Completed,Good,D1499,Cloudy,22.5,76.0,26.32,Healthy
EV1500,MG Comet EV,MG,2023,17,98.5,2030-02-15 12:45:00,2030-02-15 13:00:00,0.25,Belagavi Station 2,Fast,39,11.2,207.0,134.4,Green Mobility,Belagavi,Completed,Good,D1500,Sunny,22.5,76.0,26.32,Healthy
EV1501,Mahindra XUV400,Mahindra,2023,39,97.4,2030-02-16 02:15:00,2030-02-16 03:02:00,0.78,Bangalore Station 2,Normal,29,14.5,259.0,174,EV Fleet India,Bangalore,Completed,Good,D1501,Rainy,22.5,76.0,26.32,Healthy
EV1502,MG Comet EV,MG,2023,17,97.7,2030-02-17 22:15:00,2030-02-17 22:56:00,0.68,Bangalore Station 1,Normal,37,10.3,325.0,123.6,Premium Fleet,Bangalore,Completed,Good,D1502,Cloudy,22.5,76.0,26.32,Healthy
EV1503,Tata Curvv EV,Tata,2023,55,94.3,2030-02-18 17:00:00,2030-02-18 19:00:00,2.0,Bangalore Station 1,Normal,27,35.4,70.0,424.8,EV Fleet India,Bangalore,Completed,Good,D1503,Sunny,22.5,76.0,26.32,Healthy
EV1504,Tata Punch EV,Tata,2023,35,98.0,2030-02-19 09:45:00,2030-02-19 10:13:00,0.47,Bangalore Station 2,Fast,32,22.1,233.0,265.2,Premium Fleet,Bangalore,Completed,Good,D1504,Rainy,22.5,76.0,26.32,Healthy
EV1505,MG ZS EV,MG,2023,50,93.2,2030-02-20 18:30:00,2030-02-20 20:02:00,1.53,Hubli Station 1,Normal,38,29.2,301.0,350.4,City EV,Hubli,Completed,Good,D1505,Cloudy,22.5,76.0,26.32,Healthy
EV1506,Hyundai Kona EV,Hyundai,2023,39,98.4,2030-02-21 06:15:00,2030-02-21 06:59:00,0.73,Hubli Station 2,Normal,38,12.3,186.0,147.6,Eco Drive,Hubli,Completed,Good,D1506,Sunny,22.5,76.0,26.32,Healthy
EV1507,Tata Curvv EV,Tata,2023,55,95.5,2030-02-22 22:45:00,2030-02-22 23:12:00,0.45,Hubli Station 2,Fast,28,22.8,217.0,273.60000000000002,Premium Fleet,Hubli,Completed,Good,D1507,Sunny,22.5,76.0,26.32,Healthy
EV1508,MG Comet EV,MG,2023,17,95.3,2030-02-23 19:15:00,2030-02-23 19:27:00,0.2,Belagavi Station 1,Fast,32,7.9,177.0,94.8,Premium Fleet,Belagavi,Completed,Good,D1508,Sunny,22.5,76.0,26.32,Healthy
EV1509,Tata Punch EV,Tata,2023,35,96.2,2030-02-24 09:45:00,2030-02-24 09:55:00,0.17,Belagavi Station 1,Fast,28,12.4,164.0,148.80000000000001,Green Mobility,Belagavi,Completed,Good,D1509,Sunny,22.5,76.0,26.32,Healthy
EV1510,MG Comet EV,MG,2023,17,98.7,2030-02-25 16:15:00,2030-02-25 16:35:00,0.33,Bangalore Station 2,Fast,31,11.9,304.0,142.80000000000001,Green Mobility,Bangalore,Completed,Good,D1510,Sunny,22.5,76.0,26.32,Healthy
EV1511,Mahindra XUV400,Mahindra,2023,39,96.7,2030-02-26 01:15:00,2030-02-26 01:34:00,0.32,Mysore Station 2,Fast,29,18.3,202.0,219.6,Eco Drive,Mysore,Completed,Good,D1511,Sunny,22.5,76.0,26.32,Healthy
EV1512,Tata Curvv EV,Tata,2023,55,94.4,2030-02-27 23:15:00,2030-02-28 00:54:00,1.65,Belagavi Station 2,Normal,31,27.9,266.0,334.8,Eco Drive,Belagavi,Completed,Good,D1512,Sunny,22.5,76.0,26.32,Healthy
EV1513,Tata Curvv EV,Tata,2023,55,93.1,2030-02-28 10:15:00,2030-02-28 11:04:00,0.82,Mangalore Station 1,Fast,31,35.1,283.0,421.2,Green Mobility,Mangalore,Completed,Good,D1513,Cloudy,22.5,76.0,26.32,Healthy
EV1514,Tata Curvv EV,Tata,2023,55,93.6,2030-03-01 05:15:00,2030-03-01 06:45:00,1.5,Hubli Station 1,Normal,32,25.4,294.0,304.8,Eco Drive,Hubli,Completed,Good,D1514,Cloudy,22.5,76.0,26.32,Healthy
EV1515,BYD Seal,BYD,2023,82,96.8,2030-03-02 02:30:00,2030-03-02 04:24:00,1.9,Belagavi Station 2,Normal,37,32.1,187.0,385.2,City EV,Belagavi,Completed,Good,D1515,Sunny,22.5,76.0,26.32,Healthy
EV1516,BYD Atto 3,BYD,2023,60,93.5,2030-03-03 17:30:00,2030-03-03 19:05:00,1.58,Hubli Station 1,Normal,27,27.1,294.0,325.2,EV Fleet India,Hubli,Completed,Good,D1516,Cloudy,22.5,76.0,26.32,Healthy
EV1517,BYD Seal,BYD,2023,82,97.0,2030-03-04 03:45:00,2030-03-04 04:32:00,0.78,Bangalore Station 2,Fast,32,43.5,339.0,522,Eco Drive,Bangalore,Completed,Good,D1517,Rainy,22.5,76.0,26.32,Healthy
EV1518,Tata Nexon EV,Tata,2023,40,97.8,2030-03-05 23:45:00,2030-03-06 00:08:00,0.38,Hubli Station 2,Fast,35,14.4,128.0,172.8,Premium Fleet,Hubli,Completed,Good,D1518,Rainy,22.5,76.0,26.32,Healthy
EV1519,BYD Seal,BYD,2023,82,98.8,2030-03-06 22:15:00,2030-03-07 00:53:00,2.63,Belagavi Station 1,Normal,31,45.2,329.0,542.4,Green Mobility,Belagavi,Completed,Good,D1519,Sunny,22.5,76.0,26.32,Healthy
EV1520,Tata Curvv EV,Tata,2023,55,93.2,2030-03-07 11:30:00,2030-03-07 12:10:00,0.67,Mangalore Station 2,Fast,31,35.7,133.0,428.4,City EV,Mangalore,Completed,Good,D1520,Cloudy,22.5,76.0,26.32,Healthy
EV1521,Tata Punch EV,Tata,2023,35,96.0,2030-03-08 01:30:00,2030-03-08 02:51:00,1.35,Bangalore Station 2,Normal,36,22.8,203.0,273.60000000000002,EV Fleet India,Bangalore,Completed,Good,D1521,Rainy,22.5,76.0,26.32,Healthy
EV1522,Hyundai Kona EV,Hyundai,2023,39,97.9,2030-03-09 16:15:00,2030-03-09 16:56:00,0.68,Mysore Station 2,Fast,30,32.6,116.0,391.2,Green Mobility,Mysore,Completed,Good,D1522,Rainy,22.5,76.0,26.32,Healthy
EV1523,Tata Curvv EV,Tata,2023,55,98.6,2030-03-10 06:00:00,2030-03-10 06:43:00,0.72,Mysore Station 1,Fast,31,30.7,302.0,368.4,Eco Drive,Mysore,Completed,Good,D1523,Sunny,22.5,76.0,26.32,Healthy
EV1524,BYD Atto 3,BYD,2023,60,95.7,2030-03-11 17:00:00,2030-03-11 17:35:00,0.58,Belagavi Station 1,Fast,39,32.1,97.0,385.2,Green Mobility,Belagavi,Completed,Good,D1524,Sunny,22.5,76.0,26.32,Healthy
EV1525,BYD Seal,BYD,2023,82,96.0,2030-03-12 03:00:00,2030-03-12 03:49:00,0.82,Belagavi Station 2,Fast,32,42.1,320.0,505.2,Premium Fleet,Belagavi,Completed,Good,D1525,Sunny,22.5,76.0,26.32,Healthy
EV1526,MG ZS EV,MG,2023,50,95.6,2030-03-13 07:30:00,2030-03-13 08:08:00,0.63,Hubli Station 2,Fast,35,34.1,232.0,409.2,Premium Fleet,Hubli,Completed,Good,D1526,Rainy,22.5,76.0,26.32,Healthy
EV1527,MG Comet EV,MG,2023,17,93.7,2030-03-14 17:00:00,2030-03-14 17:29:00,0.48,Hubli Station 1,Normal,36,7.7,144.0,92.4,EV Fleet India,Hubli,Completed,Good,D1527,Rainy,22.5,76.0,26.32,Healthy
EV1528,MG Comet EV,MG,2023,17,93.8,2030-03-15 01:45:00,2030-03-15 02:26:00,0.68,Bangalore Station 2,Normal,36,10.3,99.0,123.6,Eco Drive,Bangalore,Completed,Good,D1528,Rainy,22.5,76.0,26.32,Healthy
EV1529,BYD Atto 3,BYD,2023,60,94.9,2030-03-16 07:15:00,2030-03-16 08:18:00,1.05,Belagavi Station 1,Fast,33,45.9,114.0,550.79999999999995,EV Fleet India,Belagavi,Completed,Good,D1529,Cloudy,22.5,76.0,26.32,Healthy
EV1530,Tata Punch EV,Tata,2023,35,95.8,2030-03-17 17:45:00,2030-03-17 18:15:00,0.5,Mangalore Station 2,Fast,37,26.2,66.0,314.39999999999998,Premium Fleet,Mangalore,Completed,Good,D1530,Cloudy,22.5,76.0,26.32,Healthy
EV1531,Mahindra XUV400,Mahindra,2023,39,96.4,2030-03-18 01:45:00,2030-03-18 03:08:00,1.38,Mysore Station 2,Normal,35,23.8,271.0,285.60000000000002,Green Mobility,Mysore,Completed,Good,D1531,Cloudy,22.5,76.0,26.32,Healthy
EV1532,Tata Curvv EV,Tata,2023,55,98.3,2030-03-19 23:15:00,2030-03-20 01:27:00,2.2,Hubli Station 2,Normal,34,41.2,323.0,494.4,City EV,Hubli,Completed,Good,D1532,Rainy,22.5,76.0,26.32,Healthy
EV1533,Kia EV6,Kia,2023,77,93.5,2030-03-20 21:30:00,2030-03-20 22:44:00,1.23,Belagavi Station 2,Normal,34,20.7,305.0,248.4,Eco Drive,Belagavi,Completed,Good,D1533,Rainy,22.5,76.0,26.32,Healthy
EV1534,Kia EV6,Kia,2023,77,98.3,2030-03-21 18:00:00,2030-03-21 18:35:00,0.58,Bangalore Station 1,Fast,37,30.3,74.0,363.6,Eco Drive,Bangalore,Completed,Good,D1534,Sunny,22.5,76.0,26.32,Healthy
EV1535,Mahindra XUV400,Mahindra,2023,39,92.9,2030-03-22 09:30:00,2030-03-22 10:43:00,1.22,Belagavi Station 2,Normal,32,20.2,185.0,242.4,Eco Drive,Belagavi,Completed,Good,D1535,Cloudy,22.5,76.0,26.32,Healthy
EV1536,Kia EV6,Kia,2023,77,97.2,2030-03-23 10:30:00,2030-03-23 11:18:00,0.8,Hubli Station 1,Fast,35,35.4,312.0,424.8,Premium Fleet,Hubli,Completed,Good,D1536,Cloudy,22.5,76.0,26.32,Healthy
EV1537,Kia EV6,Kia,2023,77,95.9,2030-03-24 11:00:00,2030-03-24 11:32:00,0.53,Mangalore Station 1,Fast,28,28.5,280.0,342,EV Fleet India,Mangalore,Completed,Good,D1537,Rainy,22.5,76.0,26.32,Healthy
EV1538,BYD Atto 3,BYD,2023,60,92.8,2030-03-25 03:00:00,2030-03-25 03:28:00,0.47,Hubli Station 2,Fast,29,28.1,224.0,337.2,Eco Drive,Hubli,Completed,Good,D1538,Sunny,22.5,76.0,26.32,Healthy
EV1539,Tata Punch EV,Tata,2023,35,97.2,2030-03-26 14:15:00,2030-03-26 14:46:00,0.52,Mysore Station 2,Fast,39,27.8,214.0,333.6,Eco Drive,Mysore,Completed,Good,D1539,Sunny,22.5,76.0,26.32,Healthy
EV1540,Kia EV6,Kia,2023,77,94.5,2030-03-27 03:45:00,2030-03-27 04:22:00,0.62,Mysore Station 2,Fast,30,32.3,101.0,387.6,Premium Fleet,Mysore,Completed,Good,D1540,Cloudy,22.5,76.0,26.32,Healthy
EV1541,BYD Seal,BYD,2023,82,94.0,2030-03-28 02:15:00,2030-03-28 05:03:00,2.8,Mysore Station 2,Normal,28,48.5,318.0,582,Green Mobility,Mysore,Completed,Good,D1541,Cloudy,22.5,76.0,26.32,Healthy
EV1542,BYD Seal,BYD,2023,82,95.6,2030-03-29 14:45:00,2030-03-29 15:55:00,1.17,Mysore Station 2,Normal,34,18.7,66.0,224.4,Premium Fleet,Mysore,Completed,Good,D1542,Rainy,22.5,76.0,26.32,Healthy
EV1543,BYD Atto 3,BYD,2023,60,95.7,2030-03-30 22:30:00,2030-03-30 23:50:00,1.33,Bangalore Station 1,Normal,34,24.0,160.0,288,EV Fleet India,Bangalore,Completed,Good,D1543,Cloudy,22.5,76.0,26.32,Healthy
EV1544,BYD Atto 3,BYD,2023,60,94.7,2030-03-31 23:15:00,2030-04-01 00:04:00,0.82,Mysore Station 2,Fast,36,36.2,198.0,434.4,Premium Fleet,Mysore,Completed,Good,D1544,Sunny,22.5,76.0,26.32,Healthy
EV1545,MG ZS EV,MG,2023,50,96.6,2030-04-01 19:45:00,2030-04-01 20:12:00,0.45,Belagavi Station 2,Fast,38,23.8,226.0,285.60000000000002,Eco Drive,Belagavi,Completed,Good,D1545,Rainy,22.5,76.0,26.32,Healthy
EV1546,Tata Punch EV,Tata,2023,35,98.4,2030-04-02 14:15:00,2030-04-02 14:27:00,0.2,Mysore Station 1,Fast,36,6.8,143.0,81.599999999999994,City EV,Mysore,Completed,Good,D1546,Cloudy,22.5,76.0,26.32,Healthy
EV1547,Kia EV6,Kia,2023,77,94.5,2030-04-03 15:45:00,2030-04-03 16:28:00,0.72,Mangalore Station 2,Fast,36,31.9,92.0,382.8,City EV,Mangalore,Completed,Good,D1547,Sunny,22.5,76.0,26.32,Healthy
EV1548,Hyundai Kona EV,Hyundai,2023,39,93.7,2030-04-04 09:15:00,2030-04-04 10:21:00,1.1,Bangalore Station 2,Normal,39,21.1,179.0,253.2,Eco Drive,Bangalore,Completed,Good,D1548,Sunny,22.5,76.0,26.32,Healthy
EV1549,Mahindra XUV400,Mahindra,2023,39,94.6,2030-04-05 00:30:00,2030-04-05 01:11:00,0.68,Belagavi Station 2,Fast,38,29.4,178.0,352.8,City EV,Belagavi,Completed,Good,D1549,Rainy,22.5,76.0,26.32,Healthy
EV1550,Kia EV6,Kia,2023,77,94.3,2030-04-06 00:15:00,2030-04-06 02:38:00,2.38,Belagavi Station 2,Normal,32,42.9,117.0,514.79999999999995,City EV,Belagavi,Completed,Good,D1550,Sunny,22.5,76.0,26.32,Healthy
EV1551,MG Comet EV,MG,2023,17,93.7,2030-04-07 16:00:00,2030-04-07 16:15:00,0.25,Mangalore Station 1,Fast,33,7.3,168.0,87.6,Premium Fleet,Mangalore,Completed,Good,D1551,Cloudy,22.5,76.0,26.32,Healthy
EV1552,Tata Curvv EV,Tata,2023,55,94.1,2030-04-08 22:45:00,2030-04-08 23:49:00,1.07,Hubli Station 2,Normal,27,18.1,90.0,217.2,Eco Drive,Hubli,Completed,Good,D1552,Cloudy,22.5,76.0,26.32,Healthy
EV1553,BYD Atto 3,BYD,2023,60,93.0,2030-04-09 18:30:00,2030-04-09 19:07:00,0.62,Belagavi Station 2,Fast,32,31.6,323.0,379.2,Eco Drive,Belagavi,Completed,Good,D1553,Sunny,22.5,76.0,26.32,Healthy
EV1554,Hyundai Kona EV,Hyundai,2023,39,97.7,2030-04-10 23:30:00,2030-04-11 00:54:00,1.4,Mysore Station 2,Normal,28,26.9,319.0,322.8,EV Fleet India,Mysore,Completed,Good,D1554,Sunny,22.5,76.0,26.32,Healthy
EV1555,BYD Seal,BYD,2023,82,95.9,2030-04-11 10:30:00,2030-04-11 13:12:00,2.7,Bangalore Station 1,Normal,32,49.6,138.0,595.20000000000005,City EV,Bangalore,Completed,Good,D1555,Rainy,22.5,76.0,26.32,Healthy
EV1556,Tata Punch EV,Tata,2023,35,96.0,2030-04-12 01:30:00,2030-04-12 02:16:00,0.77,Bangalore Station 1,Normal,27,11.7,225.0,140.4,Premium Fleet,Bangalore,Completed,Good,D1556,Rainy,22.5,76.0,26.32,Healthy
EV1557,Kia EV6,Kia,2023,77,97.9,2030-04-13 07:45:00,2030-04-13 09:41:00,1.93,Mangalore Station 1,Normal,30,35.1,342.0,421.2,City EV,Mangalore,Completed,Good,D1557,Rainy,22.5,76.0,26.32,Healthy
EV1558,Kia EV6,Kia,2023,77,92.8,2030-04-14 08:45:00,2030-04-14 10:33:00,1.8,Mysore Station 2,Normal,29,31.3,291.0,375.6,Eco Drive,Mysore,Completed,Good,D1558,Cloudy,22.5,76.0,26.32,Healthy
EV1559,Hyundai Kona EV,Hyundai,2023,39,93.1,2030-04-15 19:15:00,2030-04-15 19:33:00,0.3,Belagavi Station 1,Fast,34,12.5,165.0,150,EV Fleet India,Belagavi,Completed,Good,D1559,Sunny,22.5,76.0,26.32,Healthy
EV1560,Mahindra XUV400,Mahindra,2023,39,97.0,2030-04-16 04:45:00,2030-04-16 05:04:00,0.32,Bangalore Station 2,Fast,34,15.4,332.0,184.8,Eco Drive,Bangalore,Completed,Good,D1560,Sunny,22.5,76.0,26.32,Healthy
EV1561,MG Comet EV,MG,2023,17,97.3,2030-04-17 18:00:00,2030-04-17 18:13:00,0.22,Belagavi Station 2,Fast,29,10.7,107.0,128.4,Premium Fleet,Belagavi,Completed,Good,D1561,Sunny,22.5,76.0,26.32,Healthy
EV1562,Tata Punch EV,Tata,2023,35,98.3,2030-04-18 11:30:00,2030-04-18 11:59:00,0.48,Mysore Station 1,Fast,29,23.3,160.0,279.60000000000002,Premium Fleet,Mysore,Completed,Good,D1562,Cloudy,22.5,76.0,26.32,Healthy
EV1563,Mahindra XUV400,Mahindra,2023,39,93.2,2030-04-19 14:45:00,2030-04-19 14:57:00,0.2,Mangalore Station 2,Fast,29,10.7,99.0,128.4,Premium Fleet,Mangalore,Completed,Good,D1563,Cloudy,22.5,76.0,26.32,Healthy
EV1564,BYD Seal,BYD,2023,82,96.3,2030-04-20 14:30:00,2030-04-20 15:44:00,1.23,Mysore Station 1,Fast,39,64.2,146.0,770.4,City EV,Mysore,Completed,Good,D1564,Cloudy,22.5,76.0,26.32,Healthy
EV1565,Tata Curvv EV,Tata,2023,55,96.3,2030-04-21 20:45:00,2030-04-21 21:19:00,0.57,Mysore Station 1,Fast,35,31.7,88.0,380.4,Eco Drive,Mysore,Completed,Good,D1565,Rainy,22.5,76.0,26.32,Healthy
EV1566,Kia EV6,Kia,2023,77,95.5,2030-04-22 21:30:00,2030-04-22 22:42:00,1.2,Hubli Station 2,Fast,29,58.8,194.0,705.6,EV Fleet India,Hubli,Completed,Good,D1566,Sunny,22.5,76.0,26.32,Healthy
EV1567,BYD Seal,BYD,2023,82,98.2,2030-04-23 06:30:00,2030-04-23 07:37:00,1.12,Mangalore Station 1,Fast,33,53.9,283.0,646.79999999999995,City EV,Mangalore,Completed,Good,D1567,Sunny,22.5,76.0,26.32,Healthy
EV1568,Mahindra XUV400,Mahindra,2023,39,95.1,2030-04-24 05:30:00,2030-04-24 07:15:00,1.75,Hubli Station 1,Normal,37,30.8,349.0,369.6,EV Fleet India,Hubli,Completed,Good,D1568,Rainy,22.5,76.0,26.32,Healthy
EV1569,Tata Nexon EV,Tata,2023,40,96.8,2030-04-25 04:30:00,2030-04-25 04:51:00,0.35,Belagavi Station 2,Fast,34,14.8,95.0,177.6,Eco Drive,Belagavi,Completed,Good,D1569,Rainy,22.5,76.0,26.32,Healthy
EV1570,BYD Seal,BYD,2023,82,92.8,2030-04-26 21:45:00,2030-04-26 23:33:00,1.8,Mangalore Station 2,Normal,31,30.4,273.0,364.8,Green Mobility,Mangalore,Completed,Good,D1570,Sunny,22.5,76.0,26.32,Healthy
EV1571,Tata Punch EV,Tata,2023,35,97.7,2030-04-27 03:30:00,2030-04-27 03:54:00,0.4,Mysore Station 2,Fast,35,22.4,210.0,268.8,Eco Drive,Mysore,Completed,Good,D1571,Cloudy,22.5,76.0,26.32,Healthy
EV1572,Tata Nexon EV,Tata,2023,40,94.1,2030-04-28 09:15:00,2030-04-28 09:42:00,0.45,Mangalore Station 1,Fast,27,18.2,152.0,218.4,City EV,Mangalore,Completed,Good,D1572,Cloudy,22.5,76.0,26.32,Healthy
EV1573,Tata Nexon EV,Tata,2023,40,98.1,2030-04-29 08:30:00,2030-04-29 08:52:00,0.37,Bangalore Station 1,Fast,33,17.0,105.0,204,City EV,Bangalore,Completed,Good,D1573,Cloudy,22.5,76.0,26.32,Healthy
EV1574,Tata Nexon EV,Tata,2023,40,94.9,2030-04-30 00:30:00,2030-04-30 01:28:00,0.97,Mangalore Station 2,Normal,31,19.0,181.0,228,City EV,Mangalore,Completed,Good,D1574,Rainy,22.5,76.0,26.32,Healthy
EV1575,BYD Seal,BYD,2023,82,94.3,2030-05-01 12:45:00,2030-05-01 13:28:00,0.72,Hubli Station 1,Fast,27,30.5,328.0,366,EV Fleet India,Hubli,Completed,Good,D1575,Rainy,22.5,76.0,26.32,Healthy
EV1576,Tata Nexon EV,Tata,2023,40,93.6,2030-05-02 08:15:00,2030-05-02 08:56:00,0.68,Belagavi Station 2,Fast,38,33.2,242.0,398.4,Eco Drive,Belagavi,Completed,Good,D1576,Cloudy,22.5,76.0,26.32,Healthy
EV1577,Hyundai Kona EV,Hyundai,2023,39,97.0,2030-05-03 21:00:00,2030-05-03 21:25:00,0.42,Mangalore Station 1,Fast,36,16.3,129.0,195.6,Green Mobility,Mangalore,Completed,Good,D1577,Cloudy,22.5,76.0,26.32,Healthy
EV1578,MG ZS EV,MG,2023,50,97.4,2030-05-04 18:00:00,2030-05-04 18:19:00,0.32,Belagavi Station 1,Fast,38,16.5,346.0,198,Green Mobility,Belagavi,Completed,Good,D1578,Rainy,22.5,76.0,26.32,Healthy
EV1579,Tata Curvv EV,Tata,2023,55,95.0,2030-05-05 10:00:00,2030-05-05 11:01:00,1.02,Mangalore Station 1,Normal,37,18.2,200.0,218.4,Eco Drive,Mangalore,Completed,Good,D1579,Rainy,22.5,76.0,26.32,Healthy
EV1580,BYD Seal,BYD,2023,82,96.7,2030-05-06 21:00:00,2030-05-07 00:03:00,3.05,Belagavi Station 1,Normal,27,55.2,331.0,662.4,Premium Fleet,Belagavi,Completed,Good,D1580,Rainy,22.5,76.0,26.32,Healthy
EV1581,Tata Nexon EV,Tata,2023,40,97.1,2030-05-07 14:00:00,2030-05-07 14:25:00,0.42,Bangalore Station 2,Fast,34,23.2,154.0,278.39999999999998,Green Mobility,Bangalore,Completed,Good,D1581,Rainy,22.5,76.0,26.32,Healthy
EV1582,BYD Seal,BYD,2023,82,96.8,2030-05-08 01:45:00,2030-05-08 02:27:00,0.7,Bangalore Station 1,Fast,36,30.0,332.0,360,EV Fleet India,Bangalore,Completed,Good,D1582,Sunny,22.5,76.0,26.32,Healthy
EV1583,Tata Nexon EV,Tata,2023,40,93.7,2030-05-09 14:00:00,2030-05-09 15:28:00,1.47,Mysore Station 1,Normal,39,25.6,317.0,307.2,EV Fleet India,Mysore,Completed,Good,D1583,Cloudy,22.5,76.0,26.32,Healthy
EV1584,MG Comet EV,MG,2023,17,96.4,2030-05-10 05:45:00,2030-05-10 06:18:00,0.55,Hubli Station 2,Normal,37,7.6,338.0,91.2,Premium Fleet,Hubli,Completed,Good,D1584,Rainy,22.5,76.0,26.32,Healthy
EV1585,Kia EV6,Kia,2023,77,93.5,2030-05-11 05:15:00,2030-05-11 08:02:00,2.78,Mysore Station 1,Normal,30,49.2,295.0,590.4,EV Fleet India,Mysore,Completed,Good,D1585,Cloudy,22.5,76.0,26.32,Healthy
EV1586,Hyundai Kona EV,Hyundai,2023,39,96.5,2030-05-12 12:30:00,2030-05-12 13:36:00,1.1,Mysore Station 2,Normal,27,18.4,139.0,220.8,City EV,Mysore,Completed,Good,D1586,Rainy,22.5,76.0,26.32,Healthy
EV1587,Tata Nexon EV,Tata,2023,40,94.0,2030-05-13 14:15:00,2030-05-13 14:35:00,0.33,Belagavi Station 1,Fast,39,12.7,278.0,152.4,City EV,Belagavi,Completed,Good,D1587,Cloudy,22.5,76.0,26.32,Healthy
EV1588,Hyundai Kona EV,Hyundai,2023,39,92.9,2030-05-14 08:45:00,2030-05-14 09:05:00,0.33,Bangalore Station 1,Fast,27,12.0,117.0,144,City EV,Bangalore,Completed,Good,D1588,Rainy,22.5,76.0,26.32,Healthy
EV1589,BYD Atto 3,BYD,2023,60,96.0,2030-05-15 05:30:00,2030-05-15 06:26:00,0.93,Mangalore Station 1,Fast,27,41.4,238.0,496.8,Green Mobility,Mangalore,Completed,Good,D1589,Rainy,22.5,76.0,26.32,Healthy
EV1590,Kia EV6,Kia,2023,77,98.6,2030-05-16 17:00:00,2030-05-16 18:30:00,1.5,Bangalore Station 2,Normal,32,24.7,247.0,296.39999999999998,Premium Fleet,Bangalore,Completed,Good,D1590,Sunny,22.5,76.0,26.32,Healthy
EV1591,Mahindra XUV400,Mahindra,2023,39,96.2,2030-05-17 02:45:00,2030-05-17 03:05:00,0.33,Bangalore Station 2,Fast,28,12.5,126.0,150,Green Mobility,Bangalore,Completed,Good,D1591,Cloudy,22.5,76.0,26.32,Healthy
EV1592,MG Comet EV,MG,2023,17,94.9,2030-05-18 02:15:00,2030-05-18 02:26:00,0.18,Mysore Station 2,Fast,33,10.7,297.0,128.4,Eco Drive,Mysore,Completed,Good,D1592,Rainy,22.5,76.0,26.32,Healthy
EV1593,Hyundai Kona EV,Hyundai,2023,39,96.1,2030-05-19 01:30:00,2030-05-19 01:51:00,0.35,Hubli Station 2,Fast,33,13.6,329.0,163.19999999999999,Eco Drive,Hubli,Completed,Good,D1593,Sunny,22.5,76.0,26.32,Healthy
EV1594,Mahindra XUV400,Mahindra,2023,39,95.8,2030-05-20 18:30:00,2030-05-20 20:05:00,1.58,Bangalore Station 1,Normal,39,27.3,229.0,327.60000000000002,EV Fleet India,Bangalore,Completed,Good,D1594,Sunny,22.5,76.0,26.32,Healthy
EV1595,Hyundai Kona EV,Hyundai,2023,39,96.9,2030-05-21 08:45:00,2030-05-21 09:47:00,1.03,Mysore Station 2,Normal,34,18.3,174.0,219.6,Green Mobility,Mysore,Completed,Good,D1595,Cloudy,22.5,76.0,26.32,Healthy
EV1596,MG Comet EV,MG,2023,17,92.9,2030-05-22 17:00:00,2030-05-22 17:15:00,0.25,Belagavi Station 1,Normal,28,5.3,196.0,63.6,EV Fleet India,Belagavi,Completed,Good,D1596,Rainy,22.5,76.0,26.32,Healthy
EV1597,Tata Nexon EV,Tata,2023,40,92.9,2030-05-23 12:00:00,2030-05-23 12:31:00,0.52,Mangalore Station 1,Fast,39,30.0,247.0,360,Eco Drive,Mangalore,Completed,Good,D1597,Sunny,22.5,76.0,26.32,Healthy
EV1598,Tata Punch EV,Tata,2023,35,94.7,2030-05-24 22:30:00,2030-05-24 22:48:00,0.3,Mysore Station 2,Fast,36,13.0,107.0,156,Green Mobility,Mysore,Completed,Good,D1598,Rainy,22.5,76.0,26.32,Healthy
EV1599,Tata Curvv EV,Tata,2023,55,92.7,2030-05-25 14:45:00,2030-05-25 15:36:00,0.85,Belagavi Station 2,Normal,32,14.8,210.0,177.6,EV Fleet India,Belagavi,Completed,Good,D1599,Rainy,22.5,76.0,26.32,Healthy
EV1600,Hyundai Kona EV,Hyundai,2023,39,95.1,2030-05-26 22:30:00,2030-05-26 23:06:00,0.6,Mysore Station 2,Normal,39,11.4,262.0,136.80000000000001,EV Fleet India,Mysore,Completed,Good,D1600,Cloudy,22.5,76.0,26.32,Healthy
EV1601,Tata Nexon EV,Tata,2023,40,95.4,2030-05-27 03:00:00,2030-05-27 03:20:00,0.33,Mysore Station 1,Fast,33,14.3,222.0,171.6,EV Fleet India,Mysore,Completed,Good,D1601,Cloudy,22.5,76.0,26.32,Healthy
EV1602,Tata Nexon EV,Tata,2023,40,97.6,2030-05-28 08:45:00,2030-05-28 09:50:00,1.08,Hubli Station 1,Normal,32,20.0,67.0,240,City EV,Hubli,Completed,Good,D1602,Rainy,22.5,76.0,26.32,Healthy
EV1603,Mahindra XUV400,Mahindra,2023,39,93.8,2030-05-29 11:45:00,2030-05-29 12:05:00,0.33,Mangalore Station 1,Fast,33,15.9,289.0,190.8,Premium Fleet,Mangalore,Completed,Good,D1603,Rainy,22.5,76.0,26.32,Healthy
EV1604,MG Comet EV,MG,2023,17,97.1,2030-05-30 12:45:00,2030-05-30 13:12:00,0.45,Mangalore Station 2,Normal,39,6.3,104.0,75.599999999999994,Premium Fleet,Mangalore,Completed,Good,D1604,Rainy,22.5,76.0,26.32,Healthy
EV1605,Mahindra XUV400,Mahindra,2023,39,94.7,2030-05-31 06:30:00,2030-05-31 07:08:00,0.63,Bangalore Station 2,Normal,35,10.4,261.0,124.8,Premium Fleet,Bangalore,Completed,Good,D1605,Sunny,22.5,76.0,26.32,Healthy
EV1606,BYD Seal,BYD,2023,82,97.7,2030-06-01 16:45:00,2030-06-01 17:38:00,0.88,Mangalore Station 1,Fast,36,44.2,286.0,530.4,Green Mobility,Mangalore,Completed,Good,D1606,Cloudy,22.5,76.0,26.32,Healthy
EV1607,Mahindra XUV400,Mahindra,2023,39,95.0,2030-06-02 13:30:00,2030-06-02 14:18:00,0.8,Hubli Station 1,Normal,31,15.6,295.0,187.2,Eco Drive,Hubli,Completed,Good,D1607,Rainy,22.5,76.0,26.32,Healthy
EV1608,Tata Curvv EV,Tata,2023,55,98.6,2030-06-03 15:30:00,2030-06-03 16:18:00,0.8,Hubli Station 2,Normal,29,13.4,170.0,160.80000000000001,Green Mobility,Hubli,Completed,Good,D1608,Sunny,22.5,76.0,26.32,Healthy
EV1609,Kia EV6,Kia,2023,77,96.7,2030-06-04 14:00:00,2030-06-04 17:18:00,3.3,Hubli Station 1,Normal,29,57.4,87.0,688.8,Premium Fleet,Hubli,Completed,Good,D1609,Sunny,22.5,76.0,26.32,Healthy
EV1610,MG ZS EV,MG,2023,50,97.7,2030-06-05 17:15:00,2030-06-05 17:43:00,0.47,Bangalore Station 1,Fast,35,25.0,180.0,300,Eco Drive,Bangalore,Completed,Good,D1610,Rainy,22.5,76.0,26.32,Healthy
EV1611,Mahindra XUV400,Mahindra,2023,39,92.9,2030-06-06 22:45:00,2030-06-06 23:08:00,0.38,Mangalore Station 2,Fast,31,14.0,195.0,168,City EV,Mangalore,Completed,Good,D1611,Rainy,22.5,76.0,26.32,Healthy
EV1612,BYD Atto 3,BYD,2023,60,92.8,2030-06-07 10:00:00,2030-06-07 11:12:00,1.2,Bangalore Station 1,Normal,35,23.0,284.0,276,EV Fleet India,Bangalore,Completed,Good,D1612,Cloudy,22.5,76.0,26.32,Healthy
EV1613,Hyundai Kona EV,Hyundai,2023,39,94.2,2030-06-08 05:00:00,2030-06-08 05:12:00,0.2,Mysore Station 1,Fast,38,13.4,209.0,160.80000000000001,City EV,Mysore,Completed,Good,D1613,Cloudy,22.5,76.0,26.32,Healthy
EV1614,Tata Curvv EV,Tata,2023,55,96.5,2030-06-09 05:00:00,2030-06-09 06:47:00,1.78,Bangalore Station 1,Normal,38,31.4,334.0,376.8,Green Mobility,Bangalore,Completed,Good,D1614,Cloudy,22.5,76.0,26.32,Healthy
EV1615,BYD Atto 3,BYD,2023,60,94.9,2030-06-10 20:45:00,2030-06-10 21:14:00,0.48,Mangalore Station 2,Fast,31,24.4,340.0,292.8,Premium Fleet,Mangalore,Completed,Good,D1615,Rainy,22.5,76.0,26.32,Healthy
EV1616,Tata Curvv EV,Tata,2023,55,95.7,2030-06-11 02:15:00,2030-06-11 03:46:00,1.52,Mangalore Station 1,Normal,38,28.0,187.0,336,Eco Drive,Mangalore,Completed,Good,D1616,Sunny,22.5,76.0,26.32,Healthy
EV1617,Kia EV6,Kia,2023,77,94.4,2030-06-12 10:00:00,2030-06-12 12:48:00,2.8,Mysore Station 1,Normal,37,48.8,117.0,585.6,Green Mobility,Mysore,Completed,Good,D1617,Rainy,22.5,76.0,26.32,Healthy
EV1618,Kia EV6,Kia,2023,77,97.5,2030-06-13 13:30:00,2030-06-13 16:27:00,2.95,Belagavi Station 1,Normal,38,53.9,349.0,646.79999999999995,Eco Drive,Belagavi,Completed,Good,D1618,Cloudy,22.5,76.0,26.32,Healthy
EV1619,BYD Atto 3,BYD,2023,60,94.1,2030-06-14 03:15:00,2030-06-14 03:54:00,0.65,Mangalore Station 2,Fast,32,26.6,333.0,319.2,Premium Fleet,Mangalore,Completed,Good,D1619,Sunny,22.5,76.0,26.32,Healthy
EV1620,Tata Curvv EV,Tata,2023,55,94.7,2030-06-15 11:15:00,2030-06-15 12:09:00,0.9,Hubli Station 1,Normal,38,15.8,117.0,189.6,Premium Fleet,Hubli,Completed,Good,D1620,Rainy,22.5,76.0,26.32,Healthy
EV1621,Mahindra XUV400,Mahindra,2023,39,98.5,2030-06-16 09:45:00,2030-06-16 11:07:00,1.37,Mysore Station 1,Normal,34,25.9,207.0,310.8,EV Fleet India,Mysore,Completed,Good,D1621,Rainy,22.5,76.0,26.32,Healthy
EV1622,Tata Punch EV,Tata,2023,35,94.7,2030-06-17 14:45:00,2030-06-17 15:20:00,0.58,Belagavi Station 1,Fast,27,24.0,334.0,288,Premium Fleet,Belagavi,Completed,Good,D1622,Cloudy,22.5,76.0,26.32,Healthy
EV1623,BYD Atto 3,BYD,2023,60,98.6,2030-06-18 03:00:00,2030-06-18 03:14:00,0.23,Bangalore Station 1,Fast,39,16.3,268.0,195.6,EV Fleet India,Bangalore,Completed,Good,D1623,Cloudy,22.5,76.0,26.32,Healthy
EV1624,MG ZS EV,MG,2023,50,93.1,2030-06-19 14:15:00,2030-06-19 15:01:00,0.77,Mangalore Station 2,Fast,34,36.5,150.0,438,Green Mobility,Mangalore,Completed,Good,D1624,Cloudy,22.5,76.0,26.32,Healthy
EV1625,BYD Atto 3,BYD,2023,60,96.6,2030-06-20 12:30:00,2030-06-20 14:08:00,1.63,Bangalore Station 2,Normal,32,30.1,309.0,361.2,Eco Drive,Bangalore,Completed,Good,D1625,Cloudy,22.5,76.0,26.32,Healthy
EV1626,Hyundai Kona EV,Hyundai,2023,39,96.4,2030-06-21 03:15:00,2030-06-21 04:26:00,1.18,Mysore Station 2,Normal,39,22.7,90.0,272.39999999999998,Green Mobility,Mysore,Completed,Good,D1626,Sunny,22.5,76.0,26.32,Healthy
EV1627,MG ZS EV,MG,2023,50,94.8,2030-06-22 13:00:00,2030-06-22 13:38:00,0.63,Belagavi Station 2,Normal,32,11.1,89.0,133.19999999999999,EV Fleet India,Belagavi,Completed,Good,D1627,Rainy,22.5,76.0,26.32,Healthy
EV1628,Mahindra XUV400,Mahindra,2023,39,96.1,2030-06-23 08:15:00,2030-06-23 09:14:00,0.98,Mysore Station 2,Normal,29,18.1,348.0,217.2,Premium Fleet,Mysore,Completed,Good,D1628,Sunny,22.5,76.0,26.32,Healthy
EV1629,Tata Nexon EV,Tata,2023,40,93.9,2030-06-24 01:00:00,2030-06-24 02:05:00,1.08,Mangalore Station 2,Normal,37,19.5,134.0,234,City EV,Mangalore,Completed,Good,D1629,Rainy,22.5,76.0,26.32,Healthy
EV1630,BYD Atto 3,BYD,2023,60,97.3,2030-06-25 06:30:00,2030-06-25 07:48:00,1.3,Bangalore Station 1,Normal,34,21.5,218.0,258,Green Mobility,Bangalore,Completed,Good,D1630,Rainy,22.5,76.0,26.32,Healthy
EV1631,BYD Seal,BYD,2023,82,97.9,2030-06-26 11:45:00,2030-06-26 13:04:00,1.32,Hubli Station 1,Fast,34,59.3,319.0,711.6,City EV,Hubli,Completed,Good,D1631,Sunny,22.5,76.0,26.32,Healthy
EV1632,Kia EV6,Kia,2023,77,97.7,2030-06-27 16:15:00,2030-06-27 18:03:00,1.8,Mysore Station 1,Normal,31,31.6,77.0,379.2,EV Fleet India,Mysore,Completed,Good,D1632,Cloudy,22.5,76.0,26.32,Healthy
EV1633,Tata Curvv EV,Tata,2023,55,97.8,2030-06-28 17:45:00,2030-06-28 18:18:00,0.55,Hubli Station 2,Fast,30,30.4,260.0,364.8,Green Mobility,Hubli,Completed,Good,D1633,Cloudy,22.5,76.0,26.32,Healthy
EV1634,MG Comet EV,MG,2023,17,95.5,2030-06-29 22:30:00,2030-06-29 23:05:00,0.58,Bangalore Station 2,Normal,27,10.0,317.0,120,EV Fleet India,Bangalore,Completed,Good,D1634,Rainy,22.5,76.0,26.32,Healthy
EV1635,Tata Nexon EV,Tata,2023,40,97.8,2030-06-30 12:15:00,2030-06-30 13:27:00,1.2,Bangalore Station 2,Normal,30,19.2,297.0,230.4,Green Mobility,Bangalore,Completed,Good,D1635,Rainy,22.5,76.0,26.32,Healthy
EV1636,Kia EV6,Kia,2023,77,96.6,2030-07-01 06:30:00,2030-07-01 07:17:00,0.78,Bangalore Station 2,Fast,31,37.2,188.0,446.4,Eco Drive,Bangalore,Completed,Good,D1636,Sunny,22.5,76.0,26.32,Healthy
EV1637,Hyundai Kona EV,Hyundai,2023,39,95.2,2030-07-02 18:45:00,2030-07-02 19:10:00,0.42,Mangalore Station 2,Fast,31,21.1,254.0,253.2,Premium Fleet,Mangalore,Completed,Good,D1637,Rainy,22.5,76.0,26.32,Healthy
EV1638,Tata Curvv EV,Tata,2023,55,97.6,2030-07-03 06:45:00,2030-07-03 08:28:00,1.72,Hubli Station 1,Normal,39,31.8,101.0,381.6,Green Mobility,Hubli,Completed,Good,D1638,Cloudy,22.5,76.0,26.32,Healthy
EV1639,Tata Nexon EV,Tata,2023,40,97.0,2030-07-04 13:15:00,2030-07-04 14:30:00,1.25,Bangalore Station 1,Normal,37,20.9,70.0,250.8,Premium Fleet,Bangalore,Completed,Good,D1639,Rainy,22.5,76.0,26.32,Healthy
EV1640,MG Comet EV,MG,2023,17,93.4,2030-07-05 04:30:00,2030-07-05 04:48:00,0.3,Mangalore Station 1,Fast,32,9.6,328.0,115.2,Premium Fleet,Mangalore,Completed,Good,D1640,Cloudy,22.5,76.0,26.32,Healthy
EV1641,BYD Seal,BYD,2023,82,96.9,2030-07-06 12:15:00,2030-07-06 14:32:00,2.28,Mangalore Station 1,Normal,34,41.7,85.0,500.4,Eco Drive,Mangalore,Completed,Good,D1641,Sunny,22.5,76.0,26.32,Healthy
EV1642,Tata Curvv EV,Tata,2023,55,96.6,2030-07-07 17:15:00,2030-07-07 17:46:00,0.52,Hubli Station 1,Fast,36,26.0,245.0,312,Eco Drive,Hubli,Completed,Good,D1642,Cloudy,22.5,76.0,26.32,Healthy
EV1643,MG ZS EV,MG,2023,50,93.0,2030-07-08 17:30:00,2030-07-08 17:47:00,0.28,Hubli Station 1,Fast,39,16.5,203.0,198,Eco Drive,Hubli,Completed,Good,D1643,Sunny,22.5,76.0,26.32,Healthy
EV1644,Kia EV6,Kia,2023,77,93.0,2030-07-09 17:45:00,2030-07-09 18:41:00,0.93,Mangalore Station 1,Fast,30,46.1,190.0,553.20000000000005,Eco Drive,Mangalore,Completed,Good,D1644,Sunny,22.5,76.0,26.32,Healthy
EV1645,BYD Atto 3,BYD,2023,60,97.4,2030-07-10 22:30:00,2030-07-10 23:03:00,0.55,Belagavi Station 2,Fast,31,25.8,253.0,309.60000000000002,City EV,Belagavi,Completed,Good,D1645,Cloudy,22.5,76.0,26.32,Healthy
EV1646,BYD Seal,BYD,2023,82,96.7,2030-07-11 18:30:00,2030-07-11 21:38:00,3.13,Mysore Station 2,Normal,39,55.6,156.0,667.2,Premium Fleet,Mysore,Completed,Good,D1646,Sunny,22.5,76.0,26.32,Healthy
EV1647,Tata Curvv EV,Tata,2023,55,94.0,2030-07-12 12:00:00,2030-07-12 12:44:00,0.73,Mangalore Station 2,Fast,39,41.6,72.0,499.2,City EV,Mangalore,Completed,Good,D1647,Sunny,22.5,76.0,26.32,Healthy
EV1648,BYD Atto 3,BYD,2023,60,96.0,2030-07-13 09:00:00,2030-07-13 10:42:00,1.7,Mangalore Station 1,Normal,32,29.7,100.0,356.4,Green Mobility,Mangalore,Completed,Good,D1648,Cloudy,22.5,76.0,26.32,Healthy
EV1649,Tata Nexon EV,Tata,2023,40,96.6,2030-07-14 08:30:00,2030-07-14 09:26:00,0.93,Mysore Station 2,Normal,30,18.5,217.0,222,Green Mobility,Mysore,Completed,Good,D1649,Cloudy,22.5,76.0,26.32,Healthy
EV1650,Hyundai Kona EV,Hyundai,2023,39,93.4,2030-07-15 20:30:00,2030-07-15 21:36:00,1.1,Belagavi Station 2,Normal,36,18.8,305.0,225.6,Premium Fleet,Belagavi,Completed,Good,D1650,Rainy,22.5,76.0,26.32,Healthy
EV1651,MG Comet EV,MG,2023,17,93.4,2030-07-16 11:30:00,2030-07-16 11:41:00,0.18,Belagavi Station 1,Fast,36,10.3,311.0,123.6,City EV,Belagavi,Completed,Good,D1651,Rainy,22.5,76.0,26.32,Healthy
EV1652,Hyundai Kona EV,Hyundai,2023,39,95.4,2030-07-17 15:45:00,2030-07-17 16:20:00,0.58,Mysore Station 1,Normal,38,11.1,158.0,133.19999999999999,Premium Fleet,Mysore,Completed,Good,D1652,Sunny,22.5,76.0,26.32,Healthy
EV1653,BYD Seal,BYD,2023,82,94.9,2030-07-18 16:00:00,2030-07-18 17:04:00,1.07,Hubli Station 1,Fast,34,54.6,69.0,655.20000000000005,Premium Fleet,Hubli,Completed,Good,D1653,Cloudy,22.5,76.0,26.32,Healthy
EV1654,Tata Nexon EV,Tata,2023,40,94.9,2030-07-19 01:45:00,2030-07-19 02:24:00,0.65,Mysore Station 2,Normal,34,12.6,250.0,151.19999999999999,City EV,Mysore,Completed,Good,D1654,Sunny,22.5,76.0,26.32,Healthy
EV1655,Kia EV6,Kia,2023,77,94.8,2030-07-20 10:00:00,2030-07-20 12:03:00,2.05,Mangalore Station 2,Normal,39,36.8,74.0,441.6,Eco Drive,Mangalore,Completed,Good,D1655,Sunny,22.5,76.0,26.32,Healthy
EV1656,BYD Seal,BYD,2023,82,94.8,2030-07-21 05:30:00,2030-07-21 06:05:00,0.58,Hubli Station 2,Fast,39,28.4,233.0,340.8,Premium Fleet,Hubli,Completed,Good,D1656,Cloudy,22.5,76.0,26.32,Healthy
EV1657,Hyundai Kona EV,Hyundai,2023,39,95.1,2030-07-22 01:00:00,2030-07-22 01:16:00,0.27,Mangalore Station 2,Fast,36,15.1,113.0,181.2,Premium Fleet,Mangalore,Completed,Good,D1657,Sunny,22.5,76.0,26.32,Healthy
EV1658,MG ZS EV,MG,2023,50,92.9,2030-07-23 12:45:00,2030-07-23 14:05:00,1.33,Mysore Station 2,Normal,33,24.1,161.0,289.2,Eco Drive,Mysore,Completed,Good,D1658,Sunny,22.5,76.0,26.32,Healthy
EV1659,Mahindra XUV400,Mahindra,2023,39,96.0,2030-07-24 21:00:00,2030-07-24 21:08:00,0.13,Hubli Station 2,Fast,27,9.0,84.0,108,Green Mobility,Hubli,Completed,Good,D1659,Rainy,22.5,76.0,26.32,Healthy
EV1660,MG ZS EV,MG,2023,50,96.0,2030-07-25 14:15:00,2030-07-25 14:51:00,0.6,Belagavi Station 1,Fast,31,26.9,322.0,322.8,Green Mobility,Belagavi,Completed,Good,D1660,Sunny,22.5,76.0,26.32,Healthy
EV1661,MG Comet EV,MG,2023,17,97.0,2030-07-26 15:45:00,2030-07-26 15:54:00,0.15,Bangalore Station 1,Fast,33,8.9,205.0,106.8,City EV,Bangalore,Completed,Good,D1661,Sunny,22.5,76.0,26.32,Healthy
EV1662,Tata Nexon EV,Tata,2023,40,96.2,2030-07-27 16:30:00,2030-07-27 18:29:00,1.98,Hubli Station 2,Normal,37,33.6,162.0,403.2,Eco Drive,Hubli,Completed,Good,D1662,Sunny,22.5,76.0,26.32,Healthy
EV1663,BYD Seal,BYD,2023,82,96.1,2030-07-28 17:15:00,2030-07-28 19:32:00,2.28,Belagavi Station 1,Normal,34,42.1,66.0,505.2,Green Mobility,Belagavi,Completed,Good,D1663,Rainy,22.5,76.0,26.32,Healthy
EV1664,Kia EV6,Kia,2023,77,96.6,2030-07-29 07:15:00,2030-07-29 10:13:00,2.97,Belagavi Station 1,Normal,27,51.2,286.0,614.4,Eco Drive,Belagavi,Completed,Good,D1664,Rainy,22.5,76.0,26.32,Healthy
EV1665,Tata Curvv EV,Tata,2023,55,97.3,2030-07-30 02:45:00,2030-07-30 03:08:00,0.38,Mangalore Station 2,Fast,38,23.1,179.0,277.2,Premium Fleet,Mangalore,Completed,Good,D1665,Rainy,22.5,76.0,26.32,Healthy
EV1666,Hyundai Kona EV,Hyundai,2023,39,94.8,2030-07-31 15:30:00,2030-07-31 16:00:00,0.5,Mysore Station 1,Fast,28,19.9,110.0,238.8,EV Fleet India,Mysore,Completed,Good,D1666,Rainy,22.5,76.0,26.32,Healthy
EV1667,Kia EV6,Kia,2023,77,97.9,2030-08-01 23:30:00,2030-08-02 00:21:00,0.85,Hubli Station 1,Fast,29,41.1,237.0,493.2,City EV,Hubli,Completed,Good,D1667,Sunny,22.5,76.0,26.32,Healthy
EV1668,BYD Atto 3,BYD,2023,60,98.1,2030-08-02 22:45:00,2030-08-03 00:53:00,2.13,Mysore Station 1,Normal,34,38.4,329.0,460.8,Premium Fleet,Mysore,Completed,Good,D1668,Rainy,22.5,76.0,26.32,Healthy
EV1669,Kia EV6,Kia,2023,77,97.6,2030-08-03 14:15:00,2030-08-03 16:42:00,2.45,Mysore Station 1,Normal,30,41.7,103.0,500.4,Eco Drive,Mysore,Completed,Good,D1669,Rainy,22.5,76.0,26.32,Healthy
EV1670,Tata Nexon EV,Tata,2023,40,97.1,2030-08-04 15:00:00,2030-08-04 15:58:00,0.97,Mysore Station 1,Normal,27,18.8,80.0,225.6,City EV,Mysore,Completed,Good,D1670,Rainy,22.5,76.0,26.32,Healthy
EV1671,Mahindra XUV400,Mahindra,2023,39,95.4,2030-08-05 15:15:00,2030-08-05 16:02:00,0.78,Mangalore Station 2,Normal,33,12.9,299.0,154.80000000000001,City EV,Mangalore,Completed,Good,D1671,Sunny,22.5,76.0,26.32,Healthy
EV1672,MG ZS EV,MG,2023,50,92.7,2030-08-06 12:45:00,2030-08-06 13:50:00,1.08,Mangalore Station 2,Normal,27,19.5,318.0,234,Eco Drive,Mangalore,Completed,Good,D1672,Rainy,22.5,76.0,26.32,Healthy
EV1673,Mahindra XUV400,Mahindra,2023,39,97.9,2030-08-07 13:30:00,2030-08-07 13:51:00,0.35,Mysore Station 1,Fast,38,18.6,169.0,223.2,City EV,Mysore,Completed,Good,D1673,Cloudy,22.5,76.0,26.32,Healthy
EV1674,Tata Nexon EV,Tata,2023,40,96.1,2030-08-08 03:00:00,2030-08-08 03:25:00,0.42,Hubli Station 1,Fast,37,20.6,183.0,247.2,EV Fleet India,Hubli,Completed,Good,D1674,Rainy,22.5,76.0,26.32,Healthy
EV1675,Tata Punch EV,Tata,2023,35,98.2,2030-08-09 19:30:00,2030-08-09 19:38:00,0.13,Mysore Station 1,Fast,29,11.2,336.0,134.4,EV Fleet India,Mysore,Completed,Good,D1675,Rainy,22.5,76.0,26.32,Healthy
EV1676,MG Comet EV,MG,2023,17,97.4,2030-08-10 20:45:00,2030-08-10 21:04:00,0.32,Belagavi Station 1,Normal,29,5.6,170.0,67.2,City EV,Belagavi,Completed,Good,D1676,Cloudy,22.5,76.0,26.32,Healthy
EV1677,Tata Curvv EV,Tata,2023,55,93.0,2030-08-11 01:30:00,2030-08-11 02:17:00,0.78,Mangalore Station 2,Fast,33,36.8,267.0,441.6,Green Mobility,Mangalore,Completed,Good,D1677,Sunny,22.5,76.0,26.32,Healthy
EV1678,Kia EV6,Kia,2023,77,94.8,2030-08-12 18:45:00,2030-08-12 19:13:00,0.47,Mysore Station 1,Fast,32,23.8,249.0,285.60000000000002,Green Mobility,Mysore,Completed,Good,D1678,Sunny,22.5,76.0,26.32,Healthy
EV1679,Tata Nexon EV,Tata,2023,40,97.1,2030-08-13 13:00:00,2030-08-13 13:12:00,0.2,Hubli Station 1,Fast,35,14.2,276.0,170.4,EV Fleet India,Hubli,Completed,Good,D1679,Cloudy,22.5,76.0,26.32,Healthy
EV1680,Hyundai Kona EV,Hyundai,2023,39,93.3,2030-08-14 00:30:00,2030-08-14 01:10:00,0.67,Hubli Station 1,Normal,35,10.0,142.0,120,EV Fleet India,Hubli,Completed,Good,D1680,Sunny,22.5,76.0,26.32,Healthy
EV1681,MG Comet EV,MG,2023,17,97.8,2030-08-15 07:00:00,2030-08-15 07:18:00,0.3,Mysore Station 2,Fast,35,12.5,215.0,150,Eco Drive,Mysore,Completed,Good,D1681,Sunny,22.5,76.0,26.32,Healthy
EV1682,Kia EV6,Kia,2023,77,97.8,2030-08-16 11:30:00,2030-08-16 12:19:00,0.82,Hubli Station 2,Fast,36,36.3,272.0,435.6,Green Mobility,Hubli,Completed,Good,D1682,Rainy,22.5,76.0,26.32,Healthy
EV1683,MG ZS EV,MG,2023,50,94.4,2030-08-17 01:00:00,2030-08-17 02:05:00,1.08,Mangalore Station 1,Normal,33,18.8,304.0,225.6,Eco Drive,Mangalore,Completed,Good,D1683,Sunny,22.5,76.0,26.32,Healthy
EV1684,MG Comet EV,MG,2023,17,97.5,2030-08-18 19:30:00,2030-08-18 19:49:00,0.32,Bangalore Station 1,Fast,36,11.1,221.0,133.19999999999999,Premium Fleet,Bangalore,Completed,Good,D1684,Cloudy,22.5,76.0,26.32,Healthy
EV1685,Mahindra XUV400,Mahindra,2023,39,97.2,2030-08-19 02:00:00,2030-08-19 02:15:00,0.25,Mangalore Station 2,Fast,33,11.6,229.0,139.19999999999999,Green Mobility,Mangalore,Completed,Good,D1685,Rainy,22.5,76.0,26.32,Healthy
EV1686,Tata Curvv EV,Tata,2023,55,93.5,2030-08-20 22:15:00,2030-08-20 22:40:00,0.42,Hubli Station 1,Fast,33,19.6,273.0,235.2,City EV,Hubli,Completed,Good,D1686,Rainy,22.5,76.0,26.32,Healthy
EV1687,Tata Curvv EV,Tata,2023,55,94.2,2030-08-21 02:45:00,2030-08-21 04:32:00,1.78,Hubli Station 2,Normal,29,31.0,68.0,372,Eco Drive,Hubli,Completed,Good,D1687,Sunny,22.5,76.0,26.32,Healthy
EV1688,Hyundai Kona EV,Hyundai,2023,39,97.2,2030-08-22 17:30:00,2030-08-22 17:54:00,0.4,Hubli Station 1,Fast,39,15.0,86.0,180,City EV,Hubli,Completed,Good,D1688,Sunny,22.5,76.0,26.32,Healthy
EV1689,MG Comet EV,MG,2023,17,92.7,2030-08-23 18:15:00,2030-08-23 18:30:00,0.25,Belagavi Station 2,Fast,39,11.5,153.0,138,EV Fleet India,Belagavi,Completed,Good,D1689,Sunny,22.5,76.0,26.32,Healthy
EV1690,MG Comet EV,MG,2023,17,93.2,2030-08-24 06:30:00,2030-08-24 06:36:00,0.1,Hubli Station 1,Fast,33,6.2,191.0,74.400000000000006,Premium Fleet,Hubli,Completed,Good,D1690,Cloudy,22.5,76.0,26.32,Healthy
EV1691,Tata Curvv EV,Tata,2023,55,95.3,2030-08-25 07:30:00,2030-08-25 09:25:00,1.92,Hubli Station 1,Normal,28,35.2,62.0,422.4,City EV,Hubli,Completed,Good,D1691,Sunny,22.5,76.0,26.32,Healthy
EV1692,BYD Atto 3,BYD,2023,60,97.6,2030-08-26 01:15:00,2030-08-26 03:39:00,2.4,Belagavi Station 1,Normal,31,44.3,141.0,531.6,Eco Drive,Belagavi,Completed,Good,D1692,Rainy,22.5,76.0,26.32,Healthy
EV1693,Tata Curvv EV,Tata,2023,55,97.4,2030-08-27 22:45:00,2030-08-27 23:03:00,0.3,Bangalore Station 2,Fast,33,10.5,214.0,126,City EV,Bangalore,Completed,Good,D1693,Cloudy,22.5,76.0,26.32,Healthy
EV1694,Tata Curvv EV,Tata,2023,55,95.2,2030-08-28 18:15:00,2030-08-28 19:13:00,0.97,Mangalore Station 1,Normal,38,15.5,217.0,186,EV Fleet India,Mangalore,Completed,Good,D1694,Rainy,22.5,76.0,26.32,Healthy
EV1695,Tata Punch EV,Tata,2023,35,98.3,2030-08-29 13:15:00,2030-08-29 13:35:00,0.33,Mysore Station 2,Fast,33,18.2,169.0,218.4,Green Mobility,Mysore,Completed,Good,D1695,Cloudy,22.5,76.0,26.32,Healthy
EV1696,BYD Seal,BYD,2023,82,95.8,2030-08-30 22:15:00,2030-08-31 00:28:00,2.22,Mangalore Station 1,Normal,33,41.0,344.0,492,Green Mobility,Mangalore,Completed,Good,D1696,Cloudy,22.5,76.0,26.32,Healthy
EV1697,Mahindra XUV400,Mahindra,2023,39,94.4,2030-08-31 03:15:00,2030-08-31 03:28:00,0.22,Belagavi Station 1,Fast,36,9.0,260.0,108,Green Mobility,Belagavi,Completed,Good,D1697,Cloudy,22.5,76.0,26.32,Healthy
EV1698,Tata Nexon EV,Tata,2023,40,93.6,2030-09-01 12:45:00,2030-09-01 13:03:00,0.3,Mangalore Station 1,Fast,39,13.7,265.0,164.4,City EV,Mangalore,Completed,Good,D1698,Rainy,22.5,76.0,26.32,Healthy
EV1699,MG Comet EV,MG,2023,17,95.5,2030-09-02 14:30:00,2030-09-02 14:35:00,0.08,Hubli Station 1,Fast,29,8.8,255.0,105.6,Green Mobility,Hubli,Completed,Good,D1699,Rainy,22.5,76.0,26.32,Healthy
EV1700,MG Comet EV,MG,2023,17,93.0,2030-09-03 08:15:00,2030-09-03 08:42:00,0.45,Mangalore Station 2,Normal,35,7.8,151.0,93.6,EV Fleet India,Mangalore,Completed,Good,D1700,Cloudy,22.5,76.0,26.32,Healthy
EV1701,MG Comet EV,MG,2023,17,98.6,2030-09-04 21:00:00,2030-09-04 21:07:00,0.12,Mysore Station 2,Fast,35,10.3,157.0,123.6,Green Mobility,Mysore,Completed,Good,D1701,Sunny,22.5,76.0,26.32,Healthy
EV1702,Tata Punch EV,Tata,2023,35,96.2,2030-09-05 02:15:00,2030-09-05 02:42:00,0.45,Mysore Station 1,Fast,37,19.7,176.0,236.4,Green Mobility,Mysore,Completed,Good,D1702,Sunny,22.5,76.0,26.32,Healthy
EV1703,MG ZS EV,MG,2023,50,96.1,2030-09-06 03:30:00,2030-09-06 03:49:00,0.32,Mysore Station 2,Fast,30,17.9,317.0,214.8,Premium Fleet,Mysore,Completed,Good,D1703,Rainy,22.5,76.0,26.32,Healthy
EV1704,MG ZS EV,MG,2023,50,93.1,2030-09-07 20:30:00,2030-09-07 22:01:00,1.52,Belagavi Station 2,Normal,37,27.4,242.0,328.8,EV Fleet India,Belagavi,Completed,Good,D1704,Rainy,22.5,76.0,26.32,Healthy
EV1705,Hyundai Kona EV,Hyundai,2023,39,97.4,2030-09-08 03:15:00,2030-09-08 03:51:00,0.6,Hubli Station 2,Fast,36,24.2,216.0,290.39999999999998,Eco Drive,Hubli,Completed,Good,D1705,Rainy,22.5,76.0,26.32,Healthy
EV1706,Hyundai Kona EV,Hyundai,2023,39,96.6,2030-09-09 21:00:00,2030-09-09 21:31:00,0.52,Mangalore Station 1,Fast,37,29.2,138.0,350.4,Premium Fleet,Mangalore,Completed,Good,D1706,Rainy,22.5,76.0,26.32,Healthy
EV1707,MG ZS EV,MG,2023,50,97.4,2030-09-10 23:00:00,2030-09-10 23:59:00,0.98,Bangalore Station 1,Normal,28,18.4,344.0,220.8,Premium Fleet,Bangalore,Completed,Good,D1707,Sunny,22.5,76.0,26.32,Healthy
EV1708,Tata Punch EV,Tata,2023,35,92.7,2030-09-11 13:00:00,2030-09-11 13:09:00,0.15,Mangalore Station 2,Fast,38,7.3,284.0,87.6,City EV,Mangalore,Completed,Good,D1708,Sunny,22.5,76.0,26.32,Healthy
EV1709,MG Comet EV,MG,2023,17,94.9,2030-09-12 22:30:00,2030-09-12 22:47:00,0.28,Mangalore Station 1,Fast,29,8.0,299.0,96,Eco Drive,Mangalore,Completed,Good,D1709,Sunny,22.5,76.0,26.32,Healthy
EV1710,BYD Seal,BYD,2023,82,98.5,2030-09-13 22:15:00,2030-09-14 00:05:00,1.83,Mangalore Station 1,Normal,35,30.8,317.0,369.6,Eco Drive,Mangalore,Completed,Good,D1710,Cloudy,22.5,76.0,26.32,Healthy
EV1711,MG ZS EV,MG,2023,50,96.2,2030-09-14 03:45:00,2030-09-14 04:14:00,0.48,Mangalore Station 1,Fast,29,19.6,75.0,235.2,Green Mobility,Mangalore,Completed,Good,D1711,Sunny,22.5,76.0,26.32,Healthy
EV1712,BYD Seal,BYD,2023,82,94.1,2030-09-15 08:00:00,2030-09-15 10:12:00,2.2,Bangalore Station 2,Normal,35,37.4,260.0,448.8,EV Fleet India,Bangalore,Completed,Good,D1712,Sunny,22.5,76.0,26.32,Healthy
EV1713,BYD Atto 3,BYD,2023,60,96.3,2030-09-16 08:15:00,2030-09-16 09:16:00,1.02,Mangalore Station 1,Normal,30,17.8,131.0,213.6,Green Mobility,Mangalore,Completed,Good,D1713,Rainy,22.5,76.0,26.32,Healthy
EV1714,Tata Curvv EV,Tata,2023,55,97.1,2030-09-17 03:15:00,2030-09-17 04:17:00,1.03,Mysore Station 1,Fast,37,47.2,127.0,566.4,City EV,Mysore,Completed,Good,D1714,Rainy,22.5,76.0,26.32,Healthy
EV1715,BYD Atto 3,BYD,2023,60,95.5,2030-09-18 04:30:00,2030-09-18 06:44:00,2.23,Bangalore Station 1,Normal,38,38.1,72.0,457.2,Eco Drive,Bangalore,Completed,Good,D1715,Rainy,22.5,76.0,26.32,Healthy
EV1716,Mahindra XUV400,Mahindra,2023,39,93.3,2030-09-19 20:00:00,2030-09-19 20:33:00,0.55,Mysore Station 2,Fast,37,31.3,187.0,375.6,EV Fleet India,Mysore,Completed,Good,D1716,Cloudy,22.5,76.0,26.32,Healthy
EV1717,Tata Curvv EV,Tata,2023,55,95.8,2030-09-20 21:30:00,2030-09-20 22:01:00,0.52,Mysore Station 2,Fast,35,24.9,75.0,298.8,City EV,Mysore,Completed,Good,D1717,Rainy,22.5,76.0,26.32,Healthy
EV1718,Hyundai Kona EV,Hyundai,2023,39,93.1,2030-09-21 00:00:00,2030-09-21 00:29:00,0.48,Mysore Station 1,Fast,29,19.9,338.0,238.8,EV Fleet India,Mysore,Completed,Good,D1718,Cloudy,22.5,76.0,26.32,Healthy
EV1719,Hyundai Kona EV,Hyundai,2023,39,92.7,2030-09-22 14:45:00,2030-09-22 15:17:00,0.53,Hubli Station 2,Fast,30,24.8,141.0,297.60000000000002,Eco Drive,Hubli,Completed,Good,D1719,Sunny,22.5,76.0,26.32,Healthy
EV1720,Tata Curvv EV,Tata,2023,55,93.7,2030-09-23 01:45:00,2030-09-23 02:20:00,0.58,Belagavi Station 1,Fast,35,28.8,311.0,345.6,Green Mobility,Belagavi,Completed,Good,D1720,Cloudy,22.5,76.0,26.32,Healthy
EV1721,Hyundai Kona EV,Hyundai,2023,39,96.8,2030-09-24 15:00:00,2030-09-24 15:34:00,0.57,Hubli Station 2,Fast,38,31.7,314.0,380.4,Eco Drive,Hubli,Completed,Good,D1721,Sunny,22.5,76.0,26.32,Healthy
EV1722,BYD Seal,BYD,2023,82,95.9,2030-09-25 14:00:00,2030-09-25 14:27:00,0.45,Belagavi Station 1,Fast,36,19.0,216.0,228,City EV,Belagavi,Completed,Good,D1722,Rainy,22.5,76.0,26.32,Healthy
EV1723,Tata Nexon EV,Tata,2023,40,96.6,2030-09-26 15:30:00,2030-09-26 16:23:00,0.88,Belagavi Station 1,Normal,36,17.3,245.0,207.6,Premium Fleet,Belagavi,Completed,Good,D1723,Rainy,22.5,76.0,26.32,Healthy
EV1724,MG ZS EV,MG,2023,50,98.0,2030-09-27 19:15:00,2030-09-27 20:33:00,1.3,Hubli Station 2,Normal,38,22.4,74.0,268.8,Premium Fleet,Hubli,Completed,Good,D1724,Cloudy,22.5,76.0,26.32,Healthy
EV1725,Hyundai Kona EV,Hyundai,2023,39,93.2,2030-09-28 07:15:00,2030-09-28 07:51:00,0.6,Mangalore Station 2,Fast,38,30.1,224.0,361.2,Premium Fleet,Mangalore,Completed,Good,D1725,Rainy,22.5,76.0,26.32,Healthy
EV1726,BYD Seal,BYD,2023,82,93.7,2030-09-29 08:45:00,2030-09-29 09:41:00,0.93,Belagavi Station 2,Fast,37,51.6,329.0,619.20000000000005,Premium Fleet,Belagavi,Completed,Good,D1726,Sunny,22.5,76.0,26.32,Healthy
EV1727,Mahindra XUV400,Mahindra,2023,39,95.2,2030-09-30 13:45:00,2030-09-30 14:23:00,0.63,Belagavi Station 1,Fast,38,26.4,310.0,316.8,City EV,Belagavi,Completed,Good,D1727,Cloudy,22.5,76.0,26.32,Healthy
EV1728,Tata Curvv EV,Tata,2023,55,96.4,2030-10-01 18:45:00,2030-10-01 19:14:00,0.48,Belagavi Station 2,Fast,35,17.9,206.0,214.8,City EV,Belagavi,Completed,Good,D1728,Cloudy,22.5,76.0,26.32,Healthy
EV1729,BYD Atto 3,BYD,2023,60,95.7,2030-10-02 18:00:00,2030-10-02 18:47:00,0.78,Mangalore Station 2,Fast,35,40.9,60.0,490.8,EV Fleet India,Mangalore,Completed,Good,D1729,Sunny,22.5,76.0,26.32,Healthy
EV1730,Tata Curvv EV,Tata,2023,55,92.7,2030-10-03 02:00:00,2030-10-03 02:30:00,0.5,Mangalore Station 1,Fast,35,27.3,215.0,327.60000000000002,Eco Drive,Mangalore,Completed,Good,D1730,Cloudy,22.5,76.0,26.32,Healthy
EV1731,Mahindra XUV400,Mahindra,2023,39,94.5,2030-10-04 03:30:00,2030-10-04 04:32:00,1.03,Mangalore Station 2,Normal,34,20.1,148.0,241.2,Green Mobility,Mangalore,Completed,Good,D1731,Cloudy,22.5,76.0,26.32,Healthy
EV1732,BYD Atto 3,BYD,2023,60,94.6,2030-10-05 13:15:00,2030-10-05 14:50:00,1.58,Belagavi Station 1,Normal,27,29.6,65.0,355.2,City EV,Belagavi,Completed,Good,D1732,Cloudy,22.5,76.0,26.32,Healthy
EV1733,Mahindra XUV400,Mahindra,2023,39,95.2,2030-10-06 04:00:00,2030-10-06 04:07:00,0.12,Bangalore Station 2,Fast,37,10.5,207.0,126,Eco Drive,Bangalore,Completed,Good,D1733,Sunny,22.5,76.0,26.32,Healthy
EV1734,MG Comet EV,MG,2023,17,95.7,2030-10-07 12:15:00,2030-10-07 12:58:00,0.72,Hubli Station 1,Normal,32,11.3,255.0,135.6,Green Mobility,Hubli,Completed,Good,D1734,Rainy,22.5,76.0,26.32,Healthy
EV1735,BYD Seal,BYD,2023,82,95.4,2030-10-08 21:15:00,2030-10-09 00:06:00,2.85,Mysore Station 1,Normal,30,50.0,165.0,600,Eco Drive,Mysore,Completed,Good,D1735,Cloudy,22.5,76.0,26.32,Healthy
EV1736,BYD Seal,BYD,2023,82,92.7,2030-10-09 04:00:00,2030-10-09 06:00:00,2.0,Mangalore Station 2,Normal,31,35.8,122.0,429.6,Eco Drive,Mangalore,Completed,Good,D1736,Cloudy,22.5,76.0,26.32,Healthy
EV1737,MG ZS EV,MG,2023,50,94.9,2030-10-10 03:30:00,2030-10-10 03:49:00,0.32,Mangalore Station 2,Fast,30,20.7,220.0,248.4,EV Fleet India,Mangalore,Completed,Good,D1737,Sunny,22.5,76.0,26.32,Healthy
EV1738,BYD Seal,BYD,2023,82,97.7,2030-10-11 20:30:00,2030-10-11 21:39:00,1.15,Mangalore Station 2,Fast,29,55.3,326.0,663.6,Premium Fleet,Mangalore,Completed,Good,D1738,Rainy,22.5,76.0,26.32,Healthy
EV1739,BYD Atto 3,BYD,2023,60,94.3,2030-10-12 02:45:00,2030-10-12 04:01:00,1.27,Mangalore Station 2,Normal,27,23.2,331.0,278.39999999999998,City EV,Mangalore,Completed,Good,D1739,Rainy,22.5,76.0,26.32,Healthy
EV1740,MG Comet EV,MG,2023,17,96.0,2030-10-13 03:30:00,2030-10-13 03:37:00,0.12,Hubli Station 2,Fast,37,5.0,181.0,60,EV Fleet India,Hubli,Completed,Good,D1740,Sunny,22.5,76.0,26.32,Healthy
EV1741,BYD Atto 3,BYD,2023,60,94.9,2030-10-14 10:30:00,2030-10-14 11:14:00,0.73,Belagavi Station 2,Fast,34,34.3,236.0,411.6,City EV,Belagavi,Completed,Good,D1741,Sunny,22.5,76.0,26.32,Healthy
EV1742,Mahindra XUV400,Mahindra,2023,39,96.7,2030-10-15 16:00:00,2030-10-15 16:19:00,0.32,Hubli Station 2,Fast,28,19.7,101.0,236.4,City EV,Hubli,Completed,Good,D1742,Rainy,22.5,76.0,26.32,Healthy
EV1743,Tata Nexon EV,Tata,2023,40,94.2,2030-10-16 08:00:00,2030-10-16 08:34:00,0.57,Bangalore Station 2,Fast,31,26.5,177.0,318,Eco Drive,Bangalore,Completed,Good,D1743,Rainy,22.5,76.0,26.32,Healthy
EV1744,Kia EV6,Kia,2023,77,96.6,2030-10-17 16:00:00,2030-10-17 16:37:00,0.62,Belagavi Station 2,Fast,36,34.4,208.0,412.8,EV Fleet India,Belagavi,Completed,Good,D1744,Cloudy,22.5,76.0,26.32,Healthy
EV1745,Tata Curvv EV,Tata,2023,55,94.2,2030-10-18 09:30:00,2030-10-18 09:42:00,0.2,Bangalore Station 1,Fast,38,14.4,71.0,172.8,Premium Fleet,Bangalore,Completed,Good,D1745,Rainy,22.5,76.0,26.32,Healthy
EV1746,Tata Curvv EV,Tata,2023,55,95.0,2030-10-19 02:15:00,2030-10-19 03:43:00,1.47,Mysore Station 1,Normal,27,26.5,334.0,318,City EV,Mysore,Completed,Good,D1746,Sunny,22.5,76.0,26.32,Healthy
EV1747,MG ZS EV,MG,2023,50,96.8,2030-10-20 21:15:00,2030-10-20 22:59:00,1.73,Mangalore Station 2,Normal,33,31.4,211.0,376.8,Green Mobility,Mangalore,Completed,Good,D1747,Sunny,22.5,76.0,26.32,Healthy
EV1748,BYD Atto 3,BYD,2023,60,97.6,2030-10-21 06:00:00,2030-10-21 07:16:00,1.27,Mangalore Station 2,Normal,32,22.9,216.0,274.8,Green Mobility,Mangalore,Completed,Good,D1748,Cloudy,22.5,76.0,26.32,Healthy
EV1749,BYD Seal,BYD,2023,82,96.7,2030-10-22 14:15:00,2030-10-22 14:51:00,0.6,Hubli Station 2,Fast,32,31.1,153.0,373.2,City EV,Hubli,Completed,Good,D1749,Rainy,22.5,76.0,26.32,Healthy
EV1750,BYD Seal,BYD,2023,82,98.4,2030-10-23 11:30:00,2030-10-23 13:25:00,1.92,Mysore Station 1,Normal,29,35.0,108.0,420,Premium Fleet,Mysore,Completed,Good,D1750,Rainy,22.5,76.0,26.32,Healthy
EV1751,Kia EV6,Kia,2023,77,92.6,2030-10-24 07:45:00,2030-10-24 10:41:00,2.93,Mangalore Station 1,Normal,30,51.8,77.0,621.6,City EV,Mangalore,Completed,Good,D1751,Sunny,22.5,76.0,26.32,Healthy
EV1752,Kia EV6,Kia,2023,77,96.1,2030-10-25 22:30:00,2030-10-26 00:20:00,1.83,Belagavi Station 2,Normal,28,31.3,195.0,375.6,Premium Fleet,Belagavi,Completed,Good,D1752,Sunny,22.5,76.0,26.32,Healthy
EV1753,BYD Seal,BYD,2023,82,96.3,2030-10-26 06:30:00,2030-10-26 08:02:00,1.53,Mangalore Station 1,Normal,37,29.2,326.0,350.4,EV Fleet India,Mangalore,Completed,Good,D1753,Sunny,22.5,76.0,26.32,Healthy
EV1754,MG Comet EV,MG,2023,17,98.2,2030-10-27 10:30:00,2030-10-27 10:44:00,0.23,Belagavi Station 2,Fast,32,6.4,260.0,76.8,Green Mobility,Belagavi,Completed,Good,D1754,Sunny,22.5,76.0,26.32,Healthy
EV1755,Mahindra XUV400,Mahindra,2023,39,98.6,2030-10-28 03:45:00,2030-10-28 05:10:00,1.42,Mysore Station 2,Normal,28,26.3,69.0,315.60000000000002,Green Mobility,Mysore,Completed,Good,D1755,Sunny,22.5,76.0,26.32,Healthy
EV1756,Hyundai Kona EV,Hyundai,2023,39,94.8,2030-10-29 12:45:00,2030-10-29 13:12:00,0.45,Hubli Station 1,Fast,29,24.7,146.0,296.39999999999998,Eco Drive,Hubli,Completed,Good,D1756,Cloudy,22.5,76.0,26.32,Healthy
EV1757,BYD Atto 3,BYD,2023,60,95.4,2030-10-30 21:45:00,2030-10-30 23:04:00,1.32,Mysore Station 2,Normal,31,25.1,67.0,301.2,EV Fleet India,Mysore,Completed,Good,D1757,Rainy,22.5,76.0,26.32,Healthy
EV1758,BYD Seal,BYD,2023,82,96.7,2030-10-31 17:15:00,2030-10-31 17:30:00,0.25,Bangalore Station 1,Fast,28,15.8,277.0,189.6,EV Fleet India,Bangalore,Completed,Good,D1758,Sunny,22.5,76.0,26.32,Healthy
EV1759,BYD Atto 3,BYD,2023,60,95.0,2030-11-01 20:15:00,2030-11-01 23:11:00,2.93,Belagavi Station 2,Normal,34,51.2,127.0,614.4,Green Mobility,Belagavi,Completed,Good,D1759,Cloudy,22.5,76.0,26.32,Healthy
EV1760,Tata Punch EV,Tata,2023,35,94.7,2030-11-02 07:15:00,2030-11-02 08:19:00,1.07,Belagavi Station 2,Normal,28,18.0,172.0,216,EV Fleet India,Belagavi,Completed,Good,D1760,Sunny,22.5,76.0,26.32,Healthy
EV1761,Mahindra XUV400,Mahindra,2023,39,98.0,2030-11-03 20:15:00,2030-11-03 20:51:00,0.6,Mysore Station 1,Fast,39,26.1,263.0,313.2,Green Mobility,Mysore,Completed,Good,D1761,Rainy,22.5,76.0,26.32,Healthy
EV1762,Tata Punch EV,Tata,2023,35,98.3,2030-11-04 00:30:00,2030-11-04 00:33:00,0.05,Bangalore Station 2,Fast,29,7.4,200.0,88.8,EV Fleet India,Bangalore,Completed,Good,D1762,Cloudy,22.5,76.0,26.32,Healthy
EV1763,BYD Seal,BYD,2023,82,95.9,2030-11-05 21:00:00,2030-11-05 21:34:00,0.57,Belagavi Station 1,Fast,32,29.1,187.0,349.2,City EV,Belagavi,Completed,Good,D1763,Sunny,22.5,76.0,26.32,Healthy
EV1764,MG Comet EV,MG,2023,17,97.0,2030-11-06 20:15:00,2030-11-06 20:22:00,0.12,Belagavi Station 2,Fast,37,9.6,61.0,115.2,City EV,Belagavi,Completed,Good,D1764,Rainy,22.5,76.0,26.32,Healthy
EV1765,MG Comet EV,MG,2023,17,96.4,2030-11-07 07:45:00,2030-11-07 08:05:00,0.33,Bangalore Station 1,Normal,27,7.3,314.0,87.6,Premium Fleet,Bangalore,Completed,Good,D1765,Cloudy,22.5,76.0,26.32,Healthy
EV1766,Kia EV6,Kia,2023,77,96.0,2030-11-08 02:30:00,2030-11-08 03:35:00,1.08,Hubli Station 1,Fast,37,52.3,98.0,627.6,Green Mobility,Hubli,Completed,Good,D1766,Cloudy,22.5,76.0,26.32,Healthy
EV1767,Tata Nexon EV,Tata,2023,40,97.8,2030-11-09 12:15:00,2030-11-09 12:28:00,0.22,Belagavi Station 1,Fast,29,14.6,80.0,175.2,Premium Fleet,Belagavi,Completed,Good,D1767,Cloudy,22.5,76.0,26.32,Healthy
EV1768,Tata Punch EV,Tata,2023,35,97.6,2030-11-10 09:15:00,2030-11-10 09:44:00,0.48,Mysore Station 1,Normal,33,7.7,275.0,92.4,EV Fleet India,Mysore,Completed,Good,D1768,Cloudy,22.5,76.0,26.32,Healthy
EV1769,MG ZS EV,MG,2023,50,95.2,2030-11-11 19:15:00,2030-11-11 19:56:00,0.68,Mangalore Station 2,Fast,32,36.0,94.0,432,Premium Fleet,Mangalore,Completed,Good,D1769,Cloudy,22.5,76.0,26.32,Healthy
EV1770,Mahindra XUV400,Mahindra,2023,39,94.2,2030-11-12 03:00:00,2030-11-12 03:35:00,0.58,Mangalore Station 2,Fast,38,24.6,245.0,295.2,Green Mobility,Mangalore,Completed,Good,D1770,Rainy,22.5,76.0,26.32,Healthy
EV1771,Tata Nexon EV,Tata,2023,40,94.0,2030-11-13 09:45:00,2030-11-13 10:16:00,0.52,Hubli Station 2,Normal,36,10.7,105.0,128.4,Eco Drive,Hubli,Completed,Good,D1771,Rainy,22.5,76.0,26.32,Healthy
EV1772,BYD Seal,BYD,2023,82,94.8,2030-11-14 03:15:00,2030-11-14 03:55:00,0.67,Belagavi Station 2,Fast,35,36.2,289.0,434.4,EV Fleet India,Belagavi,Completed,Good,D1772,Cloudy,22.5,76.0,26.32,Healthy
EV1773,MG ZS EV,MG,2023,50,97.2,2030-11-15 16:00:00,2030-11-15 16:27:00,0.45,Mangalore Station 1,Fast,27,18.3,82.0,219.6,EV Fleet India,Mangalore,Completed,Good,D1773,Cloudy,22.5,76.0,26.32,Healthy
EV1774,BYD Atto 3,BYD,2023,60,95.8,2030-11-16 07:15:00,2030-11-16 08:04:00,0.82,Hubli Station 1,Fast,31,39.4,130.0,472.8,City EV,Hubli,Completed,Good,D1774,Sunny,22.5,76.0,26.32,Healthy
EV1775,Mahindra XUV400,Mahindra,2023,39,97.7,2030-11-17 23:15:00,2030-11-17 23:42:00,0.45,Belagavi Station 2,Fast,30,18.9,203.0,226.8,Green Mobility,Belagavi,Completed,Good,D1775,Cloudy,22.5,76.0,26.32,Healthy
EV1776,Tata Punch EV,Tata,2023,35,95.1,2030-11-18 03:45:00,2030-11-18 04:58:00,1.22,Mysore Station 1,Normal,34,22.4,128.0,268.8,EV Fleet India,Mysore,Completed,Good,D1776,Rainy,22.5,76.0,26.32,Healthy
EV1777,Mahindra XUV400,Mahindra,2023,39,94.0,2030-11-19 08:45:00,2030-11-19 09:06:00,0.35,Belagavi Station 1,Fast,35,20.3,114.0,243.6,Green Mobility,Belagavi,Completed,Good,D1777,Cloudy,22.5,76.0,26.32,Healthy
EV1778,Mahindra XUV400,Mahindra,2023,39,95.5,2030-11-20 14:15:00,2030-11-20 14:55:00,0.67,Mangalore Station 1,Normal,28,9.9,140.0,118.8,Premium Fleet,Mangalore,Completed,Good,D1778,Cloudy,22.5,76.0,26.32,Healthy
EV1779,Hyundai Kona EV,Hyundai,2023,39,93.0,2030-11-21 07:15:00,2030-11-21 07:49:00,0.57,Mysore Station 1,Fast,35,22.0,258.0,264,Green Mobility,Mysore,Completed,Good,D1779,Cloudy,22.5,76.0,26.32,Healthy
EV1780,Hyundai Kona EV,Hyundai,2023,39,98.0,2030-11-22 20:15:00,2030-11-22 20:34:00,0.32,Mangalore Station 2,Fast,29,14.4,224.0,172.8,EV Fleet India,Mangalore,Completed,Good,D1780,Cloudy,22.5,76.0,26.32,Healthy
EV1781,BYD Atto 3,BYD,2023,60,93.1,2030-11-23 19:30:00,2030-11-23 21:50:00,2.33,Mysore Station 1,Normal,38,41.4,61.0,496.8,Eco Drive,Mysore,Completed,Good,D1781,Cloudy,22.5,76.0,26.32,Healthy
EV1782,MG Comet EV,MG,2023,17,93.4,2030-11-24 23:00:00,2030-11-24 23:04:00,0.07,Mangalore Station 1,Fast,32,4.7,220.0,56.4,Eco Drive,Mangalore,Completed,Good,D1782,Cloudy,22.5,76.0,26.32,Healthy
EV1783,Hyundai Kona EV,Hyundai,2023,39,95.5,2030-11-25 00:00:00,2030-11-25 00:12:00,0.2,Belagavi Station 1,Fast,28,13.8,151.0,165.6,City EV,Belagavi,Completed,Good,D1783,Cloudy,22.5,76.0,26.32,Healthy
EV1784,Tata Punch EV,Tata,2023,35,96.2,2030-11-26 07:30:00,2030-11-26 08:40:00,1.17,Bangalore Station 1,Normal,37,22.0,102.0,264,Eco Drive,Bangalore,Completed,Good,D1784,Sunny,22.5,76.0,26.32,Healthy
EV1785,MG Comet EV,MG,2023,17,94.9,2030-11-27 05:45:00,2030-11-27 06:02:00,0.28,Mysore Station 1,Fast,29,12.3,219.0,147.6,Premium Fleet,Mysore,Completed,Good,D1785,Cloudy,22.5,76.0,26.32,Healthy
EV1786,MG ZS EV,MG,2023,50,95.3,2030-11-28 07:45:00,2030-11-28 08:20:00,0.58,Bangalore Station 2,Fast,37,29.5,98.0,354,EV Fleet India,Bangalore,Completed,Good,D1786,Cloudy,22.5,76.0,26.32,Healthy
EV1787,Tata Curvv EV,Tata,2023,55,94.4,2030-11-29 23:15:00,2030-11-29 23:38:00,0.38,Bangalore Station 1,Fast,36,21.7,180.0,260.39999999999998,Premium Fleet,Bangalore,Completed,Good,D1787,Sunny,22.5,76.0,26.32,Healthy
EV1788,Hyundai Kona EV,Hyundai,2023,39,93.1,2030-11-30 07:30:00,2030-11-30 07:44:00,0.23,Hubli Station 1,Fast,38,11.0,302.0,132,Premium Fleet,Hubli,Completed,Good,D1788,Cloudy,22.5,76.0,26.32,Healthy
EV1789,Kia EV6,Kia,2023,77,96.7,2030-12-01 19:00:00,2030-12-01 20:00:00,1.0,Belagavi Station 2,Fast,34,44.8,293.0,537.6,Premium Fleet,Belagavi,Completed,Good,D1789,Rainy,22.5,76.0,26.32,Healthy
EV1790,Kia EV6,Kia,2023,77,94.7,2030-12-02 11:15:00,2030-12-02 11:57:00,0.7,Bangalore Station 2,Fast,38,31.2,81.0,374.4,EV Fleet India,Bangalore,Completed,Good,D1790,Cloudy,22.5,76.0,26.32,Healthy
EV1791,Mahindra XUV400,Mahindra,2023,39,97.1,2030-12-03 05:15:00,2030-12-03 06:16:00,1.02,Bangalore Station 1,Normal,28,17.9,338.0,214.8,City EV,Bangalore,Completed,Good,D1791,Cloudy,22.5,76.0,26.32,Healthy
EV1792,Tata Punch EV,Tata,2023,35,95.2,2030-12-04 23:45:00,2030-12-04 23:59:00,0.23,Belagavi Station 2,Fast,32,16.4,248.0,196.8,EV Fleet India,Belagavi,Completed,Good,D1792,Cloudy,22.5,76.0,26.32,Healthy
EV1793,MG ZS EV,MG,2023,50,93.6,2030-12-05 20:45:00,2030-12-05 21:01:00,0.27,Belagavi Station 2,Fast,39,11.7,246.0,140.4,Green Mobility,Belagavi,Completed,Good,D1793,Sunny,22.5,76.0,26.32,Healthy
EV1794,Mahindra XUV400,Mahindra,2023,39,97.1,2030-12-06 04:00:00,2030-12-06 04:23:00,0.38,Mangalore Station 1,Fast,39,21.5,342.0,258,Green Mobility,Mangalore,Completed,Good,D1794,Rainy,22.5,76.0,26.32,Healthy
EV1795,MG ZS EV,MG,2023,50,97.5,2030-12-07 09:15:00,2030-12-07 11:28:00,2.22,Bangalore Station 1,Normal,38,38.6,162.0,463.2,EV Fleet India,Bangalore,Completed,Good,D1795,Cloudy,22.5,76.0,26.32,Healthy
EV1796,Hyundai Kona EV,Hyundai,2023,39,98.0,2030-12-08 07:00:00,2030-12-08 07:29:00,0.48,Mysore Station 1,Fast,34,22.6,327.0,271.2,EV Fleet India,Mysore,Completed,Good,D1796,Rainy,22.5,76.0,26.32,Healthy
EV1797,Kia EV6,Kia,2023,77,95.3,2030-12-09 10:00:00,2030-12-09 10:34:00,0.57,Mangalore Station 2,Fast,37,29.6,152.0,355.2,EV Fleet India,Mangalore,Completed,Good,D1797,Cloudy,22.5,76.0,26.32,Healthy
EV1798,MG Comet EV,MG,2023,17,98.0,2030-12-10 00:00:00,2030-12-10 00:11:00,0.18,Mangalore Station 1,Fast,27,6.5,89.0,78,EV Fleet India,Mangalore,Completed,Good,D1798,Sunny,22.5,76.0,26.32,Healthy
EV1799,Mahindra XUV400,Mahindra,2023,39,93.3,2030-12-11 11:15:00,2030-12-11 11:34:00,0.32,Bangalore Station 1,Fast,30,17.6,321.0,211.2,EV Fleet India,Bangalore,Completed,Good,D1799,Cloudy,22.5,76.0,26.32,Healthy
EV1800,BYD Seal,BYD,2023,82,95.6,2030-12-12 16:45:00,2030-12-12 19:03:00,2.3,Hubli Station 2,Normal,30,40.9,246.0,490.8,Green Mobility,Hubli,Completed,Good,D1800,Cloudy,22.5,76.0,26.32,Healthy
EV1801,MG Comet EV,MG,2023,17,98.4,2030-12-13 15:00:00,2030-12-13 15:45:00,0.75,Mangalore Station 2,Normal,36,12.6,249.0,151.19999999999999,Premium Fleet,Mangalore,Completed,Good,D1801,Cloudy,22.5,76.0,26.32,Healthy
EV1802,Hyundai Kona EV,Hyundai,2023,39,96.9,2030-12-14 18:00:00,2030-12-14 19:09:00,1.15,Bangalore Station 2,Normal,28,20.8,100.0,249.6,Eco Drive,Bangalore,Completed,Good,D1802,Sunny,22.5,76.0,26.32,Healthy
EV1803,Hyundai Kona EV,Hyundai,2023,39,98.1,2030-12-15 17:15:00,2030-12-15 17:35:00,0.33,Hubli Station 2,Fast,27,21.3,202.0,255.6,Premium Fleet,Hubli,Completed,Good,D1803,Rainy,22.5,76.0,26.32,Healthy
EV1804,Tata Curvv EV,Tata,2023,55,95.3,2030-12-16 23:45:00,2030-12-17 00:15:00,0.5,Mysore Station 2,Fast,33,23.1,286.0,277.2,Green Mobility,Mysore,Completed,Good,D1804,Rainy,22.5,76.0,26.32,Healthy
EV1805,Mahindra XUV400,Mahindra,2023,39,98.0,2030-12-17 12:00:00,2030-12-17 12:19:00,0.32,Mangalore Station 1,Fast,32,18.5,288.0,222,City EV,Mangalore,Completed,Good,D1805,Rainy,22.5,76.0,26.32,Healthy
EV1806,Kia EV6,Kia,2023,77,93.8,2030-12-18 17:15:00,2030-12-18 18:12:00,0.95,Mysore Station 2,Fast,35,47.8,74.0,573.6,Eco Drive,Mysore,Completed,Good,D1806,Rainy,22.5,76.0,26.32,Healthy
EV1807,MG ZS EV,MG,2023,50,93.8,2030-12-19 17:45:00,2030-12-19 18:09:00,0.4,Bangalore Station 2,Fast,36,18.4,337.0,220.8,City EV,Bangalore,Completed,Good,D1807,Rainy,22.5,76.0,26.32,Healthy
EV1808,Mahindra XUV400,Mahindra,2023,39,98.0,2030-12-20 08:30:00,2030-12-20 09:49:00,1.32,Belagavi Station 2,Normal,28,25.3,349.0,303.60000000000002,Eco Drive,Belagavi,Completed,Good,D1808,Sunny,22.5,76.0,26.32,Healthy
EV1809,Tata Nexon EV,Tata,2023,40,96.0,2030-12-21 16:15:00,2030-12-21 17:42:00,1.45,Hubli Station 2,Normal,30,27.1,215.0,325.2,Green Mobility,Hubli,Completed,Good,D1809,Rainy,22.5,76.0,26.32,Healthy
EV1810,Tata Curvv EV,Tata,2023,55,95.5,2030-12-22 15:00:00,2030-12-22 15:23:00,0.38,Mangalore Station 1,Fast,39,23.6,210.0,283.2,Premium Fleet,Mangalore,Completed,Good,D1810,Rainy,22.5,76.0,26.32,Healthy
EV1811,Tata Punch EV,Tata,2023,35,93.5,2030-12-23 02:00:00,2030-12-23 02:22:00,0.37,Mysore Station 1,Fast,35,12.7,269.0,152.4,Green Mobility,Mysore,Completed,Good,D1811,Sunny,22.5,76.0,26.32,Healthy
EV1812,Hyundai Kona EV,Hyundai,2023,39,93.2,2030-12-24 00:15:00,2030-12-24 00:58:00,0.72,Mangalore Station 2,Normal,28,11.5,347.0,138,Eco Drive,Mangalore,Completed,Good,D1812,Sunny,22.5,76.0,26.32,Healthy
EV1813,Tata Nexon EV,Tata,2023,40,96.1,2030-12-25 05:45:00,2030-12-25 06:27:00,0.7,Mangalore Station 1,Normal,34,11.5,175.0,138,City EV,Mangalore,Completed,Good,D1813,Cloudy,22.5,76.0,26.32,Healthy
EV1814,MG ZS EV,MG,2023,50,96.8,2030-12-26 15:15:00,2030-12-26 15:36:00,0.35,Hubli Station 2,Fast,37,20.5,215.0,246,EV Fleet India,Hubli,Completed,Good,D1814,Rainy,22.5,76.0,26.32,Healthy
EV1815,MG ZS EV,MG,2023,50,94.1,2030-12-27 18:30:00,2030-12-27 19:28:00,0.97,Bangalore Station 1,Normal,36,15.9,258.0,190.8,Eco Drive,Bangalore,Completed,Good,D1815,Rainy,22.5,76.0,26.32,Healthy
EV1816,MG Comet EV,MG,2023,17,95.2,2030-12-28 09:45:00,2030-12-28 10:28:00,0.72,Belagavi Station 2,Normal,29,11.0,188.0,132,EV Fleet India,Belagavi,Completed,Good,D1816,Cloudy,22.5,76.0,26.32,Healthy
EV1817,Tata Curvv EV,Tata,2023,55,93.9,2030-12-29 01:45:00,2030-12-29 02:24:00,0.65,Mangalore Station 2,Fast,39,29.3,304.0,351.6,Eco Drive,Mangalore,Completed,Good,D1817,Rainy,22.5,76.0,26.32,Healthy
EV1818,Hyundai Kona EV,Hyundai,2023,39,97.3,2030-12-30 00:30:00,2030-12-30 01:06:00,0.6,Bangalore Station 2,Fast,27,26.4,243.0,316.8,Green Mobility,Bangalore,Completed,Good,D1818,Sunny,22.5,76.0,26.32,Healthy
EV1819,BYD Atto 3,BYD,2023,60,92.6,2030-12-31 06:00:00,2030-12-31 07:40:00,1.67,Mysore Station 1,Normal,38,27.7,80.0,332.4,Green Mobility,Mysore,Completed,Good,D1819,Cloudy,22.5,76.0,26.32,Healthy
EV1820,Tata Curvv EV,Tata,2023,55,97.3,2031-01-01 05:15:00,2031-01-01 05:59:00,0.73,Mysore Station 1,Fast,29,34.0,192.0,408,EV Fleet India,Mysore,Completed,Good,D1820,Rainy,22.5,76.0,26.32,Healthy
EV1821,Kia EV6,Kia,2023,77,92.8,2031-01-02 23:30:00,2031-01-03 02:41:00,3.18,Mangalore Station 2,Normal,36,57.3,279.0,687.6,Premium Fleet,Mangalore,Completed,Good,D1821,Cloudy,22.5,76.0,26.32,Healthy
EV1822,Tata Curvv EV,Tata,2023,55,93.1,2031-01-03 06:30:00,2031-01-03 08:54:00,2.4,Mysore Station 2,Normal,39,42.5,241.0,510,City EV,Mysore,Completed,Good,D1822,Cloudy,22.5,76.0,26.32,Healthy
EV1823,MG ZS EV,MG,2023,50,94.7,2031-01-04 22:15:00,2031-01-04 22:52:00,0.62,Hubli Station 2,Fast,29,30.8,195.0,369.6,EV Fleet India,Hubli,Completed,Good,D1823,Sunny,22.5,76.0,26.32,Healthy
EV1824,Mahindra XUV400,Mahindra,2023,39,94.4,2031-01-05 01:00:00,2031-01-05 02:50:00,1.83,Belagavi Station 2,Normal,28,34.2,302.0,410.4,Premium Fleet,Belagavi,Completed,Good,D1824,Sunny,22.5,76.0,26.32,Healthy
EV1825,Tata Punch EV,Tata,2023,35,97.4,2031-01-06 09:30:00,2031-01-06 09:48:00,0.3,Mysore Station 2,Fast,34,13.8,110.0,165.6,Premium Fleet,Mysore,Completed,Good,D1825,Cloudy,22.5,76.0,26.32,Healthy
EV1826,Kia EV6,Kia,2023,77,96.7,2031-01-07 04:15:00,2031-01-07 05:08:00,0.88,Hubli Station 2,Fast,29,43.6,69.0,523.20000000000005,Premium Fleet,Hubli,Completed,Good,D1826,Sunny,22.5,76.0,26.32,Healthy
EV1827,Tata Nexon EV,Tata,2023,40,97.6,2031-01-08 16:15:00,2031-01-08 16:48:00,0.55,Bangalore Station 1,Fast,39,28.0,105.0,336,Green Mobility,Bangalore,Completed,Good,D1827,Sunny,22.5,76.0,26.32,Healthy
EV1828,Tata Nexon EV,Tata,2023,40,93.6,2031-01-09 16:45:00,2031-01-09 17:02:00,0.28,Bangalore Station 1,Fast,33,18.4,256.0,220.8,City EV,Bangalore,Completed,Good,D1828,Rainy,22.5,76.0,26.32,Healthy
EV1829,Tata Punch EV,Tata,2023,35,96.4,2031-01-10 23:15:00,2031-01-11 00:28:00,1.22,Mangalore Station 2,Normal,32,22.6,274.0,271.2,City EV,Mangalore,Completed,Good,D1829,Sunny,22.5,76.0,26.32,Healthy
EV1830,Kia EV6,Kia,2023,77,97.7,2031-01-11 01:30:00,2031-01-11 02:26:00,0.93,Hubli Station 2,Fast,33,42.3,282.0,507.6,City EV,Hubli,Completed,Good,D1830,Rainy,22.5,76.0,26.32,Healthy
EV1831,Tata Punch EV,Tata,2023,35,97.1,2031-01-12 01:30:00,2031-01-12 02:07:00,0.62,Mangalore Station 1,Normal,31,10.8,198.0,129.6,Premium Fleet,Mangalore,Completed,Good,D1831,Sunny,22.5,76.0,26.32,Healthy
EV1832,MG ZS EV,MG,2023,50,97.0,2031-01-13 01:30:00,2031-01-13 03:16:00,1.77,Mysore Station 2,Normal,29,33.0,138.0,396,EV Fleet India,Mysore,Completed,Good,D1832,Rainy,22.5,76.0,26.32,Healthy
EV1833,Mahindra XUV400,Mahindra,2023,39,95.0,2031-01-14 18:15:00,2031-01-14 18:38:00,0.38,Mangalore Station 1,Fast,34,14.1,84.0,169.2,City EV,Mangalore,Completed,Good,D1833,Rainy,22.5,76.0,26.32,Healthy
EV1834,Hyundai Kona EV,Hyundai,2023,39,98.0,2031-01-15 10:30:00,2031-01-15 11:44:00,1.23,Hubli Station 1,Normal,31,23.6,122.0,283.2,Green Mobility,Hubli,Completed,Good,D1834,Rainy,22.5,76.0,26.32,Healthy
EV1835,MG Comet EV,MG,2023,17,96.0,2031-01-16 15:00:00,2031-01-16 15:16:00,0.27,Bangalore Station 2,Fast,39,9.0,320.0,108,EV Fleet India,Bangalore,Completed,Good,D1835,Cloudy,22.5,76.0,26.32,Healthy
EV1836,Kia EV6,Kia,2023,77,97.0,2031-01-17 23:00:00,2031-01-18 00:15:00,1.25,Hubli Station 2,Fast,27,64.5,273.0,774,Eco Drive,Hubli,Completed,Good,D1836,Sunny,22.5,76.0,26.32,Healthy
EV1837,Tata Curvv EV,Tata,2023,55,95.0,2031-01-18 02:00:00,2031-01-18 03:58:00,1.97,Bangalore Station 1,Normal,27,36.1,164.0,433.2,City EV,Bangalore,Completed,Good,D1837,Cloudy,22.5,76.0,26.32,Healthy
EV1838,MG ZS EV,MG,2023,50,93.7,2031-01-19 18:15:00,2031-01-19 19:03:00,0.8,Bangalore Station 1,Normal,33,15.5,241.0,186,EV Fleet India,Bangalore,Completed,Good,D1838,Sunny,22.5,76.0,26.32,Healthy
EV1839,Kia EV6,Kia,2023,77,95.4,2031-01-20 08:30:00,2031-01-20 08:54:00,0.4,Hubli Station 2,Fast,35,17.3,253.0,207.6,Eco Drive,Hubli,Completed,Good,D1839,Cloudy,22.5,76.0,26.32,Healthy
EV1840,Tata Nexon EV,Tata,2023,40,96.6,2031-01-21 07:30:00,2031-01-21 08:01:00,0.52,Bangalore Station 1,Fast,27,27.5,347.0,330,Eco Drive,Bangalore,Completed,Good,D1840,Sunny,22.5,76.0,26.32,Healthy
EV1841,Tata Punch EV,Tata,2023,35,97.1,2031-01-22 11:45:00,2031-01-22 12:08:00,0.38,Mangalore Station 1,Fast,30,14.7,215.0,176.4,Green Mobility,Mangalore,Completed,Good,D1841,Rainy,22.5,76.0,26.32,Healthy
EV1842,BYD Atto 3,BYD,2023,60,96.8,2031-01-23 08:45:00,2031-01-23 11:15:00,2.5,Hubli Station 1,Normal,27,45.6,237.0,547.20000000000005,EV Fleet India,Hubli,Completed,Good,D1842,Sunny,22.5,76.0,26.32,Healthy
EV1843,Mahindra XUV400,Mahindra,2023,39,98.1,2031-01-24 06:15:00,2031-01-24 06:50:00,0.58,Bangalore Station 1,Fast,35,29.7,177.0,356.4,Eco Drive,Bangalore,Completed,Good,D1843,Cloudy,22.5,76.0,26.32,Healthy
EV1844,Kia EV6,Kia,2023,77,94.8,2031-01-25 07:30:00,2031-01-25 09:31:00,2.02,Bangalore Station 1,Normal,37,36.3,334.0,435.6,Eco Drive,Bangalore,Completed,Good,D1844,Cloudy,22.5,76.0,26.32,Healthy
EV1845,BYD Atto 3,BYD,2023,60,97.2,2031-01-26 21:45:00,2031-01-26 22:24:00,0.65,Hubli Station 1,Fast,36,33.6,191.0,403.2,City EV,Hubli,Completed,Good,D1845,Sunny,22.5,76.0,26.32,Healthy
EV1846,Tata Curvv EV,Tata,2023,55,97.4,2031-01-27 06:30:00,2031-01-27 08:53:00,2.38,Hubli Station 1,Normal,37,43.3,236.0,519.6,Premium Fleet,Hubli,Completed,Good,D1846,Sunny,22.5,76.0,26.32,Healthy
EV1847,Hyundai Kona EV,Hyundai,2023,39,93.6,2031-01-28 16:45:00,2031-01-28 17:15:00,0.5,Mangalore Station 1,Fast,32,21.7,345.0,260.39999999999998,Green Mobility,Mangalore,Completed,Good,D1847,Rainy,22.5,76.0,26.32,Healthy
EV1848,Tata Curvv EV,Tata,2023,55,95.6,2031-01-29 08:45:00,2031-01-29 09:18:00,0.55,Bangalore Station 2,Fast,27,31.2,107.0,374.4,Green Mobility,Bangalore,Completed,Good,D1848,Rainy,22.5,76.0,26.32,Healthy
EV1849,Kia EV6,Kia,2023,77,96.7,2031-01-30 01:45:00,2031-01-30 02:41:00,0.93,Mangalore Station 2,Fast,39,44.6,219.0,535.20000000000005,City EV,Mangalore,Completed,Good,D1849,Cloudy,22.5,76.0,26.32,Healthy
EV1850,Mahindra XUV400,Mahindra,2023,39,97.8,2031-01-31 19:30:00,2031-01-31 19:55:00,0.42,Mysore Station 2,Fast,35,21.5,152.0,258,Green Mobility,Mysore,Completed,Good,D1850,Rainy,22.5,76.0,26.32,Healthy
EV1851,MG ZS EV,MG,2023,50,94.7,2031-02-01 17:30:00,2031-02-01 19:19:00,1.82,Hubli Station 2,Normal,38,31.3,149.0,375.6,Premium Fleet,Hubli,Completed,Good,D1851,Cloudy,22.5,76.0,26.32,Healthy
EV1852,MG Comet EV,MG,2023,17,94.1,2031-02-02 12:15:00,2031-02-02 12:34:00,0.32,Bangalore Station 1,Fast,29,12.6,271.0,151.19999999999999,EV Fleet India,Bangalore,Completed,Good,D1852,Sunny,22.5,76.0,26.32,Healthy
EV1853,Mahindra XUV400,Mahindra,2023,39,95.8,2031-02-03 23:00:00,2031-02-03 23:57:00,0.95,Hubli Station 2,Normal,27,16.7,199.0,200.4,EV Fleet India,Hubli,Completed,Good,D1853,Cloudy,22.5,76.0,26.32,Healthy
EV1854,Tata Nexon EV,Tata,2023,40,93.4,2031-02-04 23:45:00,2031-02-05 00:21:00,0.6,Mangalore Station 2,Fast,31,30.4,325.0,364.8,Green Mobility,Mangalore,Completed,Good,D1854,Sunny,22.5,76.0,26.32,Healthy
EV1855,Hyundai Kona EV,Hyundai,2023,39,94.1,2031-02-05 15:00:00,2031-02-05 15:27:00,0.45,Belagavi Station 2,Fast,38,17.5,333.0,210,EV Fleet India,Belagavi,Completed,Good,D1855,Cloudy,22.5,76.0,26.32,Healthy
EV1856,MG ZS EV,MG,2023,50,93.5,2031-02-06 18:15:00,2031-02-06 18:35:00,0.33,Belagavi Station 2,Fast,31,16.3,258.0,195.6,City EV,Belagavi,Completed,Good,D1856,Rainy,22.5,76.0,26.32,Healthy
EV1857,Hyundai Kona EV,Hyundai,2023,39,95.5,2031-02-07 00:00:00,2031-02-07 00:51:00,0.85,Mysore Station 1,Normal,28,14.2,209.0,170.4,Premium Fleet,Mysore,Completed,Good,D1857,Rainy,22.5,76.0,26.32,Healthy
EV1858,BYD Atto 3,BYD,2023,60,94.2,2031-02-08 09:15:00,2031-02-08 11:49:00,2.57,Mangalore Station 1,Normal,35,44.3,165.0,531.6,City EV,Mangalore,Completed,Good,D1858,Cloudy,22.5,76.0,26.32,Healthy
EV1859,Tata Punch EV,Tata,2023,35,96.9,2031-02-09 01:15:00,2031-02-09 01:30:00,0.25,Mysore Station 2,Fast,35,14.0,254.0,168,Premium Fleet,Mysore,Completed,Good,D1859,Sunny,22.5,76.0,26.32,Healthy
EV1860,Tata Nexon EV,Tata,2023,40,98.5,2031-02-10 20:30:00,2031-02-10 21:50:00,1.33,Belagavi Station 2,Normal,30,22.3,224.0,267.60000000000002,Green Mobility,Belagavi,Completed,Good,D1860,Cloudy,22.5,76.0,26.32,Healthy
EV1861,BYD Seal,BYD,2023,82,93.9,2031-02-11 19:15:00,2031-02-11 22:03:00,2.8,Mysore Station 2,Normal,33,50.7,270.0,608.4,City EV,Mysore,Completed,Good,D1861,Sunny,22.5,76.0,26.32,Healthy
EV1862,BYD Seal,BYD,2023,82,94.5,2031-02-12 14:45:00,2031-02-12 16:26:00,1.68,Bangalore Station 2,Normal,31,30.4,213.0,364.8,Green Mobility,Bangalore,Completed,Good,D1862,Rainy,22.5,76.0,26.32,Healthy
EV1863,BYD Seal,BYD,2023,82,96.3,2031-02-13 20:45:00,2031-02-13 21:23:00,0.63,Belagavi Station 2,Fast,38,26.1,185.0,313.2,Eco Drive,Belagavi,Completed,Good,D1863,Cloudy,22.5,76.0,26.32,Healthy
EV1864,Kia EV6,Kia,2023,77,92.5,2031-02-14 14:45:00,2031-02-14 15:27:00,0.7,Hubli Station 1,Fast,33,31.1,65.0,373.2,EV Fleet India,Hubli,Completed,Good,D1864,Sunny,22.5,76.0,26.32,Healthy
EV1865,Tata Nexon EV,Tata,2023,40,97.2,2031-02-15 23:15:00,2031-02-16 00:14:00,0.98,Mysore Station 2,Normal,29,16.4,139.0,196.8,City EV,Mysore,Completed,Good,D1865,Sunny,22.5,76.0,26.32,Healthy
EV1866,BYD Seal,BYD,2023,82,94.5,2031-02-16 01:00:00,2031-02-16 02:09:00,1.15,Bangalore Station 2,Fast,31,58.6,139.0,703.2,EV Fleet India,Bangalore,Completed,Good,D1866,Cloudy,22.5,76.0,26.32,Healthy
EV1867,Kia EV6,Kia,2023,77,95.3,2031-02-17 18:15:00,2031-02-17 19:18:00,1.05,Hubli Station 1,Fast,31,47.7,348.0,572.4,Green Mobility,Hubli,Completed,Good,D1867,Sunny,22.5,76.0,26.32,Healthy
EV1868,MG ZS EV,MG,2023,50,95.7,2031-02-18 09:30:00,2031-02-18 10:59:00,1.48,Mysore Station 2,Normal,35,27.2,299.0,326.39999999999998,Green Mobility,Mysore,Completed,Good,D1868,Sunny,22.5,76.0,26.32,Healthy
EV1869,BYD Atto 3,BYD,2023,60,96.5,2031-02-19 04:45:00,2031-02-19 05:38:00,0.88,Belagavi Station 2,Fast,37,45.5,88.0,546,City EV,Belagavi,Completed,Good,D1869,Cloudy,22.5,76.0,26.32,Healthy
EV1870,Mahindra XUV400,Mahindra,2023,39,93.0,2031-02-20 07:00:00,2031-02-20 08:04:00,1.07,Bangalore Station 1,Normal,34,17.3,172.0,207.6,City EV,Bangalore,Completed,Good,D1870,Cloudy,22.5,76.0,26.32,Healthy
EV1871,BYD Atto 3,BYD,2023,60,96.6,2031-02-21 02:15:00,2031-02-21 03:41:00,1.43,Mangalore Station 1,Normal,28,26.1,264.0,313.2,Eco Drive,Mangalore,Completed,Good,D1871,Cloudy,22.5,76.0,26.32,Healthy
EV1872,BYD Atto 3,BYD,2023,60,94.9,2031-02-22 20:15:00,2031-02-22 21:24:00,1.15,Mangalore Station 2,Normal,38,21.1,60.0,253.2,EV Fleet India,Mangalore,Completed,Good,D1872,Sunny,22.5,76.0,26.32,Healthy
EV1873,Tata Punch EV,Tata,2023,35,93.9,2031-02-23 23:00:00,2031-02-23 23:30:00,0.5,Hubli Station 2,Fast,27,21.3,147.0,255.6,City EV,Hubli,Completed,Good,D1873,Cloudy,22.5,76.0,26.32,Healthy
EV1874,Hyundai Kona EV,Hyundai,2023,39,92.6,2031-02-24 12:00:00,2031-02-24 12:31:00,0.52,Belagavi Station 2,Normal,30,10.7,95.0,128.4,Premium Fleet,Belagavi,Completed,Good,D1874,Sunny,22.5,76.0,26.32,Healthy
EV1875,Tata Nexon EV,Tata,2023,40,94.7,2031-02-25 08:30:00,2031-02-25 09:59:00,1.48,Mysore Station 2,Normal,35,25.6,316.0,307.2,City EV,Mysore,Completed,Good,D1875,Cloudy,22.5,76.0,26.32,Healthy
EV1876,BYD Seal,BYD,2023,82,95.3,2031-02-26 14:30:00,2031-02-26 16:51:00,2.35,Mangalore Station 2,Normal,31,43.1,190.0,517.20000000000005,Green Mobility,Mangalore,Completed,Good,D1876,Rainy,22.5,76.0,26.32,Healthy
EV1877,Tata Nexon EV,Tata,2023,40,92.6,2031-02-27 01:30:00,2031-02-27 02:16:00,0.77,Bangalore Station 1,Normal,32,15.1,107.0,181.2,EV Fleet India,Bangalore,Completed,Good,D1877,Rainy,22.5,76.0,26.32,Healthy
EV1878,MG ZS EV,MG,2023,50,96.4,2031-02-28 09:30:00,2031-02-28 09:50:00,0.33,Hubli Station 2,Fast,27,18.2,202.0,218.4,City EV,Hubli,Completed,Good,D1878,Cloudy,22.5,76.0,26.32,Healthy
EV1879,Tata Nexon EV,Tata,2023,40,97.7,2031-03-01 21:15:00,2031-03-01 21:52:00,0.62,Mangalore Station 1,Fast,38,31.9,144.0,382.8,Green Mobility,Mangalore,Completed,Good,D1879,Rainy,22.5,76.0,26.32,Healthy
EV1880,Tata Punch EV,Tata,2023,35,92.6,2031-03-02 18:00:00,2031-03-02 18:20:00,0.33,Belagavi Station 1,Fast,32,21.0,295.0,252,Eco Drive,Belagavi,Completed,Good,D1880,Cloudy,22.5,76.0,26.32,Healthy
EV1881,MG Comet EV,MG,2023,17,95.7,2031-03-03 05:00:00,2031-03-03 05:03:00,0.05,Hubli Station 1,Fast,35,6.8,144.0,81.599999999999994,EV Fleet India,Hubli,Completed,Good,D1881,Rainy,22.5,76.0,26.32,Healthy
EV1882,Mahindra XUV400,Mahindra,2023,39,93.7,2031-03-04 10:00:00,2031-03-04 10:17:00,0.28,Mangalore Station 1,Fast,28,16.7,330.0,200.4,Eco Drive,Mangalore,Completed,Good,D1882,Cloudy,22.5,76.0,26.32,Healthy
EV1883,MG ZS EV,MG,2023,50,98.4,2031-03-05 11:15:00,2031-03-05 11:41:00,0.43,Hubli Station 2,Fast,27,17.3,342.0,207.6,Premium Fleet,Hubli,Completed,Good,D1883,Sunny,22.5,76.0,26.32,Healthy
EV1884,Tata Curvv EV,Tata,2023,55,93.4,2031-03-06 17:45:00,2031-03-06 18:29:00,0.73,Mysore Station 1,Fast,36,32.8,64.0,393.6,EV Fleet India,Mysore,Completed,Good,D1884,Cloudy,22.5,76.0,26.32,Healthy
EV1885,MG Comet EV,MG,2023,17,95.6,2031-03-07 19:30:00,2031-03-07 19:53:00,0.38,Mangalore Station 1,Fast,33,14.4,194.0,172.8,Green Mobility,Mangalore,Completed,Good,D1885,Sunny,22.5,76.0,26.32,Healthy
EV1886,Kia EV6,Kia,2023,77,93.3,2031-03-08 09:00:00,2031-03-08 09:40:00,0.67,Belagavi Station 1,Fast,33,34.5,95.0,414,EV Fleet India,Belagavi,Completed,Good,D1886,Rainy,22.5,76.0,26.32,Healthy
EV1887,Tata Curvv EV,Tata,2023,55,92.5,2031-03-09 05:00:00,2031-03-09 05:31:00,0.52,Mangalore Station 2,Fast,31,19.7,174.0,236.4,Eco Drive,Mangalore,Completed,Good,D1887,Sunny,22.5,76.0,26.32,Healthy
EV1888,Tata Punch EV,Tata,2023,35,98.2,2031-03-10 23:45:00,2031-03-11 00:13:00,0.47,Mangalore Station 2,Fast,37,25.4,132.0,304.8,EV Fleet India,Mangalore,Completed,Good,D1888,Rainy,22.5,76.0,26.32,Healthy
EV1889,BYD Atto 3,BYD,2023,60,96.6,2031-03-11 08:15:00,2031-03-11 09:10:00,0.92,Mangalore Station 2,Fast,29,40.1,160.0,481.2,City EV,Mangalore,Completed,Good,D1889,Sunny,22.5,76.0,26.32,Healthy
EV1890,Kia EV6,Kia,2023,77,98.1,2031-03-12 09:45:00,2031-03-12 10:22:00,0.62,Mangalore Station 2,Fast,30,32.9,102.0,394.8,EV Fleet India,Mangalore,Completed,Good,D1890,Rainy,22.5,76.0,26.32,Healthy
EV1891,MG ZS EV,MG,2023,50,97.1,2031-03-13 16:00:00,2031-03-13 18:10:00,2.17,Mysore Station 2,Normal,35,39.3,62.0,471.6,Eco Drive,Mysore,Completed,Good,D1891,Sunny,22.5,76.0,26.32,Healthy
EV1892,Hyundai Kona EV,Hyundai,2023,39,95.1,2031-03-14 20:45:00,2031-03-14 21:20:00,0.58,Bangalore Station 1,Fast,29,23.5,86.0,282,Eco Drive,Bangalore,Completed,Good,D1892,Cloudy,22.5,76.0,26.32,Healthy
EV1893,MG Comet EV,MG,2023,17,92.8,2031-03-15 15:00:00,2031-03-15 15:28:00,0.47,Bangalore Station 2,Normal,31,7.3,203.0,87.6,EV Fleet India,Bangalore,Completed,Good,D1893,Sunny,22.5,76.0,26.32,Healthy
EV1894,Kia EV6,Kia,2023,77,93.3,2031-03-16 11:45:00,2031-03-16 13:29:00,1.73,Bangalore Station 2,Normal,33,30.8,65.0,369.6,EV Fleet India,Bangalore,Completed,Good,D1894,Cloudy,22.5,76.0,26.32,Healthy
EV1895,Tata Punch EV,Tata,2023,35,95.9,2031-03-17 06:45:00,2031-03-17 07:33:00,0.8,Hubli Station 2,Normal,32,14.5,271.0,174,EV Fleet India,Hubli,Completed,Good,D1895,Sunny,22.5,76.0,26.32,Healthy
EV1896,Hyundai Kona EV,Hyundai,2023,39,92.7,2031-03-18 17:00:00,2031-03-18 17:23:00,0.38,Mysore Station 1,Fast,37,23.4,71.0,280.8,Green Mobility,Mysore,Completed,Good,D1896,Rainy,22.5,76.0,26.32,Healthy
EV1897,Tata Curvv EV,Tata,2023,55,93.5,2031-03-19 10:15:00,2031-03-19 10:58:00,0.72,Bangalore Station 2,Fast,38,29.6,257.0,355.2,City EV,Bangalore,Completed,Good,D1897,Rainy,22.5,76.0,26.32,Healthy
EV1898,BYD Atto 3,BYD,2023,60,93.3,2031-03-20 21:00:00,2031-03-20 22:43:00,1.72,Hubli Station 1,Normal,35,30.5,246.0,366,City EV,Hubli,Completed,Good,D1898,Sunny,22.5,76.0,26.32,Healthy
EV1899,MG ZS EV,MG,2023,50,94.2,2031-03-21 23:00:00,2031-03-21 23:30:00,0.5,Belagavi Station 1,Fast,34,21.9,258.0,262.8,EV Fleet India,Belagavi,Completed,Good,D1899,Cloudy,22.5,76.0,26.32,Healthy
EV1900,Tata Nexon EV,Tata,2023,40,95.5,2031-03-22 00:00:00,2031-03-22 00:14:00,0.23,Mangalore Station 2,Fast,31,12.5,326.0,150,EV Fleet India,Mangalore,Completed,Good,D1900,Cloudy,22.5,76.0,26.32,Healthy
EV1901,BYD Atto 3,BYD,2023,60,93.3,2031-03-23 01:00:00,2031-03-23 02:00:00,1.0,Belagavi Station 1,Fast,38,48.9,250.0,586.79999999999995,Premium Fleet,Belagavi,Completed,Good,D1901,Sunny,22.5,76.0,26.32,Healthy
EV1902,MG ZS EV,MG,2023,50,97.3,2031-03-24 11:30:00,2031-03-24 13:05:00,1.58,Mysore Station 1,Normal,30,29.3,146.0,351.6,Eco Drive,Mysore,Completed,Good,D1902,Sunny,22.5,76.0,26.32,Healthy
EV1903,MG Comet EV,MG,2023,17,98.1,2031-03-25 00:30:00,2031-03-25 00:38:00,0.13,Belagavi Station 1,Fast,38,9.3,202.0,111.6,EV Fleet India,Belagavi,Completed,Good,D1903,Cloudy,22.5,76.0,26.32,Healthy
EV1904,Tata Nexon EV,Tata,2023,40,97.6,2031-03-26 17:00:00,2031-03-26 17:37:00,0.62,Mangalore Station 1,Fast,32,25.6,336.0,307.2,EV Fleet India,Mangalore,Completed,Good,D1904,Rainy,22.5,76.0,26.32,Healthy
EV1905,Tata Punch EV,Tata,2023,35,96.0,2031-03-27 14:15:00,2031-03-27 14:36:00,0.35,Mangalore Station 2,Fast,38,16.8,127.0,201.6,Eco Drive,Mangalore,Completed,Good,D1905,Sunny,22.5,76.0,26.32,Healthy
EV1906,MG ZS EV,MG,2023,50,98.0,2031-03-28 10:45:00,2031-03-28 12:08:00,1.38,Hubli Station 1,Normal,33,24.4,299.0,292.8,City EV,Hubli,Completed,Good,D1906,Sunny,22.5,76.0,26.32,Healthy
EV1907,Tata Punch EV,Tata,2023,35,97.2,2031-03-29 23:45:00,2031-03-30 01:05:00,1.33,Hubli Station 1,Normal,28,24.2,284.0,290.39999999999998,Green Mobility,Hubli,Completed,Good,D1907,Sunny,22.5,76.0,26.32,Healthy
EV1908,Tata Punch EV,Tata,2023,35,97.1,2031-03-30 21:30:00,2031-03-30 21:55:00,0.42,Mangalore Station 1,Fast,39,25.0,323.0,300,Green Mobility,Mangalore,Completed,Good,D1908,Sunny,22.5,76.0,26.32,Healthy
EV1909,MG Comet EV,MG,2023,17,95.1,2031-03-31 21:30:00,2031-03-31 22:07:00,0.62,Bangalore Station 2,Normal,30,11.2,82.0,134.4,EV Fleet India,Bangalore,Completed,Good,D1909,Rainy,22.5,76.0,26.32,Healthy
EV1910,Hyundai Kona EV,Hyundai,2023,39,95.1,2031-04-01 10:45:00,2031-04-01 11:27:00,0.7,Hubli Station 2,Fast,35,30.3,316.0,363.6,City EV,Hubli,Completed,Good,D1910,Cloudy,22.5,76.0,26.32,Healthy
EV1911,Tata Punch EV,Tata,2023,35,93.5,2031-04-02 06:45:00,2031-04-02 07:10:00,0.42,Mysore Station 2,Fast,34,21.1,295.0,253.2,Premium Fleet,Mysore,Completed,Good,D1911,Sunny,22.5,76.0,26.32,Healthy
EV1912,Hyundai Kona EV,Hyundai,2023,39,94.5,2031-04-03 19:00:00,2031-04-03 19:28:00,0.47,Belagavi Station 1,Fast,38,24.8,311.0,297.60000000000002,Premium Fleet,Belagavi,Completed,Good,D1912,Sunny,22.5,76.0,26.32,Healthy
EV1913,BYD Atto 3,BYD,2023,60,95.2,2031-04-04 19:00:00,2031-04-04 21:19:00,2.32,Belagavi Station 1,Normal,39,41.0,151.0,492,City EV,Belagavi,Completed,Good,D1913,Sunny,22.5,76.0,26.32,Healthy
EV1914,Tata Nexon EV,Tata,2023,40,93.6,2031-04-05 18:45:00,2031-04-05 19:24:00,0.65,Bangalore Station 1,Fast,28,27.3,269.0,327.60000000000002,City EV,Bangalore,Completed,Good,D1914,Sunny,22.5,76.0,26.32,Healthy
EV1915,Tata Punch EV,Tata,2023,35,94.0,2031-04-06 20:15:00,2031-04-06 20:32:00,0.28,Bangalore Station 1,Fast,37,17.8,312.0,213.6,Premium Fleet,Bangalore,Completed,Good,D1915,Cloudy,22.5,76.0,26.32,Healthy
EV1916,Hyundai Kona EV,Hyundai,2023,39,95.8,2031-04-07 21:00:00,2031-04-07 21:33:00,0.55,Mysore Station 1,Fast,28,29.2,283.0,350.4,Green Mobility,Mysore,Completed,Good,D1916,Rainy,22.5,76.0,26.32,Healthy
EV1917,Kia EV6,Kia,2023,77,92.8,2031-04-08 00:00:00,2031-04-08 01:44:00,1.73,Mysore Station 1,Normal,35,31.0,276.0,372,City EV,Mysore,Completed,Good,D1917,Cloudy,22.5,76.0,26.32,Healthy
EV1918,MG Comet EV,MG,2023,17,95.6,2031-04-09 23:30:00,2031-04-10 00:05:00,0.58,Mysore Station 1,Normal,28,11.7,120.0,140.4,EV Fleet India,Mysore,Completed,Good,D1918,Rainy,22.5,76.0,26.32,Healthy
EV1919,Kia EV6,Kia,2023,77,92.9,2031-04-10 18:00:00,2031-04-10 19:27:00,1.45,Mangalore Station 2,Normal,29,27.4,108.0,328.8,Eco Drive,Mangalore,Completed,Good,D1919,Sunny,22.5,76.0,26.32,Healthy
EV1920,MG ZS EV,MG,2023,50,94.3,2031-04-11 00:45:00,2031-04-11 01:10:00,0.42,Belagavi Station 1,Fast,36,21.7,136.0,260.39999999999998,Premium Fleet,Belagavi,Completed,Good,D1920,Rainy,22.5,76.0,26.32,Healthy
EV1921,BYD Seal,BYD,2023,82,95.2,2031-04-12 10:00:00,2031-04-12 10:48:00,0.8,Hubli Station 1,Fast,35,37.4,238.0,448.8,Green Mobility,Hubli,Completed,Good,D1921,Rainy,22.5,76.0,26.32,Healthy
EV1922,Tata Punch EV,Tata,2023,35,97.8,2031-04-13 03:00:00,2031-04-13 03:11:00,0.18,Bangalore Station 2,Fast,29,8.2,263.0,98.4,EV Fleet India,Bangalore,Completed,Good,D1922,Cloudy,22.5,76.0,26.32,Healthy
EV1923,MG Comet EV,MG,2023,17,93.1,2031-04-14 06:45:00,2031-04-14 07:00:00,0.25,Mangalore Station 2,Fast,32,9.5,284.0,114,Premium Fleet,Mangalore,Completed,Good,D1923,Cloudy,22.5,76.0,26.32,Healthy
EV1924,BYD Seal,BYD,2023,82,98.3,2031-04-15 00:45:00,2031-04-15 01:17:00,0.53,Bangalore Station 1,Fast,38,29.3,109.0,351.6,Eco Drive,Bangalore,Completed,Good,D1924,Cloudy,22.5,76.0,26.32,Healthy
EV1925,Tata Curvv EV,Tata,2023,55,94.9,2031-04-16 07:45:00,2031-04-16 09:35:00,1.83,Mysore Station 1,Normal,36,31.4,98.0,376.8,Green Mobility,Mysore,Completed,Good,D1925,Rainy,22.5,76.0,26.32,Healthy
EV1926,MG ZS EV,MG,2023,50,96.0,2031-04-17 19:00:00,2031-04-17 20:59:00,1.98,Belagavi Station 1,Normal,36,34.5,295.0,414,Premium Fleet,Belagavi,Completed,Good,D1926,Rainy,22.5,76.0,26.32,Healthy
EV1927,MG Comet EV,MG,2023,17,97.8,2031-04-18 06:45:00,2031-04-18 06:55:00,0.17,Bangalore Station 1,Fast,28,7.8,196.0,93.6,City EV,Bangalore,Completed,Good,D1927,Cloudy,22.5,76.0,26.32,Healthy
EV1928,MG ZS EV,MG,2023,50,92.6,2031-04-19 05:30:00,2031-04-19 06:02:00,0.53,Mysore Station 1,Fast,27,30.3,301.0,363.6,City EV,Mysore,Completed,Good,D1928,Cloudy,22.5,76.0,26.32,Healthy
EV1929,Mahindra XUV400,Mahindra,2023,39,95.4,2031-04-20 17:00:00,2031-04-20 18:13:00,1.22,Belagavi Station 1,Normal,34,21.3,251.0,255.6,Premium Fleet,Belagavi,Completed,Good,D1929,Sunny,22.5,76.0,26.32,Healthy
EV1930,BYD Seal,BYD,2023,82,98.3,2031-04-21 23:30:00,2031-04-22 00:09:00,0.65,Belagavi Station 2,Fast,37,33.6,187.0,403.2,City EV,Belagavi,Completed,Good,D1930,Rainy,22.5,76.0,26.32,Healthy
EV1931,MG Comet EV,MG,2023,17,95.2,2031-04-22 19:00:00,2031-04-22 19:38:00,0.63,Belagavi Station 2,Normal,27,9.5,76.0,114,EV Fleet India,Belagavi,Completed,Good,D1931,Rainy,22.5,76.0,26.32,Healthy
EV1932,MG ZS EV,MG,2023,50,98.2,2031-04-23 21:00:00,2031-04-23 21:28:00,0.47,Mangalore Station 1,Fast,36,25.9,185.0,310.8,Green Mobility,Mangalore,Completed,Good,D1932,Rainy,22.5,76.0,26.32,Healthy
EV1933,BYD Atto 3,BYD,2023,60,93.7,2031-04-24 02:15:00,2031-04-24 02:39:00,0.4,Mangalore Station 2,Fast,38,24.0,221.0,288,City EV,Mangalore,Completed,Good,D1933,Cloudy,22.5,76.0,26.32,Healthy
EV1934,BYD Seal,BYD,2023,82,96.7,2031-04-25 07:00:00,2031-04-25 09:10:00,2.17,Hubli Station 2,Normal,36,40.2,196.0,482.4,Green Mobility,Hubli,Completed,Good,D1934,Rainy,22.5,76.0,26.32,Healthy
EV1935,Mahindra XUV400,Mahindra,2023,39,92.9,2031-04-26 19:30:00,2031-04-26 20:53:00,1.38,Bangalore Station 1,Normal,29,23.2,337.0,278.39999999999998,EV Fleet India,Bangalore,Completed,Good,D1935,Rainy,22.5,76.0,26.32,Healthy
EV1936,Hyundai Kona EV,Hyundai,2023,39,95.0,2031-04-27 09:15:00,2031-04-27 09:46:00,0.52,Hubli Station 2,Fast,36,23.1,71.0,277.2,Green Mobility,Hubli,Completed,Good,D1936,Sunny,22.5,76.0,26.32,Healthy
EV1937,Kia EV6,Kia,2023,77,93.7,2031-04-28 20:30:00,2031-04-28 22:04:00,1.57,Bangalore Station 1,Normal,32,27.4,266.0,328.8,Premium Fleet,Bangalore,Completed,Good,D1937,Rainy,22.5,76.0,26.32,Healthy
EV1938,Tata Punch EV,Tata,2023,35,94.9,2031-04-29 05:15:00,2031-04-29 05:27:00,0.2,Mysore Station 2,Fast,28,12.5,82.0,150,City EV,Mysore,Completed,Good,D1938,Rainy,22.5,76.0,26.32,Healthy
EV1939,MG ZS EV,MG,2023,50,92.9,2031-04-30 07:30:00,2031-04-30 07:50:00,0.33,Mysore Station 1,Fast,28,16.2,328.0,194.4,Premium Fleet,Mysore,Completed,Good,D1939,Sunny,22.5,76.0,26.32,Healthy
EV1940,Tata Curvv EV,Tata,2023,55,93.4,2031-05-01 07:45:00,2031-05-01 10:16:00,2.52,Mangalore Station 2,Normal,34,45.0,129.0,540,Green Mobility,Mangalore,Completed,Good,D1940,Cloudy,22.5,76.0,26.32,Healthy
EV1941,MG ZS EV,MG,2023,50,97.8,2031-05-02 17:00:00,2031-05-02 17:22:00,0.37,Mangalore Station 2,Fast,39,18.9,155.0,226.8,Premium Fleet,Mangalore,Completed,Good,D1941,Sunny,22.5,76.0,26.32,Healthy
EV1942,Kia EV6,Kia,2023,77,94.4,2031-05-03 20:15:00,2031-05-03 20:46:00,0.52,Mangalore Station 1,Fast,32,29.5,124.0,354,Premium Fleet,Mangalore,Completed,Good,D1942,Sunny,22.5,76.0,26.32,Healthy
EV1943,Mahindra XUV400,Mahindra,2023,39,95.5,2031-05-04 16:45:00,2031-05-04 16:57:00,0.2,Bangalore Station 2,Fast,37,11.0,207.0,132,Green Mobility,Bangalore,Completed,Good,D1943,Sunny,22.5,76.0,26.32,Healthy
EV1944,Tata Nexon EV,Tata,2023,40,95.1,2031-05-05 19:00:00,2031-05-05 19:22:00,0.37,Mangalore Station 1,Fast,35,21.3,255.0,255.6,Green Mobility,Mangalore,Completed,Good,D1944,Rainy,22.5,76.0,26.32,Healthy
EV1945,MG ZS EV,MG,2023,50,95.1,2031-05-06 23:15:00,2031-05-06 23:59:00,0.73,Mangalore Station 1,Fast,30,31.1,159.0,373.2,EV Fleet India,Mangalore,Completed,Good,D1945,Rainy,22.5,76.0,26.32,Healthy
EV1946,MG Comet EV,MG,2023,17,96.6,2031-05-07 17:30:00,2031-05-07 17:45:00,0.25,Mysore Station 2,Fast,36,10.9,153.0,130.80000000000001,Premium Fleet,Mysore,Completed,Good,D1946,Cloudy,22.5,76.0,26.32,Healthy
EV1947,Tata Curvv EV,Tata,2023,55,97.0,2031-05-08 06:45:00,2031-05-08 07:19:00,0.57,Hubli Station 2,Fast,31,30.2,288.0,362.4,Green Mobility,Hubli,Completed,Good,D1947,Cloudy,22.5,76.0,26.32,Healthy
EV1948,Tata Curvv EV,Tata,2023,55,96.6,2031-05-09 18:30:00,2031-05-09 20:35:00,2.08,Bangalore Station 1,Normal,35,36.4,270.0,436.8,EV Fleet India,Bangalore,Completed,Good,D1948,Sunny,22.5,76.0,26.32,Healthy
EV1949,BYD Seal,BYD,2023,82,95.6,2031-05-10 02:15:00,2031-05-10 05:10:00,2.92,Hubli Station 1,Normal,38,52.3,141.0,627.6,Eco Drive,Hubli,Completed,Good,D1949,Rainy,22.5,76.0,26.32,Healthy
EV1950,Tata Punch EV,Tata,2023,35,93.9,2031-05-11 02:45:00,2031-05-11 04:01:00,1.27,Belagavi Station 1,Normal,31,22.9,255.0,274.8,EV Fleet India,Belagavi,Completed,Good,D1950,Sunny,22.5,76.0,26.32,Healthy
EV1951,Tata Punch EV,Tata,2023,35,96.4,2031-05-12 16:00:00,2031-05-12 16:18:00,0.3,Belagavi Station 1,Fast,35,16.2,218.0,194.4,Premium Fleet,Belagavi,Completed,Good,D1951,Sunny,22.5,76.0,26.32,Healthy
EV1952,BYD Seal,BYD,2023,82,95.2,2031-05-13 02:45:00,2031-05-13 05:59:00,3.23,Mangalore Station 1,Normal,29,56.5,197.0,678,Green Mobility,Mangalore,Completed,Good,D1952,Sunny,22.5,76.0,26.32,Healthy
EV1953,MG Comet EV,MG,2023,17,93.5,2031-05-14 00:00:00,2031-05-14 00:32:00,0.53,Mysore Station 1,Normal,27,9.7,211.0,116.4,Premium Fleet,Mysore,Completed,Good,D1953,Rainy,22.5,76.0,26.32,Healthy
EV1954,Tata Punch EV,Tata,2023,35,94.3,2031-05-15 09:00:00,2031-05-15 09:40:00,0.67,Belagavi Station 1,Normal,28,11.8,152.0,141.6,Eco Drive,Belagavi,Completed,Good,D1954,Cloudy,22.5,76.0,26.32,Healthy
EV1955,Hyundai Kona EV,Hyundai,2023,39,94.0,2031-05-16 23:45:00,2031-05-17 00:07:00,0.37,Mysore Station 1,Fast,31,17.8,173.0,213.6,Premium Fleet,Mysore,Completed,Good,D1955,Rainy,22.5,76.0,26.32,Healthy
EV1956,BYD Seal,BYD,2023,82,98.4,2031-05-17 22:45:00,2031-05-17 23:49:00,1.07,Hubli Station 2,Fast,30,48.3,302.0,579.6,Green Mobility,Hubli,Completed,Good,D1956,Rainy,22.5,76.0,26.32,Healthy
EV1957,Kia EV6,Kia,2023,77,97.3,2031-05-18 05:45:00,2031-05-18 06:30:00,0.75,Belagavi Station 1,Fast,36,41.8,152.0,501.6,Eco Drive,Belagavi,Completed,Good,D1957,Rainy,22.5,76.0,26.32,Healthy
EV1958,Mahindra XUV400,Mahindra,2023,39,92.5,2031-05-19 17:45:00,2031-05-19 18:23:00,0.63,Mangalore Station 1,Normal,32,11.4,261.0,136.80000000000001,Premium Fleet,Mangalore,Completed,Good,D1958,Rainy,22.5,76.0,26.32,Healthy
EV1959,Mahindra XUV400,Mahindra,2023,39,95.9,2031-05-20 22:45:00,2031-05-21 00:02:00,1.28,Bangalore Station 2,Normal,35,24.4,78.0,292.8,EV Fleet India,Bangalore,Completed,Good,D1959,Sunny,22.5,76.0,26.32,Healthy
EV1960,BYD Atto 3,BYD,2023,60,93.1,2031-05-21 01:00:00,2031-05-21 01:56:00,0.93,Bangalore Station 2,Fast,28,44.4,115.0,532.79999999999995,EV Fleet India,Bangalore,Completed,Good,D1960,Sunny,22.5,76.0,26.32,Healthy
EV1961,Kia EV6,Kia,2023,77,96.7,2031-05-22 14:00:00,2031-05-22 14:32:00,0.53,Belagavi Station 2,Fast,37,26.8,308.0,321.60000000000002,EV Fleet India,Belagavi,Completed,Good,D1961,Rainy,22.5,76.0,26.32,Healthy
EV1962,Mahindra XUV400,Mahindra,2023,39,94.6,2031-05-23 15:30:00,2031-05-23 15:48:00,0.3,Belagavi Station 2,Fast,38,17.0,269.0,204,City EV,Belagavi,Completed,Good,D1962,Cloudy,22.5,76.0,26.32,Healthy
EV1963,Tata Nexon EV,Tata,2023,40,95.0,2031-05-24 01:45:00,2031-05-24 02:23:00,0.63,Mangalore Station 2,Normal,29,13.1,334.0,157.19999999999999,City EV,Mangalore,Completed,Good,D1963,Cloudy,22.5,76.0,26.32,Healthy
EV1964,BYD Seal,BYD,2023,82,95.6,2031-05-25 21:30:00,2031-05-25 23:54:00,2.4,Mysore Station 2,Normal,35,41.0,177.0,492,Eco Drive,Mysore,Completed,Good,D1964,Sunny,22.5,76.0,26.32,Healthy
EV1965,BYD Seal,BYD,2023,82,92.5,2031-05-26 22:45:00,2031-05-26 23:53:00,1.13,Bangalore Station 1,Fast,38,52.8,148.0,633.6,Eco Drive,Bangalore,Completed,Good,D1965,Cloudy,22.5,76.0,26.32,Healthy
EV1966,Tata Punch EV,Tata,2023,35,96.5,2031-05-27 01:00:00,2031-05-27 01:18:00,0.3,Belagavi Station 2,Fast,34,17.0,127.0,204,Green Mobility,Belagavi,Completed,Good,D1966,Cloudy,22.5,76.0,26.32,Healthy
EV1967,Mahindra XUV400,Mahindra,2023,39,92.8,2031-05-28 18:45:00,2031-05-28 19:26:00,0.68,Mysore Station 2,Fast,32,29.2,254.0,350.4,Eco Drive,Mysore,Completed,Good,D1967,Sunny,22.5,76.0,26.32,Healthy
EV1968,Tata Curvv EV,Tata,2023,55,94.5,2031-05-29 05:45:00,2031-05-29 07:25:00,1.67,Bangalore Station 1,Normal,28,30.2,252.0,362.4,Green Mobility,Bangalore,Completed,Good,D1968,Cloudy,22.5,76.0,26.32,Healthy
EV1969,BYD Seal,BYD,2023,82,95.9,2031-05-30 20:15:00,2031-05-30 21:20:00,1.08,Bangalore Station 1,Fast,33,47.8,309.0,573.6,Green Mobility,Bangalore,Completed,Good,D1969,Rainy,22.5,76.0,26.32,Healthy
EV1970,Tata Punch EV,Tata,2023,35,98.0,2031-05-31 16:30:00,2031-05-31 17:08:00,0.63,Belagavi Station 1,Fast,27,25.2,326.0,302.39999999999998,City EV,Belagavi,Completed,Good,D1970,Cloudy,22.5,76.0,26.32,Healthy
EV1971,MG ZS EV,MG,2023,50,93.1,2031-06-01 17:00:00,2031-06-01 17:44:00,0.73,Belagavi Station 1,Fast,28,38.8,170.0,465.6,City EV,Belagavi,Completed,Good,D1971,Cloudy,22.5,76.0,26.32,Healthy
EV1972,Kia EV6,Kia,2023,77,94.1,2031-06-02 16:30:00,2031-06-02 19:34:00,3.07,Mangalore Station 2,Normal,28,53.5,135.0,642,Premium Fleet,Mangalore,Completed,Good,D1972,Sunny,22.5,76.0,26.32,Healthy
EV1973,Tata Punch EV,Tata,2023,35,98.3,2031-06-03 20:15:00,2031-06-03 21:35:00,1.33,Mysore Station 2,Normal,37,24.4,213.0,292.8,City EV,Mysore,Completed,Good,D1973,Rainy,22.5,76.0,26.32,Healthy
EV1974,Tata Curvv EV,Tata,2023,55,97.4,2031-06-04 00:45:00,2031-06-04 02:55:00,2.17,Mysore Station 1,Normal,38,38.8,215.0,465.6,EV Fleet India,Mysore,Completed,Good,D1974,Cloudy,22.5,76.0,26.32,Healthy
EV1975,BYD Seal,BYD,2023,82,97.0,2031-06-05 23:00:00,2031-06-06 00:25:00,1.42,Hubli Station 1,Fast,39,67.1,271.0,805.2,Eco Drive,Hubli,Completed,Good,D1975,Rainy,22.5,76.0,26.32,Healthy
EV1976,Mahindra XUV400,Mahindra,2023,39,92.5,2031-06-06 02:15:00,2031-06-06 02:54:00,0.65,Bangalore Station 2,Fast,33,29.4,72.0,352.8,EV Fleet India,Bangalore,Completed,Good,D1976,Rainy,22.5,76.0,26.32,Healthy
EV1977,Tata Nexon EV,Tata,2023,40,93.1,2031-06-07 08:30:00,2031-06-07 09:46:00,1.27,Bangalore Station 2,Normal,28,20.8,148.0,249.6,Premium Fleet,Bangalore,Completed,Good,D1977,Cloudy,22.5,76.0,26.32,Healthy
EV1978,BYD Atto 3,BYD,2023,60,96.9,2031-06-08 04:15:00,2031-06-08 05:03:00,0.8,Belagavi Station 2,Fast,33,38.8,242.0,465.6,Eco Drive,Belagavi,Completed,Good,D1978,Sunny,22.5,76.0,26.32,Healthy
EV1979,Mahindra XUV400,Mahindra,2023,39,98.4,2031-06-09 18:30:00,2031-06-09 19:47:00,1.28,Mysore Station 2,Normal,34,23.8,241.0,285.60000000000002,Premium Fleet,Mysore,Completed,Good,D1979,Rainy,22.5,76.0,26.32,Healthy
EV1980,BYD Seal,BYD,2023,82,98.0,2031-06-10 18:00:00,2031-06-10 18:46:00,0.77,Mysore Station 1,Fast,32,38.9,312.0,466.8,City EV,Mysore,Completed,Good,D1980,Sunny,22.5,76.0,26.32,Healthy
EV1981,Tata Punch EV,Tata,2023,35,93.2,2031-06-11 20:15:00,2031-06-11 20:48:00,0.55,Belagavi Station 1,Fast,39,21.4,326.0,256.8,Eco Drive,Belagavi,Completed,Good,D1981,Sunny,22.5,76.0,26.32,Healthy
EV1982,Tata Punch EV,Tata,2023,35,98.1,2031-06-12 01:30:00,2031-06-12 01:45:00,0.25,Bangalore Station 1,Fast,29,16.8,237.0,201.6,Green Mobility,Bangalore,Completed,Good,D1982,Cloudy,22.5,76.0,26.32,Healthy
EV1983,Mahindra XUV400,Mahindra,2023,39,94.5,2031-06-13 04:00:00,2031-06-13 04:34:00,0.57,Hubli Station 1,Fast,36,22.1,206.0,265.2,Green Mobility,Hubli,Completed,Good,D1983,Rainy,22.5,76.0,26.32,Healthy
EV1984,Tata Punch EV,Tata,2023,35,96.5,2031-06-14 00:00:00,2031-06-14 00:18:00,0.3,Mysore Station 2,Fast,32,15.2,308.0,182.4,Eco Drive,Mysore,Completed,Good,D1984,Cloudy,22.5,76.0,26.32,Healthy
EV1985,Tata Curvv EV,Tata,2023,55,98.2,2031-06-15 11:30:00,2031-06-15 12:29:00,0.98,Bangalore Station 2,Fast,35,43.4,275.0,520.79999999999995,Green Mobility,Bangalore,Completed,Good,D1985,Sunny,22.5,76.0,26.32,Healthy
EV1986,Mahindra XUV400,Mahindra,2023,39,95.1,2031-06-16 17:00:00,2031-06-16 17:27:00,0.45,Bangalore Station 2,Fast,38,21.6,120.0,259.2,EV Fleet India,Bangalore,Completed,Good,D1986,Sunny,22.5,76.0,26.32,Healthy
EV1987,MG Comet EV,MG,2023,17,95.5,2031-06-17 08:45:00,2031-06-17 08:57:00,0.2,Mangalore Station 2,Fast,28,12.1,62.0,145.19999999999999,City EV,Mangalore,Completed,Good,D1987,Sunny,22.5,76.0,26.32,Healthy
EV1988,Kia EV6,Kia,2023,77,93.2,2031-06-18 01:15:00,2031-06-18 03:27:00,2.2,Mysore Station 1,Normal,28,39.1,136.0,469.2,EV Fleet India,Mysore,Completed,Good,D1988,Rainy,22.5,76.0,26.32,Healthy
EV1989,Hyundai Kona EV,Hyundai,2023,39,94.3,2031-06-19 00:00:00,2031-06-19 00:18:00,0.3,Belagavi Station 1,Fast,30,19.7,115.0,236.4,Green Mobility,Belagavi,Completed,Good,D1989,Rainy,22.5,76.0,26.32,Healthy
EV1990,Tata Curvv EV,Tata,2023,55,92.4,2031-06-20 15:15:00,2031-06-20 15:57:00,0.7,Mangalore Station 1,Fast,34,29.0,274.0,348,Eco Drive,Mangalore,Completed,Good,D1990,Rainy,22.5,76.0,26.32,Healthy
EV1991,MG Comet EV,MG,2023,17,92.8,2031-06-21 06:00:00,2031-06-21 06:10:00,0.17,Bangalore Station 1,Normal,37,3.8,178.0,45.6,Green Mobility,Bangalore,Completed,Good,D1991,Rainy,22.5,76.0,26.32,Healthy
EV1992,Tata Nexon EV,Tata,2023,40,96.5,2031-06-22 19:45:00,2031-06-22 21:07:00,1.37,Belagavi Station 1,Normal,33,23.1,348.0,277.2,Green Mobility,Belagavi,Completed,Good,D1992,Sunny,22.5,76.0,26.32,Healthy
EV1993,MG Comet EV,MG,2023,17,95.1,2031-06-23 09:15:00,2031-06-23 09:42:00,0.45,Mysore Station 1,Normal,38,7.4,146.0,88.8,City EV,Mysore,Completed,Good,D1993,Cloudy,22.5,76.0,26.32,Healthy
EV1994,Kia EV6,Kia,2023,77,93.0,2031-06-24 21:00:00,2031-06-24 21:19:00,0.32,Belagavi Station 1,Fast,31,17.3,254.0,207.6,EV Fleet India,Belagavi,Completed,Good,D1994,Sunny,22.5,76.0,26.32,Healthy
EV1995,Hyundai Kona EV,Hyundai,2023,39,97.3,2031-06-25 07:30:00,2031-06-25 08:05:00,0.58,Bangalore Station 1,Normal,36,10.0,261.0,120,Green Mobility,Bangalore,Completed,Good,D1995,Cloudy,22.5,76.0,26.32,Healthy
EV1996,BYD Seal,BYD,2023,82,95.9,2031-06-26 09:00:00,2031-06-26 10:31:00,1.52,Belagavi Station 1,Normal,31,28.0,206.0,336,Premium Fleet,Belagavi,Completed,Good,D1996,Cloudy,22.5,76.0,26.32,Healthy
EV1997,Hyundai Kona EV,Hyundai,2023,39,96.2,2031-06-27 04:45:00,2031-06-27 04:58:00,0.22,Hubli Station 2,Fast,30,15.7,124.0,188.4,City EV,Hubli,Completed,Good,D1997,Sunny,22.5,76.0,26.32,Healthy
EV1998,Tata Nexon EV,Tata,2023,40,96.5,2031-06-28 10:00:00,2031-06-28 11:42:00,1.7,Bangalore Station 1,Normal,34,31.9,207.0,382.8,Green Mobility,Bangalore,Completed,Good,D1998,Sunny,22.5,76.0,26.32,Healthy
EV1999,Tata Nexon EV,Tata,2023,40,93.7,2031-06-29 19:30:00,2031-06-29 20:01:00,0.52,Bangalore Station 2,Fast,39,25.5,93.0,306,Premium Fleet,Bangalore,Completed,Good,D1999,Sunny,22.5,76.0,26.32,Healthy
EV2000,Tata Curvv EV,Tata,2023,55,94.7,2031-06-30 08:45:00,2031-06-30 09:14:00,0.48,Belagavi Station 2,Fast,27,21.9,237.0,262.8,Green Mobility,Belagavi,Completed,Good,D2000,Rainy,22.5,76.0,26.32,Healthy
EV2001,Hyundai Kona EV,Hyundai,2023,39,95.4,2031-07-01 06:00:00,2031-07-01 06:19:00,0.32,Belagavi Station 1,Fast,39,12.4,143.0,148.80000000000001,City EV,Belagavi,Completed,Good,D2001,Sunny,22.5,76.0,26.32,Healthy
EV2002,MG ZS EV,MG,2023,50,94.7,2031-07-02 06:45:00,2031-07-02 07:13:00,0.47,Hubli Station 1,Fast,29,25.1,287.0,301.2,City EV,Hubli,Completed,Good,D2002,Sunny,22.5,76.0,26.32,Healthy
EV2003,Tata Punch EV,Tata,2023,35,95.8,2031-07-03 06:00:00,2031-07-03 06:33:00,0.55,Belagavi Station 1,Normal,35,11.0,155.0,132,Green Mobility,Belagavi,Completed,Good,D2003,Rainy,22.5,76.0,26.32,Healthy
EV2004,MG Comet EV,MG,2023,17,98.1,2031-07-04 21:15:00,2031-07-04 21:30:00,0.25,Belagavi Station 2,Fast,28,8.0,197.0,96,EV Fleet India,Belagavi,Completed,Good,D2004,Cloudy,22.5,76.0,26.32,Healthy
EV2005,Tata Punch EV,Tata,2023,35,95.3,2031-07-05 05:30:00,2031-07-05 07:02:00,1.53,Belagavi Station 1,Normal,27,28.1,317.0,337.2,Premium Fleet,Belagavi,Completed,Good,D2005,Sunny,22.5,76.0,26.32,Healthy
EV2006,Tata Curvv EV,Tata,2023,55,92.5,2031-07-06 19:00:00,2031-07-06 19:16:00,0.27,Bangalore Station 1,Fast,27,15.0,209.0,180,City EV,Bangalore,Completed,Good,D2006,Sunny,22.5,76.0,26.32,Healthy
EV2007,Tata Curvv EV,Tata,2023,55,94.3,2031-07-07 06:15:00,2031-07-07 07:00:00,0.75,Hubli Station 1,Fast,28,32.9,116.0,394.8,EV Fleet India,Hubli,Completed,Good,D2007,Sunny,22.5,76.0,26.32,Healthy
EV2008,Tata Punch EV,Tata,2023,35,95.0,2031-07-08 20:00:00,2031-07-08 21:31:00,1.52,Hubli Station 1,Normal,32,25.5,218.0,306,Green Mobility,Hubli,Completed,Good,D2008,Sunny,22.5,76.0,26.32,Healthy
EV2009,BYD Seal,BYD,2023,82,94.9,2031-07-09 23:00:00,2031-07-09 23:42:00,0.7,Hubli Station 1,Fast,29,32.0,143.0,384,Green Mobility,Hubli,Completed,Good,D2009,Cloudy,22.5,76.0,26.32,Healthy
EV2010,Hyundai Kona EV,Hyundai,2023,39,93.8,2031-07-10 16:15:00,2031-07-10 16:33:00,0.3,Bangalore Station 2,Fast,28,17.4,332.0,208.8,City EV,Bangalore,Completed,Good,D2010,Cloudy,22.5,76.0,26.32,Healthy
EV2011,MG Comet EV,MG,2023,17,97.5,2031-07-11 20:15:00,2031-07-11 20:19:00,0.07,Mangalore Station 1,Fast,30,4.9,102.0,58.8,Green Mobility,Mangalore,Completed,Good,D2011,Rainy,22.5,76.0,26.32,Healthy
EV2012,MG Comet EV,MG,2023,17,97.8,2031-07-12 20:15:00,2031-07-12 20:41:00,0.43,Mangalore Station 2,Normal,39,5.7,300.0,68.400000000000006,Green Mobility,Mangalore,Completed,Good,D2012,Sunny,22.5,76.0,26.32,Healthy
EV2013,Tata Punch EV,Tata,2023,35,94.6,2031-07-13 13:15:00,2031-07-13 14:10:00,0.92,Belagavi Station 1,Normal,35,18.1,313.0,217.2,Green Mobility,Belagavi,Completed,Good,D2013,Sunny,22.5,76.0,26.32,Healthy
EV2014,MG Comet EV,MG,2023,17,93.2,2031-07-14 01:00:00,2031-07-14 01:06:00,0.1,Belagavi Station 2,Fast,28,7.1,264.0,85.2,Eco Drive,Belagavi,Completed,Good,D2014,Rainy,22.5,76.0,26.32,Healthy
EV2015,Tata Punch EV,Tata,2023,35,97.8,2031-07-15 17:45:00,2031-07-15 18:01:00,0.27,Bangalore Station 2,Fast,33,10.2,156.0,122.4,City EV,Bangalore,Completed,Good,D2015,Sunny,22.5,76.0,26.32,Healthy
EV2016,Tata Nexon EV,Tata,2023,40,96.2,2031-07-16 08:45:00,2031-07-16 09:10:00,0.42,Mysore Station 1,Fast,34,23.4,260.0,280.8,City EV,Mysore,Completed,Good,D2016,Sunny,22.5,76.0,26.32,Healthy
EV2017,BYD Atto 3,BYD,2023,60,92.9,2031-07-17 05:45:00,2031-07-17 06:05:00,0.33,Bangalore Station 2,Fast,36,16.1,199.0,193.2,City EV,Bangalore,Completed,Good,D2017,Rainy,22.5,76.0,26.32,Healthy
EV2018,BYD Seal,BYD,2023,82,93.6,2031-07-18 21:45:00,2031-07-18 22:46:00,1.02,Mangalore Station 1,Fast,33,50.7,227.0,608.4,EV Fleet India,Mangalore,Completed,Good,D2018,Sunny,22.5,76.0,26.32,Healthy
EV2019,BYD Seal,BYD,2023,82,94.9,2031-07-19 10:15:00,2031-07-19 12:25:00,2.17,Mysore Station 2,Normal,30,39.2,174.0,470.4,Premium Fleet,Mysore,Completed,Good,D2019,Sunny,22.5,76.0,26.32,Healthy
EV2020,MG Comet EV,MG,2023,17,95.9,2031-07-20 06:45:00,2031-07-20 07:05:00,0.33,Hubli Station 1,Normal,27,6.0,261.0,72,EV Fleet India,Hubli,Completed,Good,D2020,Rainy,22.5,76.0,26.32,Healthy
EV2021,MG Comet EV,MG,2023,17,96.0,2031-07-21 13:45:00,2031-07-21 14:18:00,0.55,Bangalore Station 1,Normal,37,10.9,91.0,130.80000000000001,EV Fleet India,Bangalore,Completed,Good,D2021,Cloudy,22.5,76.0,26.32,Healthy
EV2022,MG Comet EV,MG,2023,17,97.2,2031-07-22 15:15:00,2031-07-22 15:32:00,0.28,Mysore Station 1,Fast,28,7.9,135.0,94.8,Eco Drive,Mysore,Completed,Good,D2022,Cloudy,22.5,76.0,26.32,Healthy
EV2023,Hyundai Kona EV,Hyundai,2023,39,97.5,2031-07-23 17:15:00,2031-07-23 17:43:00,0.47,Belagavi Station 1,Fast,29,24.4,198.0,292.8,Green Mobility,Belagavi,Completed,Good,D2023,Cloudy,22.5,76.0,26.32,Healthy
EV2024,MG Comet EV,MG,2023,17,96.1,2031-07-24 07:45:00,2031-07-24 07:48:00,0.05,Hubli Station 2,Fast,38,6.1,326.0,73.2,EV Fleet India,Hubli,Completed,Good,D2024,Rainy,22.5,76.0,26.32,Healthy
EV2025,Hyundai Kona EV,Hyundai,2023,39,97.8,2031-07-25 20:45:00,2031-07-25 21:54:00,1.15,Mangalore Station 2,Normal,36,21.3,177.0,255.6,City EV,Mangalore,Completed,Good,D2025,Rainy,22.5,76.0,26.32,Healthy
EV2026,Tata Nexon EV,Tata,2023,40,97.4,2031-07-26 03:30:00,2031-07-26 04:25:00,0.92,Bangalore Station 1,Normal,36,16.8,200.0,201.6,EV Fleet India,Bangalore,Completed,Good,D2026,Sunny,22.5,76.0,26.32,Healthy
EV2027,MG Comet EV,MG,2023,17,94.9,2031-07-27 18:30:00,2031-07-27 18:51:00,0.35,Mysore Station 2,Fast,27,11.5,265.0,138,Eco Drive,Mysore,Completed,Good,D2027,Sunny,22.5,76.0,26.32,Healthy
EV2028,BYD Seal,BYD,2023,82,96.2,2031-07-28 04:30:00,2031-07-28 07:44:00,3.23,Bangalore Station 2,Normal,28,59.9,170.0,718.8,City EV,Bangalore,Completed,Good,D2028,Sunny,22.5,76.0,26.32,Healthy
EV2029,MG ZS EV,MG,2023,50,92.5,2031-07-29 13:30:00,2031-07-29 13:54:00,0.4,Bangalore Station 1,Fast,31,20.4,116.0,244.8,Green Mobility,Bangalore,Completed,Good,D2029,Cloudy,22.5,76.0,26.32,Healthy
EV2030,Tata Punch EV,Tata,2023,35,98.1,2031-07-30 00:00:00,2031-07-30 00:32:00,0.53,Hubli Station 1,Fast,32,23.5,221.0,282,EV Fleet India,Hubli,Completed,Good,D2030,Sunny,22.5,76.0,26.32,Healthy
EV2031,BYD Atto 3,BYD,2023,60,93.0,2031-07-31 18:00:00,2031-07-31 18:40:00,0.67,Hubli Station 1,Fast,36,27.8,304.0,333.6,EV Fleet India,Hubli,Completed,Good,D2031,Rainy,22.5,76.0,26.32,Healthy
EV2032,BYD Seal,BYD,2023,82,93.5,2031-08-01 07:45:00,2031-08-01 08:42:00,0.95,Mangalore Station 1,Fast,36,48.3,182.0,579.6,Green Mobility,Mangalore,Completed,Good,D2032,Cloudy,22.5,76.0,26.32,Healthy
EV2033,BYD Atto 3,BYD,2023,60,94.5,2031-08-02 12:45:00,2031-08-02 13:13:00,0.47,Bangalore Station 1,Fast,27,22.0,152.0,264,EV Fleet India,Bangalore,Completed,Good,D2033,Sunny,22.5,76.0,26.32,Healthy
EV2034,BYD Seal,BYD,2023,82,96.3,2031-08-03 15:30:00,2031-08-03 18:12:00,2.7,Mysore Station 1,Normal,39,48.6,285.0,583.20000000000005,Eco Drive,Mysore,Completed,Good,D2034,Rainy,22.5,76.0,26.32,Healthy
EV2035,Hyundai Kona EV,Hyundai,2023,39,93.1,2031-08-04 14:00:00,2031-08-04 14:45:00,0.75,Mysore Station 2,Normal,30,14.3,258.0,171.6,Green Mobility,Mysore,Completed,Good,D2035,Cloudy,22.5,76.0,26.32,Healthy
EV2036,MG ZS EV,MG,2023,50,96.8,2031-08-05 18:45:00,2031-08-05 19:17:00,0.53,Mangalore Station 2,Fast,31,22.8,317.0,273.60000000000002,EV Fleet India,Mangalore,Completed,Good,D2036,Cloudy,22.5,76.0,26.32,Healthy
EV2037,Tata Curvv EV,Tata,2023,55,94.6,2031-08-06 03:00:00,2031-08-06 05:09:00,2.15,Bangalore Station 1,Normal,31,37.5,301.0,450,Eco Drive,Bangalore,Completed,Good,D2037,Rainy,22.5,76.0,26.32,Healthy
EV2038,Hyundai Kona EV,Hyundai,2023,39,97.9,2031-08-07 11:45:00,2031-08-07 12:11:00,0.43,Hubli Station 1,Fast,38,23.9,117.0,286.8,EV Fleet India,Hubli,Completed,Good,D2038,Rainy,22.5,76.0,26.32,Healthy
EV2039,MG Comet EV,MG,2023,17,97.5,2031-08-08 19:15:00,2031-08-08 19:47:00,0.53,Mysore Station 1,Normal,33,10.1,183.0,121.2,Premium Fleet,Mysore,Completed,Good,D2039,Rainy,22.5,76.0,26.32,Healthy
EV2040,Tata Nexon EV,Tata,2023,40,95.9,2031-08-09 14:30:00,2031-08-09 14:54:00,0.4,Hubli Station 1,Fast,29,20.8,195.0,249.6,Green Mobility,Hubli,Completed,Good,D2040,Sunny,22.5,76.0,26.32,Healthy
EV2041,MG Comet EV,MG,2023,17,98.2,2031-08-10 23:30:00,2031-08-11 00:06:00,0.6,Hubli Station 1,Normal,27,10.2,212.0,122.4,Premium Fleet,Hubli,Completed,Good,D2041,Rainy,22.5,76.0,26.32,Healthy
EV2042,Kia EV6,Kia,2023,77,98.0,2031-08-11 09:15:00,2031-08-11 10:27:00,1.2,Mysore Station 2,Normal,30,20.3,315.0,243.6,Eco Drive,Mysore,Completed,Good,D2042,Rainy,22.5,76.0,26.32,Healthy
EV2043,Tata Punch EV,Tata,2023,35,93.8,2031-08-12 18:30:00,2031-08-12 19:40:00,1.17,Hubli Station 2,Normal,28,18.6,146.0,223.2,Eco Drive,Hubli,Completed,Good,D2043,Rainy,22.5,76.0,26.32,Healthy
EV2044,Tata Punch EV,Tata,2023,35,92.4,2031-08-13 07:00:00,2031-08-13 07:26:00,0.43,Mangalore Station 2,Fast,27,17.4,231.0,208.8,Green Mobility,Mangalore,Completed,Good,D2044,Cloudy,22.5,76.0,26.32,Healthy
EV2045,Kia EV6,Kia,2023,77,94.9,2031-08-14 16:00:00,2031-08-14 17:49:00,1.82,Mangalore Station 1,Normal,37,34.0,330.0,408,EV Fleet India,Mangalore,Completed,Good,D2045,Cloudy,22.5,76.0,26.32,Healthy
EV2046,Mahindra XUV400,Mahindra,2023,39,93.8,2031-08-15 03:45:00,2031-08-15 04:18:00,0.55,Mangalore Station 2,Fast,32,26.7,107.0,320.39999999999998,Eco Drive,Mangalore,Completed,Good,D2046,Rainy,22.5,76.0,26.32,Healthy
EV2047,MG Comet EV,MG,2023,17,95.9,2031-08-16 23:30:00,2031-08-16 23:47:00,0.28,Mysore Station 1,Normal,28,6.8,202.0,81.599999999999994,EV Fleet India,Mysore,Completed,Good,D2047,Sunny,22.5,76.0,26.32,Healthy
EV2048,Kia EV6,Kia,2023,77,92.5,2031-08-17 07:30:00,2031-08-17 09:47:00,2.28,Hubli Station 1,Normal,32,42.4,109.0,508.8,Eco Drive,Hubli,Completed,Good,D2048,Sunny,22.5,76.0,26.32,Healthy
EV2049,Tata Punch EV,Tata,2023,35,97.8,2031-08-18 05:00:00,2031-08-18 05:36:00,0.6,Hubli Station 1,Fast,38,24.6,311.0,295.2,Eco Drive,Hubli,Completed,Good,D2049,Rainy,22.5,76.0,26.32,Healthy
EV2050,Tata Punch EV,Tata,2023,35,96.7,2031-08-19 13:45:00,2031-08-19 14:35:00,0.83,Mysore Station 2,Normal,31,16.4,143.0,196.8,Premium Fleet,Mysore,Completed,Good,D2050,Rainy,22.5,76.0,26.32,Healthy
EV2051,BYD Seal,BYD,2023,82,94.4,2031-08-20 19:15:00,2031-08-20 20:13:00,0.97,Mangalore Station 2,Fast,36,52.4,217.0,628.79999999999995,EV Fleet India,Mangalore,Completed,Good,D2051,Cloudy,22.5,76.0,26.32,Healthy
EV2052,Mahindra XUV400,Mahindra,2023,39,97.8,2031-08-21 12:45:00,2031-08-21 13:34:00,0.82,Hubli Station 2,Normal,34,13.9,251.0,166.8,EV Fleet India,Hubli,Completed,Good,D2052,Sunny,22.5,76.0,26.32,Healthy
EV2053,Tata Punch EV,Tata,2023,35,92.5,2031-08-22 15:00:00,2031-08-22 15:57:00,0.95,Belagavi Station 1,Normal,37,15.5,114.0,186,Premium Fleet,Belagavi,Completed,Good,D2053,Rainy,22.5,76.0,26.32,Healthy
EV2054,Mahindra XUV400,Mahindra,2023,39,93.4,2031-08-23 10:45:00,2031-08-23 11:03:00,0.3,Hubli Station 2,Fast,37,19.1,125.0,229.2,Premium Fleet,Hubli,Completed,Good,D2054,Cloudy,22.5,76.0,26.32,Healthy
EV2055,BYD Seal,BYD,2023,82,96.6,2031-08-24 11:30:00,2031-08-24 14:15:00,2.75,Mangalore Station 1,Normal,30,50.1,316.0,601.20000000000005,Green Mobility,Mangalore,Completed,Good,D2055,Sunny,22.5,76.0,26.32,Healthy
EV2056,Tata Curvv EV,Tata,2023,55,96.2,2031-08-25 04:45:00,2031-08-25 05:42:00,0.95,Mangalore Station 2,Normal,37,14.8,157.0,177.6,Green Mobility,Mangalore,Completed,Good,D2056,Cloudy,22.5,76.0,26.32,Healthy
EV2057,MG Comet EV,MG,2023,17,96.4,2031-08-26 06:00:00,2031-08-26 06:07:00,0.12,Hubli Station 2,Fast,35,8.6,173.0,103.2,EV Fleet India,Hubli,Completed,Good,D2057,Cloudy,22.5,76.0,26.32,Healthy
EV2058,Tata Nexon EV,Tata,2023,40,94.9,2031-08-27 00:15:00,2031-08-27 01:11:00,0.93,Hubli Station 2,Normal,32,15.3,228.0,183.6,City EV,Hubli,Completed,Good,D2058,Cloudy,22.5,76.0,26.32,Healthy
EV2059,Kia EV6,Kia,2023,77,97.1,2031-08-28 00:30:00,2031-08-28 01:18:00,0.8,Mysore Station 2,Fast,39,39.6,129.0,475.2,Premium Fleet,Mysore,Completed,Good,D2059,Rainy,22.5,76.0,26.32,Healthy
EV2060,MG ZS EV,MG,2023,50,97.9,2031-08-29 08:45:00,2031-08-29 09:12:00,0.45,Hubli Station 2,Fast,33,24.8,261.0,297.60000000000002,EV Fleet India,Hubli,Completed,Good,D2060,Cloudy,22.5,76.0,26.32,Healthy
EV2061,Tata Punch EV,Tata,2023,35,93.2,2031-08-30 22:30:00,2031-08-30 23:59:00,1.48,Mysore Station 2,Normal,36,24.6,173.0,295.2,Eco Drive,Mysore,Completed,Good,D2061,Sunny,22.5,76.0,26.32,Healthy
EV2062,Mahindra XUV400,Mahindra,2023,39,93.9,2031-08-31 09:45:00,2031-08-31 10:50:00,1.08,Mangalore Station 2,Normal,30,19.8,310.0,237.6,EV Fleet India,Mangalore,Completed,Good,D2062,Rainy,22.5,76.0,26.32,Healthy
EV2063,Mahindra XUV400,Mahindra,2023,39,93.8,2031-09-01 21:30:00,2031-09-01 22:33:00,1.05,Hubli Station 2,Normal,33,18.7,162.0,224.4,EV Fleet India,Hubli,Completed,Good,D2063,Sunny,22.5,76.0,26.32,Healthy
EV2064,BYD Seal,BYD,2023,82,93.5,2031-09-02 04:15:00,2031-09-02 06:34:00,2.32,Belagavi Station 2,Normal,38,42.1,147.0,505.2,Eco Drive,Belagavi,Completed,Good,D2064,Rainy,22.5,76.0,26.32,Healthy
EV2065,Tata Curvv EV,Tata,2023,55,93.4,2031-09-03 15:15:00,2031-09-03 16:57:00,1.7,Bangalore Station 1,Normal,36,31.6,244.0,379.2,Premium Fleet,Bangalore,Completed,Good,D2065,Sunny,22.5,76.0,26.32,Healthy
EV2066,Mahindra XUV400,Mahindra,2023,39,96.6,2031-09-04 05:00:00,2031-09-04 05:57:00,0.95,Hubli Station 1,Normal,34,18.1,288.0,217.2,EV Fleet India,Hubli,Completed,Good,D2066,Rainy,22.5,76.0,26.32,Healthy
EV2067,Tata Punch EV,Tata,2023,35,92.6,2031-09-05 19:45:00,2031-09-05 20:08:00,0.38,Mysore Station 1,Fast,29,18.0,270.0,216,City EV,Mysore,Completed,Good,D2067,Rainy,22.5,76.0,26.32,Healthy
EV2068,Mahindra XUV400,Mahindra,2023,39,93.4,2031-09-06 02:30:00,2031-09-06 03:07:00,0.62,Bangalore Station 1,Fast,38,25.0,343.0,300,Green Mobility,Bangalore,Completed,Good,D2068,Rainy,22.5,76.0,26.32,Healthy
EV2069,Mahindra XUV400,Mahindra,2023,39,94.0,2031-09-07 23:30:00,2031-09-07 23:45:00,0.25,Mangalore Station 2,Fast,35,11.7,169.0,140.4,City EV,Mangalore,Completed,Good,D2069,Rainy,22.5,76.0,26.32,Healthy
EV2070,Mahindra XUV400,Mahindra,2023,39,97.5,2031-09-08 15:45:00,2031-09-08 16:39:00,0.9,Bangalore Station 2,Normal,34,15.5,81.0,186,EV Fleet India,Bangalore,Completed,Good,D2070,Rainy,22.5,76.0,26.32,Healthy
EV2071,Tata Curvv EV,Tata,2023,55,97.1,2031-09-09 16:30:00,2031-09-09 16:50:00,0.33,Hubli Station 1,Fast,38,20.1,237.0,241.2,Green Mobility,Hubli,Completed,Good,D2071,Sunny,22.5,76.0,26.32,Healthy
EV2072,Mahindra XUV400,Mahindra,2023,39,93.8,2031-09-10 02:30:00,2031-09-10 02:58:00,0.47,Mangalore Station 1,Fast,39,21.9,189.0,262.8,EV Fleet India,Mangalore,Completed,Good,D2072,Rainy,22.5,76.0,26.32,Healthy
EV2073,BYD Atto 3,BYD,2023,60,95.0,2031-09-11 22:30:00,2031-09-11 23:50:00,1.33,Belagavi Station 1,Normal,36,24.9,131.0,298.8,Premium Fleet,Belagavi,Completed,Good,D2073,Rainy,22.5,76.0,26.32,Healthy
EV2074,Tata Punch EV,Tata,2023,35,94.9,2031-09-12 10:45:00,2031-09-12 11:22:00,0.62,Mysore Station 1,Fast,35,28.6,202.0,343.2,Eco Drive,Mysore,Completed,Good,D2074,Rainy,22.5,76.0,26.32,Healthy
EV2075,MG ZS EV,MG,2023,50,97.6,2031-09-13 17:30:00,2031-09-13 19:01:00,1.52,Hubli Station 1,Normal,38,26.8,346.0,321.60000000000002,EV Fleet India,Hubli,Completed,Good,D2075,Sunny,22.5,76.0,26.32,Healthy
EV2076,Tata Punch EV,Tata,2023,35,92.8,2031-09-14 20:00:00,2031-09-14 20:45:00,0.75,Belagavi Station 2,Normal,36,14.6,349.0,175.2,Eco Drive,Belagavi,Completed,Good,D2076,Cloudy,22.5,76.0,26.32,Healthy
EV2077,MG Comet EV,MG,2023,17,96.2,2031-09-15 11:45:00,2031-09-15 11:57:00,0.2,Bangalore Station 2,Fast,35,10.4,71.0,124.8,Premium Fleet,Bangalore,Completed,Good,D2077,Sunny,22.5,76.0,26.32,Healthy
EV2078,Mahindra XUV400,Mahindra,2023,39,98.1,2031-09-16 23:30:00,2031-09-17 00:02:00,0.53,Belagavi Station 2,Fast,29,20.9,306.0,250.8,Premium Fleet,Belagavi,Completed,Good,D2078,Cloudy,22.5,76.0,26.32,Healthy
EV2079,Mahindra XUV400,Mahindra,2023,39,97.4,2031-09-17 12:30:00,2031-09-17 14:01:00,1.52,Bangalore Station 2,Normal,39,26.4,169.0,316.8,Green Mobility,Bangalore,Completed,Good,D2079,Rainy,22.5,76.0,26.32,Healthy
EV2080,Mahindra XUV400,Mahindra,2023,39,96.9,2031-09-18 11:45:00,2031-09-18 11:59:00,0.23,Hubli Station 1,Fast,32,16.4,323.0,196.8,Eco Drive,Hubli,Completed,Good,D2080,Sunny,22.5,76.0,26.32,Healthy
EV2081,BYD Atto 3,BYD,2023,60,95.1,2031-09-19 16:00:00,2031-09-19 16:48:00,0.8,Bangalore Station 1,Fast,28,40.5,280.0,486,Green Mobility,Bangalore,Completed,Good,D2081,Cloudy,22.5,76.0,26.32,Healthy
EV2082,Mahindra XUV400,Mahindra,2023,39,93.7,2031-09-20 07:15:00,2031-09-20 07:30:00,0.25,Bangalore Station 1,Fast,33,10.8,126.0,129.6,Eco Drive,Bangalore,Completed,Good,D2082,Rainy,22.5,76.0,26.32,Healthy
EV2083,Tata Nexon EV,Tata,2023,40,95.7,2031-09-21 07:30:00,2031-09-21 07:50:00,0.33,Hubli Station 2,Fast,33,16.6,111.0,199.2,Eco Drive,Hubli,Completed,Good,D2083,Rainy,22.5,76.0,26.32,Healthy
EV2084,BYD Atto 3,BYD,2023,60,97.9,2031-09-22 20:45:00,2031-09-22 22:31:00,1.77,Mangalore Station 2,Normal,31,29.7,328.0,356.4,Premium Fleet,Mangalore,Completed,Good,D2084,Rainy,22.5,76.0,26.32,Healthy
EV2085,MG ZS EV,MG,2023,50,92.8,2031-09-23 15:45:00,2031-09-23 16:32:00,0.78,Bangalore Station 1,Fast,37,35.4,284.0,424.8,Eco Drive,Bangalore,Completed,Good,D2085,Sunny,22.5,76.0,26.32,Healthy
EV2086,Tata Punch EV,Tata,2023,35,96.1,2031-09-24 03:15:00,2031-09-24 03:31:00,0.27,Mangalore Station 1,Fast,31,12.1,295.0,145.19999999999999,Green Mobility,Mangalore,Completed,Good,D2086,Cloudy,22.5,76.0,26.32,Healthy
EV2087,Tata Punch EV,Tata,2023,35,94.0,2031-09-25 17:30:00,2031-09-25 18:55:00,1.42,Hubli Station 2,Normal,32,25.8,68.0,309.60000000000002,EV Fleet India,Hubli,Completed,Good,D2087,Sunny,22.5,76.0,26.32,Healthy
EV2088,MG Comet EV,MG,2023,17,94.2,2031-09-26 11:30:00,2031-09-26 11:38:00,0.13,Bangalore Station 1,Fast,34,8.0,329.0,96,City EV,Bangalore,Completed,Good,D2088,Cloudy,22.5,76.0,26.32,Healthy
EV2089,Kia EV6,Kia,2023,77,92.9,2031-09-27 18:00:00,2031-09-27 20:09:00,2.15,Hubli Station 1,Normal,30,38.1,117.0,457.2,Green Mobility,Hubli,Completed,Good,D2089,Rainy,22.5,76.0,26.32,Healthy
EV2090,Tata Curvv EV,Tata,2023,55,95.6,2031-09-28 09:45:00,2031-09-28 10:11:00,0.43,Bangalore Station 1,Fast,35,23.9,256.0,286.8,Premium Fleet,Bangalore,Completed,Good,D2090,Rainy,22.5,76.0,26.32,Healthy
EV2091,Tata Nexon EV,Tata,2023,40,96.1,2031-09-29 13:15:00,2031-09-29 13:38:00,0.38,Bangalore Station 1,Fast,30,23.2,86.0,278.39999999999998,EV Fleet India,Bangalore,Completed,Good,D2091,Sunny,22.5,76.0,26.32,Healthy
EV2092,MG Comet EV,MG,2023,17,96.4,2031-09-30 19:00:00,2031-09-30 19:18:00,0.3,Bangalore Station 2,Fast,33,8.5,310.0,102,Eco Drive,Bangalore,Completed,Good,D2092,Cloudy,22.5,76.0,26.32,Healthy
EV2093,BYD Atto 3,BYD,2023,60,95.3,2031-10-01 02:15:00,2031-10-01 04:08:00,1.88,Belagavi Station 1,Normal,28,33.6,166.0,403.2,Eco Drive,Belagavi,Completed,Good,D2093,Rainy,22.5,76.0,26.32,Healthy
EV2094,Tata Nexon EV,Tata,2023,40,96.8,2031-10-02 12:45:00,2031-10-02 13:43:00,0.97,Hubli Station 2,Normal,30,16.0,205.0,192,EV Fleet India,Hubli,Completed,Good,D2094,Sunny,22.5,76.0,26.32,Healthy
EV2095,MG Comet EV,MG,2023,17,93.6,2031-10-03 07:00:00,2031-10-03 07:18:00,0.3,Belagavi Station 2,Fast,38,9.9,265.0,118.8,EV Fleet India,Belagavi,Completed,Good,D2095,Sunny,22.5,76.0,26.32,Healthy
EV2096,MG ZS EV,MG,2023,50,95.0,2031-10-04 14:00:00,2031-10-04 14:26:00,0.43,Hubli Station 2,Fast,30,23.7,215.0,284.39999999999998,Eco Drive,Hubli,Completed,Good,D2096,Sunny,22.5,76.0,26.32,Healthy
EV2097,Kia EV6,Kia,2023,77,96.4,2031-10-05 00:45:00,2031-10-05 04:01:00,3.27,Belagavi Station 1,Normal,29,57.2,350.0,686.4,City EV,Belagavi,Completed,Good,D2097,Sunny,22.5,76.0,26.32,Healthy
EV2098,BYD Seal,BYD,2023,82,95.7,2031-10-06 08:45:00,2031-10-06 10:01:00,1.27,Belagavi Station 2,Fast,34,64.5,139.0,774,City EV,Belagavi,Completed,Good,D2098,Sunny,22.5,76.0,26.32,Healthy
EV2099,MG Comet EV,MG,2023,17,97.2,2031-10-07 20:00:00,2031-10-07 20:14:00,0.23,Bangalore Station 2,Fast,38,11.3,60.0,135.6,Premium Fleet,Bangalore,Completed,Good,D2099,Rainy,22.5,76.0,26.32,Healthy
EV2100,Kia EV6,Kia,2023,77,94.7,2031-10-08 22:30:00,2031-10-08 23:30:00,1.0,Mangalore Station 2,Fast,28,47.3,340.0,567.6,Green Mobility,Mangalore,Completed,Good,D2100,Sunny,22.5,76.0,26.32,Healthy
EV2101,Tata Punch EV,Tata,2023,35,95.0,2031-10-09 16:15:00,2031-10-09 17:36:00,1.35,Mysore Station 2,Normal,36,21.9,150.0,262.8,EV Fleet India,Mysore,Completed,Good,D2101,Sunny,22.5,76.0,26.32,Healthy
EV2102,MG ZS EV,MG,2023,50,93.8,2031-10-10 22:45:00,2031-10-10 23:13:00,0.47,Mysore Station 1,Fast,28,27.3,108.0,327.60000000000002,EV Fleet India,Mysore,Completed,Good,D2102,Sunny,22.5,76.0,26.32,Healthy
EV2103,MG Comet EV,MG,2023,17,94.2,2031-10-11 00:30:00,2031-10-11 00:38:00,0.13,Mangalore Station 2,Fast,39,5.7,251.0,68.400000000000006,EV Fleet India,Mangalore,Completed,Good,D2103,Sunny,22.5,76.0,26.32,Healthy
EV2104,Mahindra XUV400,Mahindra,2023,39,96.1,2031-10-12 17:15:00,2031-10-12 18:35:00,1.33,Mangalore Station 2,Normal,31,25.2,112.0,302.39999999999998,City EV,Mangalore,Completed,Good,D2104,Rainy,22.5,76.0,26.32,Healthy
EV2105,Hyundai Kona EV,Hyundai,2023,39,93.0,2031-10-13 17:30:00,2031-10-13 18:05:00,0.58,Bangalore Station 2,Normal,34,9.3,170.0,111.6,Green Mobility,Bangalore,Completed,Good,D2105,Rainy,22.5,76.0,26.32,Healthy
EV2106,Tata Punch EV,Tata,2023,35,96.8,2031-10-14 12:30:00,2031-10-14 12:44:00,0.23,Mangalore Station 1,Fast,38,15.8,343.0,189.6,EV Fleet India,Mangalore,Completed,Good,D2106,Cloudy,22.5,76.0,26.32,Healthy
EV2107,Tata Curvv EV,Tata,2023,55,95.9,2031-10-15 20:00:00,2031-10-15 20:32:00,0.53,Belagavi Station 1,Fast,27,29.4,81.0,352.8,EV Fleet India,Belagavi,Completed,Good,D2107,Rainy,22.5,76.0,26.32,Healthy
EV2108,MG ZS EV,MG,2023,50,92.7,2031-10-16 00:15:00,2031-10-16 01:00:00,0.75,Mysore Station 1,Normal,31,12.8,186.0,153.6,Premium Fleet,Mysore,Completed,Good,D2108,Sunny,22.5,76.0,26.32,Healthy
EV2109,Hyundai Kona EV,Hyundai,2023,39,96.2,2031-10-17 04:45:00,2031-10-17 05:13:00,0.47,Bangalore Station 1,Fast,34,28.2,199.0,338.4,Eco Drive,Bangalore,Completed,Good,D2109,Cloudy,22.5,76.0,26.32,Healthy
EV2110,MG Comet EV,MG,2023,17,94.6,2031-10-18 17:15:00,2031-10-18 17:18:00,0.05,Mysore Station 2,Fast,37,6.7,295.0,80.400000000000006,City EV,Mysore,Completed,Good,D2110,Rainy,22.5,76.0,26.32,Healthy
EV2111,Tata Nexon EV,Tata,2023,40,95.1,2031-10-19 09:00:00,2031-10-19 09:44:00,0.73,Belagavi Station 1,Normal,35,14.9,150.0,178.8,EV Fleet India,Belagavi,Completed,Good,D2111,Cloudy,22.5,76.0,26.32,Healthy
EV2112,Tata Curvv EV,Tata,2023,55,97.8,2031-10-20 19:00:00,2031-10-20 19:38:00,0.63,Mangalore Station 2,Fast,33,31.5,173.0,378,City EV,Mangalore,Completed,Good,D2112,Cloudy,22.5,76.0,26.32,Healthy
EV2113,MG Comet EV,MG,2023,17,97.9,2031-10-21 23:00:00,2031-10-21 23:12:00,0.2,Belagavi Station 2,Fast,34,7.2,325.0,86.4,Premium Fleet,Belagavi,Completed,Good,D2113,Cloudy,22.5,76.0,26.32,Healthy
EV2114,Tata Curvv EV,Tata,2023,55,97.9,2031-10-22 13:45:00,2031-10-22 14:59:00,1.23,Bangalore Station 1,Normal,29,20.3,74.0,243.6,Green Mobility,Bangalore,Completed,Good,D2114,Cloudy,22.5,76.0,26.32,Healthy
EV2115,Hyundai Kona EV,Hyundai,2023,39,93.9,2031-10-23 13:45:00,2031-10-23 14:39:00,0.9,Hubli Station 2,Normal,37,17.6,266.0,211.2,EV Fleet India,Hubli,Completed,Good,D2115,Cloudy,22.5,76.0,26.32,Healthy
EV2116,Hyundai Kona EV,Hyundai,2023,39,94.6,2031-10-24 09:30:00,2031-10-24 09:46:00,0.27,Hubli Station 1,Fast,30,15.5,128.0,186,Eco Drive,Hubli,Completed,Good,D2116,Rainy,22.5,76.0,26.32,Healthy
EV2117,Tata Nexon EV,Tata,2023,40,97.8,2031-10-25 06:30:00,2031-10-25 07:00:00,0.5,Hubli Station 1,Fast,27,22.2,324.0,266.39999999999998,Premium Fleet,Hubli,Completed,Good,D2117,Sunny,22.5,76.0,26.32,Healthy
EV2118,Tata Curvv EV,Tata,2023,55,97.6,2031-10-26 01:30:00,2031-10-26 01:46:00,0.27,Hubli Station 1,Fast,28,16.0,289.0,192,Eco Drive,Hubli,Completed,Good,D2118,Rainy,22.5,76.0,26.32,Healthy
EV2119,MG ZS EV,MG,2023,50,97.6,2031-10-27 15:30:00,2031-10-27 15:52:00,0.37,Mysore Station 1,Fast,32,19.3,219.0,231.6,Green Mobility,Mysore,Completed,Good,D2119,Cloudy,22.5,76.0,26.32,Healthy
EV2120,MG ZS EV,MG,2023,50,96.9,2031-10-28 18:30:00,2031-10-28 19:16:00,0.77,Bangalore Station 1,Normal,32,14.6,319.0,175.2,Premium Fleet,Bangalore,Completed,Good,D2120,Sunny,22.5,76.0,26.32,Healthy
EV2121,MG Comet EV,MG,2023,17,95.9,2031-10-29 04:30:00,2031-10-29 04:42:00,0.2,Mysore Station 2,Fast,36,8.9,139.0,106.8,Premium Fleet,Mysore,Completed,Good,D2121,Rainy,22.5,76.0,26.32,Healthy
EV2122,Mahindra XUV400,Mahindra,2023,39,96.0,2031-10-30 01:15:00,2031-10-30 01:45:00,0.5,Mangalore Station 2,Fast,31,19.5,81.0,234,Premium Fleet,Mangalore,Completed,Good,D2122,Rainy,22.5,76.0,26.32,Healthy
EV2123,Tata Nexon EV,Tata,2023,40,92.6,2031-10-31 08:30:00,2031-10-31 09:48:00,1.3,Hubli Station 1,Normal,27,21.9,211.0,262.8,Green Mobility,Hubli,Completed,Good,D2123,Sunny,22.5,76.0,26.32,Healthy
EV2124,Tata Curvv EV,Tata,2023,55,95.7,2031-11-01 09:30:00,2031-11-01 10:17:00,0.78,Hubli Station 1,Normal,29,12.8,315.0,153.6,Eco Drive,Hubli,Completed,Good,D2124,Sunny,22.5,76.0,26.32,Healthy
EV2125,Tata Curvv EV,Tata,2023,55,93.1,2031-11-02 04:45:00,2031-11-02 05:24:00,0.65,Mysore Station 2,Fast,36,34.7,348.0,416.4,Eco Drive,Mysore,Completed,Good,D2125,Cloudy,22.5,76.0,26.32,Healthy
EV2126,Tata Nexon EV,Tata,2023,40,95.1,2031-11-03 13:30:00,2031-11-03 14:46:00,1.27,Bangalore Station 2,Normal,31,22.7,114.0,272.39999999999998,EV Fleet India,Bangalore,Completed,Good,D2126,Rainy,22.5,76.0,26.32,Healthy
EV2127,Tata Punch EV,Tata,2023,35,93.4,2031-11-04 18:15:00,2031-11-04 18:47:00,0.53,Hubli Station 1,Fast,32,24.6,194.0,295.2,Green Mobility,Hubli,Completed,Good,D2127,Sunny,22.5,76.0,26.32,Healthy
EV2128,Kia EV6,Kia,2023,77,95.3,2031-11-05 07:30:00,2031-11-05 08:34:00,1.07,Bangalore Station 1,Fast,27,52.3,100.0,627.6,Green Mobility,Bangalore,Completed,Good,D2128,Cloudy,22.5,76.0,26.32,Healthy
EV2129,MG Comet EV,MG,2023,17,96.6,2031-11-06 06:30:00,2031-11-06 06:37:00,0.12,Mysore Station 2,Fast,35,7.5,179.0,90,City EV,Mysore,Completed,Good,D2129,Cloudy,22.5,76.0,26.32,Healthy
EV2130,Tata Punch EV,Tata,2023,35,96.0,2031-11-07 09:15:00,2031-11-07 09:51:00,0.6,Bangalore Station 2,Fast,33,24.9,181.0,298.8,EV Fleet India,Bangalore,Completed,Good,D2130,Cloudy,22.5,76.0,26.32,Healthy
EV2131,MG Comet EV,MG,2023,17,97.3,2031-11-08 13:00:00,2031-11-08 13:17:00,0.28,Mysore Station 2,Fast,39,10.0,282.0,120,Green Mobility,Mysore,Completed,Good,D2131,Cloudy,22.5,76.0,26.32,Healthy
EV2132,Kia EV6,Kia,2023,77,98.3,2031-11-09 17:00:00,2031-11-09 18:03:00,1.05,Mysore Station 1,Fast,32,48.2,295.0,578.4,Green Mobility,Mysore,Completed,Good,D2132,Sunny,22.5,76.0,26.32,Healthy
EV2133,Tata Punch EV,Tata,2023,35,96.6,2031-11-10 15:30:00,2031-11-10 15:51:00,0.35,Belagavi Station 1,Fast,31,15.2,254.0,182.4,City EV,Belagavi,Completed,Good,D2133,Rainy,22.5,76.0,26.32,Healthy
EV2134,Hyundai Kona EV,Hyundai,2023,39,93.2,2031-11-11 18:30:00,2031-11-11 18:40:00,0.17,Bangalore Station 1,Fast,27,11.5,262.0,138,EV Fleet India,Bangalore,Completed,Good,D2134,Sunny,22.5,76.0,26.32,Healthy
EV2135,Tata Curvv EV,Tata,2023,55,96.7,2031-11-12 07:00:00,2031-11-12 07:56:00,0.93,Mangalore Station 2,Fast,29,40.1,134.0,481.2,EV Fleet India,Mangalore,Completed,Good,D2135,Sunny,22.5,76.0,26.32,Healthy
EV2136,Tata Nexon EV,Tata,2023,40,93.5,2031-11-13 12:45:00,2031-11-13 14:13:00,1.47,Hubli Station 2,Normal,33,28.1,77.0,337.2,Eco Drive,Hubli,Completed,Good,D2136,Sunny,22.5,76.0,26.32,Healthy
EV2137,BYD Seal,BYD,2023,82,92.4,2031-11-14 13:45:00,2031-11-14 15:01:00,1.27,Mangalore Station 1,Fast,29,57.0,83.0,684,Premium Fleet,Mangalore,Completed,Good,D2137,Rainy,22.5,76.0,26.32,Healthy
EV2138,Hyundai Kona EV,Hyundai,2023,39,94.2,2031-11-15 12:45:00,2031-11-15 14:22:00,1.62,Belagavi Station 2,Normal,36,29.8,264.0,357.6,EV Fleet India,Belagavi,Completed,Good,D2138,Sunny,22.5,76.0,26.32,Healthy
EV2139,Tata Punch EV,Tata,2023,35,96.1,2031-11-16 03:45:00,2031-11-16 04:34:00,0.82,Belagavi Station 2,Normal,31,12.5,275.0,150,Green Mobility,Belagavi,Completed,Good,D2139,Cloudy,22.5,76.0,26.32,Healthy
EV2140,Kia EV6,Kia,2023,77,96.5,2031-11-17 23:45:00,2031-11-18 00:51:00,1.1,Bangalore Station 2,Fast,35,55.2,344.0,662.4,EV Fleet India,Bangalore,Completed,Good,D2140,Cloudy,22.5,76.0,26.32,Healthy
EV2141,BYD Atto 3,BYD,2023,60,95.8,2031-11-18 02:30:00,2031-11-18 03:12:00,0.7,Mangalore Station 1,Fast,39,36.3,219.0,435.6,Premium Fleet,Mangalore,Completed,Good,D2141,Cloudy,22.5,76.0,26.32,Healthy
EV2142,Kia EV6,Kia,2023,77,97.4,2031-11-19 06:00:00,2031-11-19 06:22:00,0.37,Mangalore Station 1,Fast,32,17.8,67.0,213.6,EV Fleet India,Mangalore,Completed,Good,D2142,Sunny,22.5,76.0,26.32,Healthy
EV2143,Tata Nexon EV,Tata,2023,40,98.1,2031-11-20 04:00:00,2031-11-20 04:21:00,0.35,Hubli Station 1,Fast,39,19.0,94.0,228,Green Mobility,Hubli,Completed,Good,D2143,Rainy,22.5,76.0,26.32,Healthy
EV2144,MG Comet EV,MG,2023,17,94.0,2031-11-21 20:15:00,2031-11-21 20:24:00,0.15,Belagavi Station 2,Fast,30,6.0,229.0,72,Eco Drive,Belagavi,Completed,Good,D2144,Sunny,22.5,76.0,26.32,Healthy
EV2145,MG ZS EV,MG,2023,50,94.6,2031-11-22 16:00:00,2031-11-22 17:29:00,1.48,Bangalore Station 1,Normal,27,25.2,264.0,302.39999999999998,Green Mobility,Bangalore,Completed,Good,D2145,Cloudy,22.5,76.0,26.32,Healthy
EV2146,Hyundai Kona EV,Hyundai,2023,39,94.7,2031-11-23 13:30:00,2031-11-23 14:50:00,1.33,Bangalore Station 2,Normal,39,23.7,168.0,284.39999999999998,City EV,Bangalore,Completed,Good,D2146,Cloudy,22.5,76.0,26.32,Healthy
EV2147,MG ZS EV,MG,2023,50,95.4,2031-11-24 14:00:00,2031-11-24 14:31:00,0.52,Hubli Station 2,Fast,32,23.7,165.0,284.39999999999998,EV Fleet India,Hubli,Completed,Good,D2147,Sunny,22.5,76.0,26.32,Healthy
EV2148,Tata Nexon EV,Tata,2023,40,98.3,2031-11-25 18:15:00,2031-11-25 18:40:00,0.42,Bangalore Station 2,Fast,28,24.0,253.0,288,EV Fleet India,Bangalore,Completed,Good,D2148,Sunny,22.5,76.0,26.32,Healthy
EV2149,Tata Punch EV,Tata,2023,35,98.1,2031-11-26 08:15:00,2031-11-26 09:01:00,0.77,Belagavi Station 2,Normal,32,14.9,238.0,178.8,Green Mobility,Belagavi,Completed,Good,D2149,Rainy,22.5,76.0,26.32,Healthy
EV2150,Tata Punch EV,Tata,2023,35,96.5,2031-11-27 16:30:00,2031-11-27 16:56:00,0.43,Mangalore Station 1,Fast,28,19.7,297.0,236.4,EV Fleet India,Mangalore,Completed,Good,D2150,Cloudy,22.5,76.0,26.32,Healthy
EV2151,Tata Punch EV,Tata,2023,35,96.2,2031-11-28 00:15:00,2031-11-28 00:46:00,0.52,Belagavi Station 2,Fast,30,20.6,190.0,247.2,City EV,Belagavi,Completed,Good,D2151,Rainy,22.5,76.0,26.32,Healthy
EV2152,Tata Curvv EV,Tata,2023,55,98.2,2031-11-29 12:00:00,2031-11-29 12:20:00,0.33,Mysore Station 2,Fast,36,12.6,249.0,151.19999999999999,City EV,Mysore,Completed,Good,D2152,Cloudy,22.5,76.0,26.32,Healthy
EV2153,Tata Nexon EV,Tata,2023,40,97.3,2031-11-30 05:30:00,2031-11-30 06:20:00,0.83,Bangalore Station 1,Normal,27,16.3,142.0,195.6,Green Mobility,Bangalore,Completed,Good,D2153,Sunny,22.5,76.0,26.32,Healthy
EV2154,Tata Nexon EV,Tata,2023,40,95.5,2031-12-01 23:45:00,2031-12-02 00:06:00,0.35,Bangalore Station 2,Fast,27,16.6,184.0,199.2,Premium Fleet,Bangalore,Completed,Good,D2154,Cloudy,22.5,76.0,26.32,Healthy
EV2155,Kia EV6,Kia,2023,77,92.5,2031-12-02 18:30:00,2031-12-02 21:06:00,2.6,Bangalore Station 2,Normal,33,46.0,208.0,552,Green Mobility,Bangalore,Completed,Good,D2155,Cloudy,22.5,76.0,26.32,Healthy
EV2156,Tata Curvv EV,Tata,2023,55,92.3,2031-12-03 03:15:00,2031-12-03 03:31:00,0.27,Belagavi Station 1,Fast,31,13.7,284.0,164.4,Eco Drive,Belagavi,Completed,Good,D2156,Cloudy,22.5,76.0,26.32,Healthy
EV2157,Tata Curvv EV,Tata,2023,55,94.6,2031-12-04 03:45:00,2031-12-04 04:01:00,0.27,Mysore Station 1,Fast,35,17.3,165.0,207.6,Premium Fleet,Mysore,Completed,Good,D2157,Rainy,22.5,76.0,26.32,Healthy
EV2158,Hyundai Kona EV,Hyundai,2023,39,96.5,2031-12-05 06:30:00,2031-12-05 07:40:00,1.17,Mangalore Station 1,Normal,36,19.1,346.0,229.2,Premium Fleet,Mangalore,Completed,Good,D2158,Sunny,22.5,76.0,26.32,Healthy
EV2159,Tata Punch EV,Tata,2023,35,98.1,2031-12-06 14:15:00,2031-12-06 15:33:00,1.3,Bangalore Station 1,Normal,31,21.5,73.0,258,City EV,Bangalore,Completed,Good,D2159,Cloudy,22.5,76.0,26.32,Healthy
EV2160,Tata Punch EV,Tata,2023,35,96.6,2031-12-07 19:30:00,2031-12-07 20:35:00,1.08,Belagavi Station 1,Normal,30,20.2,244.0,242.4,Premium Fleet,Belagavi,Completed,Good,D2160,Sunny,22.5,76.0,26.32,Healthy
EV2161,Hyundai Kona EV,Hyundai,2023,39,94.9,2031-12-08 16:45:00,2031-12-08 17:17:00,0.53,Mysore Station 2,Fast,38,28.1,349.0,337.2,City EV,Mysore,Completed,Good,D2161,Cloudy,22.5,76.0,26.32,Healthy
EV2162,Tata Nexon EV,Tata,2023,40,92.9,2031-12-09 18:00:00,2031-12-09 18:40:00,0.67,Mangalore Station 1,Fast,29,27.1,311.0,325.2,EV Fleet India,Mangalore,Completed,Good,D2162,Rainy,22.5,76.0,26.32,Healthy
EV2163,BYD Atto 3,BYD,2023,60,92.8,2031-12-10 15:00:00,2031-12-10 15:45:00,0.75,Hubli Station 2,Fast,31,40.7,68.0,488.4,Premium Fleet,Hubli,Completed,Good,D2163,Cloudy,22.5,76.0,26.32,Healthy
EV2164,Tata Nexon EV,Tata,2023,40,97.8,2031-12-11 04:00:00,2031-12-11 04:11:00,0.18,Belagavi Station 1,Fast,31,14.1,76.0,169.2,Green Mobility,Belagavi,Completed,Good,D2164,Sunny,22.5,76.0,26.32,Healthy
EV2165,Hyundai Kona EV,Hyundai,2023,39,97.6,2031-12-12 00:45:00,2031-12-12 01:16:00,0.52,Mangalore Station 1,Fast,32,25.7,328.0,308.39999999999998,Green Mobility,Mangalore,Completed,Good,D2165,Cloudy,22.5,76.0,26.32,Healthy
EV2166,Tata Nexon EV,Tata,2023,40,96.7,2031-12-13 09:00:00,2031-12-13 09:35:00,0.58,Hubli Station 2,Fast,38,29.3,184.0,351.6,Eco Drive,Hubli,Completed,Good,D2166,Cloudy,22.5,76.0,26.32,Healthy
EV2167,Tata Curvv EV,Tata,2023,55,95.9,2031-12-14 16:00:00,2031-12-14 16:53:00,0.88,Mangalore Station 1,Normal,32,15.9,234.0,190.8,City EV,Mangalore,Completed,Good,D2167,Rainy,22.5,76.0,26.32,Healthy
EV2168,Tata Punch EV,Tata,2023,35,92.8,2031-12-15 06:45:00,2031-12-15 07:04:00,0.32,Bangalore Station 1,Fast,36,16.6,144.0,199.2,Green Mobility,Bangalore,Completed,Good,D2168,Sunny,22.5,76.0,26.32,Healthy
EV2169,Hyundai Kona EV,Hyundai,2023,39,96.4,2031-12-16 00:30:00,2031-12-16 00:42:00,0.2,Bangalore Station 1,Fast,34,13.1,344.0,157.19999999999999,Green Mobility,Bangalore,Completed,Good,D2169,Sunny,22.5,76.0,26.32,Healthy
EV2170,Tata Nexon EV,Tata,2023,40,95.2,2031-12-17 19:00:00,2031-12-17 19:14:00,0.23,Hubli Station 1,Fast,30,15.6,189.0,187.2,Green Mobility,Hubli,Completed,Good,D2170,Rainy,22.5,76.0,26.32,Healthy
EV2171,Kia EV6,Kia,2023,77,97.1,2031-12-18 15:00:00,2031-12-18 15:54:00,0.9,Belagavi Station 2,Fast,30,43.6,134.0,523.20000000000005,Premium Fleet,Belagavi,Completed,Good,D2171,Rainy,22.5,76.0,26.32,Healthy
EV2172,Tata Nexon EV,Tata,2023,40,97.7,2031-12-19 10:30:00,2031-12-19 11:04:00,0.57,Belagavi Station 1,Normal,30,11.3,336.0,135.6,City EV,Belagavi,Completed,Good,D2172,Cloudy,22.5,76.0,26.32,Healthy
EV2173,Hyundai Kona EV,Hyundai,2023,39,96.5,2031-12-20 06:45:00,2031-12-20 06:54:00,0.15,Hubli Station 1,Fast,35,11.2,114.0,134.4,EV Fleet India,Hubli,Completed,Good,D2173,Rainy,22.5,76.0,26.32,Healthy
EV2174,Tata Curvv EV,Tata,2023,55,97.8,2031-12-21 02:30:00,2031-12-21 04:28:00,1.97,Belagavi Station 2,Normal,34,34.1,189.0,409.2,Premium Fleet,Belagavi,Completed,Good,D2174,Rainy,22.5,76.0,26.32,Healthy
EV2175,Kia EV6,Kia,2023,77,92.4,2031-12-22 17:00:00,2031-12-22 17:45:00,0.75,Belagavi Station 2,Fast,29,32.8,322.0,393.6,City EV,Belagavi,Completed,Good,D2175,Rainy,22.5,76.0,26.32,Healthy
EV2176,Mahindra XUV400,Mahindra,2023,39,96.6,2031-12-23 23:15:00,2031-12-23 23:53:00,0.63,Belagavi Station 2,Fast,27,28.7,161.0,344.4,Eco Drive,Belagavi,Completed,Good,D2176,Cloudy,22.5,76.0,26.32,Healthy
EV2177,BYD Seal,BYD,2023,82,93.4,2031-12-24 15:45:00,2031-12-24 16:25:00,0.67,Belagavi Station 2,Fast,38,35.1,225.0,421.2,Green Mobility,Belagavi,Completed,Good,D2177,Sunny,22.5,76.0,26.32,Healthy
EV2178,Mahindra XUV400,Mahindra,2023,39,94.0,2031-12-25 09:30:00,2031-12-25 11:01:00,1.52,Mysore Station 1,Normal,28,27.5,327.0,330,Green Mobility,Mysore,Completed,Good,D2178,Cloudy,22.5,76.0,26.32,Healthy
EV2179,MG ZS EV,MG,2023,50,98.0,2031-12-26 22:30:00,2031-12-26 23:06:00,0.6,Belagavi Station 2,Fast,37,26.7,269.0,320.39999999999998,City EV,Belagavi,Completed,Good,D2179,Sunny,22.5,76.0,26.32,Healthy
EV2180,BYD Seal,BYD,2023,82,96.0,2031-12-27 23:15:00,2031-12-28 01:59:00,2.73,Mangalore Station 1,Normal,36,50.8,91.0,609.6,Premium Fleet,Mangalore,Completed,Good,D2180,Rainy,22.5,76.0,26.32,Healthy
EV2181,BYD Atto 3,BYD,2023,60,95.7,2031-12-28 06:15:00,2031-12-28 06:40:00,0.42,Mysore Station 2,Fast,35,25.8,135.0,309.60000000000002,EV Fleet India,Mysore,Completed,Good,D2181,Cloudy,22.5,76.0,26.32,Healthy
EV2182,Tata Curvv EV,Tata,2023,55,94.1,2031-12-29 18:00:00,2031-12-29 18:43:00,0.72,Mysore Station 1,Fast,30,38.2,198.0,458.4,City EV,Mysore,Completed,Good,D2182,Cloudy,22.5,76.0,26.32,Healthy
EV2183,Kia EV6,Kia,2023,77,94.3,2031-12-30 23:00:00,2031-12-31 01:31:00,2.52,Hubli Station 1,Normal,31,44.3,207.0,531.6,EV Fleet India,Hubli,Completed,Good,D2183,Rainy,22.5,76.0,26.32,Healthy
EV2184,BYD Seal,BYD,2023,82,92.7,2031-12-31 11:15:00,2031-12-31 12:12:00,0.95,Hubli Station 1,Fast,27,43.9,257.0,526.79999999999995,Premium Fleet,Hubli,Completed,Good,D2184,Rainy,22.5,76.0,26.32,Healthy
EV2185,MG ZS EV,MG,2023,50,92.6,2032-01-01 17:30:00,2032-01-01 19:13:00,1.72,Bangalore Station 1,Normal,28,29.6,303.0,355.2,EV Fleet India,Bangalore,Completed,Good,D2185,Sunny,22.5,76.0,26.32,Healthy
EV2186,BYD Seal,BYD,2023,82,96.3,2032-01-02 11:00:00,2032-01-02 11:46:00,0.77,Bangalore Station 2,Fast,39,37.1,106.0,445.2,EV Fleet India,Bangalore,Completed,Good,D2186,Rainy,22.5,76.0,26.32,Healthy
EV2187,Kia EV6,Kia,2023,77,95.6,2032-01-03 21:15:00,2032-01-03 22:42:00,1.45,Mysore Station 2,Normal,29,27.9,61.0,334.8,Premium Fleet,Mysore,Completed,Good,D2187,Rainy,22.5,76.0,26.32,Healthy
EV2188,Hyundai Kona EV,Hyundai,2023,39,96.3,2032-01-04 04:30:00,2032-01-04 05:02:00,0.53,Mangalore Station 1,Fast,32,27.5,344.0,330,Green Mobility,Mangalore,Completed,Good,D2188,Sunny,22.5,76.0,26.32,Healthy
EV2189,Kia EV6,Kia,2023,77,98.1,2032-01-05 23:45:00,2032-01-06 01:46:00,2.02,Bangalore Station 2,Normal,29,37.2,117.0,446.4,Eco Drive,Bangalore,Completed,Good,D2189,Sunny,22.5,76.0,26.32,Healthy
EV2190,BYD Seal,BYD,2023,82,95.4,2032-01-06 23:15:00,2032-01-07 00:05:00,0.83,Mysore Station 1,Fast,35,38.7,81.0,464.4,EV Fleet India,Mysore,Completed,Good,D2190,Cloudy,22.5,76.0,26.32,Healthy
EV2191,BYD Atto 3,BYD,2023,60,93.9,2032-01-07 19:00:00,2032-01-07 20:01:00,1.02,Hubli Station 2,Normal,34,16.7,334.0,200.4,Green Mobility,Hubli,Completed,Good,D2191,Rainy,22.5,76.0,26.32,Healthy
EV2192,MG Comet EV,MG,2023,17,93.7,2032-01-08 19:30:00,2032-01-08 19:46:00,0.27,Hubli Station 2,Fast,27,13.0,250.0,156,Premium Fleet,Hubli,Completed,Good,D2192,Cloudy,22.5,76.0,26.32,Healthy
EV2193,MG Comet EV,MG,2023,17,92.9,2032-01-09 12:30:00,2032-01-09 12:47:00,0.28,Mysore Station 1,Fast,34,7.6,258.0,91.2,Green Mobility,Mysore,Completed,Good,D2193,Sunny,22.5,76.0,26.32,Healthy
EV2194,Tata Nexon EV,Tata,2023,40,97.8,2032-01-10 16:30:00,2032-01-10 17:03:00,0.55,Bangalore Station 1,Fast,29,31.4,344.0,376.8,Premium Fleet,Bangalore,Completed,Good,D2194,Rainy,22.5,76.0,26.32,Healthy
EV2195,Kia EV6,Kia,2023,77,92.8,2032-01-11 21:15:00,2032-01-11 23:57:00,2.7,Belagavi Station 1,Normal,29,46.9,135.0,562.79999999999995,Eco Drive,Belagavi,Completed,Good,D2195,Sunny,22.5,76.0,26.32,Healthy
EV2196,Tata Curvv EV,Tata,2023,55,92.6,2032-01-12 11:00:00,2032-01-12 11:32:00,0.53,Mysore Station 2,Fast,30,31.1,126.0,373.2,Green Mobility,Mysore,Completed,Good,D2196,Cloudy,22.5,76.0,26.32,Healthy
EV2197,MG ZS EV,MG,2023,50,94.3,2032-01-13 12:15:00,2032-01-13 14:01:00,1.77,Hubli Station 2,Normal,34,31.6,110.0,379.2,Green Mobility,Hubli,Completed,Good,D2197,Rainy,22.5,76.0,26.32,Healthy
EV2198,Kia EV6,Kia,2023,77,92.6,2032-01-14 18:30:00,2032-01-14 19:47:00,1.28,Mysore Station 1,Normal,35,21.3,349.0,255.6,EV Fleet India,Mysore,Completed,Good,D2198,Sunny,22.5,76.0,26.32,Healthy
EV2199,BYD Atto 3,BYD,2023,60,97.6,2032-01-15 01:45:00,2032-01-15 02:29:00,0.73,Mangalore Station 1,Normal,33,14.2,339.0,170.4,Eco Drive,Mangalore,Completed,Good,D2199,Sunny,22.5,76.0,26.32,Healthy
EV2200,Mahindra XUV400,Mahindra,2023,39,97.5,2032-01-16 09:00:00,2032-01-16 09:29:00,0.48,Belagavi Station 2,Fast,29,19.0,141.0,228,Green Mobility,Belagavi,Completed,Good,D2200,Cloudy,22.5,76.0,26.32,Healthy
EV2201,BYD Atto 3,BYD,2023,60,95.3,2032-01-17 22:00:00,2032-01-17 22:51:00,0.85,Mysore Station 1,Normal,30,14.3,63.0,171.6,EV Fleet India,Mysore,Completed,Good,D2201,Sunny,22.5,76.0,26.32,Healthy
EV2202,Kia EV6,Kia,2023,77,92.5,2032-01-18 03:45:00,2032-01-18 04:26:00,0.68,Bangalore Station 1,Fast,39,30.9,71.0,370.8,Green Mobility,Bangalore,Completed,Good,D2202,Sunny,22.5,76.0,26.32,Healthy
EV2203,BYD Seal,BYD,2023,82,93.4,2032-01-19 01:45:00,2032-01-19 02:36:00,0.85,Hubli Station 2,Fast,30,45.9,85.0,550.79999999999995,EV Fleet India,Hubli,Completed,Good,D2203,Rainy,22.5,76.0,26.32,Healthy
EV2204,Tata Nexon EV,Tata,2023,40,97.3,2032-01-20 12:00:00,2032-01-20 12:17:00,0.28,Belagavi Station 1,Fast,32,18.9,126.0,226.8,EV Fleet India,Belagavi,Completed,Good,D2204,Rainy,22.5,76.0,26.32,Healthy
EV2205,Tata Punch EV,Tata,2023,35,95.7,2032-01-21 00:15:00,2032-01-21 00:38:00,0.38,Mysore Station 1,Fast,36,21.0,322.0,252,City EV,Mysore,Completed,Good,D2205,Sunny,22.5,76.0,26.32,Healthy
EV2206,Kia EV6,Kia,2023,77,97.6,2032-01-22 21:45:00,2032-01-22 22:35:00,0.83,Belagavi Station 2,Fast,37,39.5,289.0,474,Eco Drive,Belagavi,Completed,Good,D2206,Cloudy,22.5,76.0,26.32,Healthy
EV2207,Tata Punch EV,Tata,2023,35,95.1,2032-01-23 13:45:00,2032-01-23 13:56:00,0.18,Bangalore Station 1,Fast,31,13.9,180.0,166.8,City EV,Bangalore,Completed,Good,D2207,Sunny,22.5,76.0,26.32,Healthy
EV2208,Tata Curvv EV,Tata,2023,55,95.7,2032-01-24 17:30:00,2032-01-24 17:59:00,0.48,Mangalore Station 1,Fast,31,23.1,109.0,277.2,Premium Fleet,Mangalore,Completed,Good,D2208,Sunny,22.5,76.0,26.32,Healthy
EV2209,BYD Atto 3,BYD,2023,60,98.1,2032-01-25 04:15:00,2032-01-25 05:28:00,1.22,Mysore Station 2,Normal,35,21.5,235.0,258,Green Mobility,Mysore,Completed,Good,D2209,Cloudy,22.5,76.0,26.32,Healthy
EV2210,BYD Atto 3,BYD,2023,60,95.3,2032-01-26 23:00:00,2032-01-26 23:27:00,0.45,Mangalore Station 1,Fast,32,22.2,312.0,266.39999999999998,Eco Drive,Mangalore,Completed,Good,D2210,Cloudy,22.5,76.0,26.32,Healthy
EV2211,Tata Nexon EV,Tata,2023,40,96.8,2032-01-27 11:00:00,2032-01-27 11:33:00,0.55,Mysore Station 1,Fast,38,30.8,278.0,369.6,EV Fleet India,Mysore,Completed,Good,D2211,Sunny,22.5,76.0,26.32,Healthy
EV2212,MG ZS EV,MG,2023,50,94.1,2032-01-28 11:45:00,2032-01-28 12:15:00,0.5,Hubli Station 2,Fast,31,19.2,129.0,230.4,Premium Fleet,Hubli,Completed,Good,D2212,Sunny,22.5,76.0,26.32,Healthy
EV2213,MG Comet EV,MG,2023,17,92.6,2032-01-29 13:00:00,2032-01-29 13:03:00,0.05,Mysore Station 2,Fast,30,4.9,81.0,58.8,Premium Fleet,Mysore,Completed,Good,D2213,Sunny,22.5,76.0,26.32,Healthy
EV2214,Mahindra XUV400,Mahindra,2023,39,92.7,2032-01-30 08:15:00,2032-01-30 08:34:00,0.32,Bangalore Station 2,Fast,32,18.6,292.0,223.2,City EV,Bangalore,Completed,Good,D2214,Cloudy,22.5,76.0,26.32,Healthy
EV2215,BYD Atto 3,BYD,2023,60,92.4,2032-01-31 12:30:00,2032-01-31 12:54:00,0.4,Bangalore Station 2,Fast,27,24.2,74.0,290.39999999999998,Premium Fleet,Bangalore,Completed,Good,D2215,Sunny,22.5,76.0,26.32,Healthy
EV2216,MG Comet EV,MG,2023,17,94.6,2032-02-01 13:00:00,2032-02-01 13:43:00,0.72,Hubli Station 2,Normal,34,13.3,255.0,159.6,City EV,Hubli,Completed,Good,D2216,Cloudy,22.5,76.0,26.32,Healthy
EV2217,BYD Seal,BYD,2023,82,94.1,2032-02-02 06:45:00,2032-02-02 07:28:00,0.72,Mysore Station 2,Fast,32,37.9,266.0,454.8,City EV,Mysore,Completed,Good,D2217,Sunny,22.5,76.0,26.32,Healthy
EV2218,MG ZS EV,MG,2023,50,96.8,2032-02-03 20:45:00,2032-02-03 21:32:00,0.78,Mangalore Station 2,Fast,32,38.4,82.0,460.8,Premium Fleet,Mangalore,Completed,Good,D2218,Sunny,22.5,76.0,26.32,Healthy
EV2219,Kia EV6,Kia,2023,77,92.8,2032-02-04 12:15:00,2032-02-04 13:10:00,0.92,Bangalore Station 1,Fast,30,43.1,158.0,517.20000000000005,EV Fleet India,Bangalore,Completed,Good,D2219,Cloudy,22.5,76.0,26.32,Healthy
EV2220,Tata Curvv EV,Tata,2023,55,93.4,2032-02-05 05:00:00,2032-02-05 05:46:00,0.77,Mangalore Station 2,Fast,34,37.8,78.0,453.6,Premium Fleet,Mangalore,Completed,Good,D2220,Rainy,22.5,76.0,26.32,Healthy
EV2221,Hyundai Kona EV,Hyundai,2023,39,95.0,2032-02-06 07:45:00,2032-02-06 09:19:00,1.57,Mangalore Station 2,Normal,33,29.4,178.0,352.8,Eco Drive,Mangalore,Completed,Good,D2221,Rainy,22.5,76.0,26.32,Healthy
EV2222,Mahindra XUV400,Mahindra,2023,39,97.6,2032-02-07 12:30:00,2032-02-07 12:45:00,0.25,Belagavi Station 2,Fast,34,10.6,348.0,127.2,EV Fleet India,Belagavi,Completed,Good,D2222,Cloudy,22.5,76.0,26.32,Healthy
EV2223,Hyundai Kona EV,Hyundai,2023,39,94.7,2032-02-08 00:00:00,2032-02-08 00:19:00,0.32,Bangalore Station 2,Fast,38,19.8,172.0,237.6,Eco Drive,Bangalore,Completed,Good,D2223,Cloudy,22.5,76.0,26.32,Healthy
EV2224,Tata Curvv EV,Tata,2023,55,94.8,2032-02-09 05:00:00,2032-02-09 05:34:00,0.57,Mysore Station 2,Fast,33,24.3,96.0,291.60000000000002,Green Mobility,Mysore,Completed,Good,D2224,Sunny,22.5,76.0,26.32,Healthy
EV2225,Hyundai Kona EV,Hyundai,2023,39,93.0,2032-02-10 10:45:00,2032-02-10 10:51:00,0.1,Belagavi Station 1,Fast,36,9.7,246.0,116.4,Premium Fleet,Belagavi,Completed,Good,D2225,Sunny,22.5,76.0,26.32,Healthy
EV2226,Tata Curvv EV,Tata,2023,55,93.1,2032-02-11 02:15:00,2032-02-11 03:40:00,1.42,Mysore Station 1,Normal,32,26.8,216.0,321.60000000000002,Eco Drive,Mysore,Completed,Good,D2226,Rainy,22.5,76.0,26.32,Healthy
EV2227,MG Comet EV,MG,2023,17,95.7,2032-02-12 09:00:00,2032-02-12 09:31:00,0.52,Hubli Station 1,Normal,36,9.7,181.0,116.4,Green Mobility,Hubli,Completed,Good,D2227,Cloudy,22.5,76.0,26.32,Healthy
EV2228,Tata Punch EV,Tata,2023,35,93.8,2032-02-13 05:45:00,2032-02-13 07:03:00,1.3,Bangalore Station 1,Normal,30,23.8,250.0,285.60000000000002,EV Fleet India,Bangalore,Completed,Good,D2228,Cloudy,22.5,76.0,26.32,Healthy
EV2229,Hyundai Kona EV,Hyundai,2023,39,94.6,2032-02-14 17:30:00,2032-02-14 17:37:00,0.12,Bangalore Station 1,Fast,31,8.0,340.0,96,Eco Drive,Bangalore,Completed,Good,D2229,Cloudy,22.5,76.0,26.32,Healthy
EV2230,Kia EV6,Kia,2023,77,97.2,2032-02-15 02:15:00,2032-02-15 02:49:00,0.57,Belagavi Station 2,Fast,35,31.7,229.0,380.4,City EV,Belagavi,Completed,Good,D2230,Cloudy,22.5,76.0,26.32,Healthy
EV2231,Mahindra XUV400,Mahindra,2023,39,94.3,2032-02-16 18:15:00,2032-02-16 18:45:00,0.5,Mangalore Station 1,Fast,30,24.6,149.0,295.2,City EV,Mangalore,Completed,Good,D2231,Cloudy,22.5,76.0,26.32,Healthy
EV2232,Mahindra XUV400,Mahindra,2023,39,94.7,2032-02-17 05:00:00,2032-02-17 05:14:00,0.23,Belagavi Station 2,Fast,29,10.7,349.0,128.4,City EV,Belagavi,Completed,Good,D2232,Rainy,22.5,76.0,26.32,Healthy
EV2233,Tata Curvv EV,Tata,2023,55,95.9,2032-02-18 05:15:00,2032-02-18 06:08:00,0.88,Belagavi Station 2,Normal,38,16.5,319.0,198,City EV,Belagavi,Completed,Good,D2233,Cloudy,22.5,76.0,26.32,Healthy
EV2234,MG Comet EV,MG,2023,17,94.2,2032-02-19 00:45:00,2032-02-19 00:57:00,0.2,Bangalore Station 2,Fast,39,10.7,220.0,128.4,Green Mobility,Bangalore,Completed,Good,D2234,Rainy,22.5,76.0,26.32,Healthy
EV2235,Tata Nexon EV,Tata,2023,40,97.5,2032-02-20 22:00:00,2032-02-20 23:03:00,1.05,Mysore Station 1,Normal,39,19.5,186.0,234,Green Mobility,Mysore,Completed,Good,D2235,Cloudy,22.5,76.0,26.32,Healthy
EV2236,MG ZS EV,MG,2023,50,92.5,2032-02-21 17:00:00,2032-02-21 18:32:00,1.53,Belagavi Station 2,Normal,34,25.2,226.0,302.39999999999998,Green Mobility,Belagavi,Completed,Good,D2236,Sunny,22.5,76.0,26.32,Healthy
EV2237,Tata Punch EV,Tata,2023,35,93.5,2032-02-22 12:45:00,2032-02-22 12:59:00,0.23,Bangalore Station 1,Fast,38,16.6,297.0,199.2,Eco Drive,Bangalore,Completed,Good,D2237,Rainy,22.5,76.0,26.32,Healthy
EV2238,Kia EV6,Kia,2023,77,94.4,2032-02-23 17:15:00,2032-02-23 19:12:00,1.95,Mangalore Station 2,Normal,37,34.1,96.0,409.2,Eco Drive,Mangalore,Completed,Good,D2238,Rainy,22.5,76.0,26.32,Healthy
EV2239,Tata Curvv EV,Tata,2023,55,92.3,2032-02-24 18:00:00,2032-02-24 19:46:00,1.77,Belagavi Station 1,Normal,32,30.6,200.0,367.2,Eco Drive,Belagavi,Completed,Good,D2239,Sunny,22.5,76.0,26.32,Healthy
EV2240,Hyundai Kona EV,Hyundai,2023,39,97.9,2032-02-25 20:15:00,2032-02-25 20:51:00,0.6,Hubli Station 2,Fast,31,25.7,69.0,308.39999999999998,Green Mobility,Hubli,Completed,Good,D2240,Cloudy,22.5,76.0,26.32,Healthy
EV2241,Tata Nexon EV,Tata,2023,40,96.2,2032-02-26 22:30:00,2032-02-27 00:02:00,1.53,Mysore Station 2,Normal,31,25.4,303.0,304.8,Eco Drive,Mysore,Completed,Good,D2241,Rainy,22.5,76.0,26.32,Healthy
EV2242,Hyundai Kona EV,Hyundai,2023,39,96.9,2032-02-27 02:45:00,2032-02-27 03:08:00,0.38,Hubli Station 1,Fast,35,12.9,207.0,154.80000000000001,Premium Fleet,Hubli,Completed,Good,D2242,Sunny,22.5,76.0,26.32,Healthy
EV2243,Tata Curvv EV,Tata,2023,55,96.4,2032-02-28 06:45:00,2032-02-28 07:07:00,0.37,Mangalore Station 2,Fast,33,23.0,316.0,276,EV Fleet India,Mangalore,Completed,Good,D2243,Rainy,22.5,76.0,26.32,Healthy
EV2244,MG ZS EV,MG,2023,50,97.6,2032-02-29 12:30:00,2032-02-29 14:42:00,2.2,Bangalore Station 1,Normal,36,37.2,303.0,446.4,Green Mobility,Bangalore,Completed,Good,D2244,Rainy,22.5,76.0,26.32,Healthy
EV2245,BYD Atto 3,BYD,2023,60,97.1,2032-03-01 10:45:00,2032-03-01 11:50:00,1.08,Belagavi Station 2,Fast,35,48.2,146.0,578.4,Green Mobility,Belagavi,Completed,Good,D2245,Sunny,22.5,76.0,26.32,Healthy
EV2246,Kia EV6,Kia,2023,77,95.6,2032-03-02 20:00:00,2032-03-02 21:53:00,1.88,Mangalore Station 1,Normal,38,35.4,116.0,424.8,City EV,Mangalore,Completed,Good,D2246,Cloudy,22.5,76.0,26.32,Healthy
EV2247,BYD Seal,BYD,2023,82,95.1,2032-03-03 23:30:00,2032-03-04 00:27:00,0.95,Bangalore Station 1,Fast,39,46.7,325.0,560.4,Premium Fleet,Bangalore,Completed,Good,D2247,Sunny,22.5,76.0,26.32,Healthy
EV2248,MG Comet EV,MG,2023,17,97.8,2032-03-04 19:15:00,2032-03-04 19:24:00,0.15,Bangalore Station 1,Fast,30,6.5,348.0,78,Premium Fleet,Bangalore,Completed,Good,D2248,Cloudy,22.5,76.0,26.32,Healthy
EV2249,Tata Curvv EV,Tata,2023,55,97.5,2032-03-05 21:45:00,2032-03-05 22:36:00,0.85,Belagavi Station 1,Fast,37,40.5,177.0,486,Green Mobility,Belagavi,Completed,Good,D2249,Sunny,22.5,76.0,26.32,Healthy
EV2250,BYD Seal,BYD,2023,82,94.2,2032-03-06 09:30:00,2032-03-06 10:47:00,1.28,Belagavi Station 2,Fast,35,58.5,147.0,702,Premium Fleet,Belagavi,Completed,Good,D2250,Rainy,22.5,76.0,26.32,Healthy
EV2251,Kia EV6,Kia,2023,77,95.8,2032-03-07 09:00:00,2032-03-07 10:58:00,1.97,Mangalore Station 1,Normal,36,34.9,348.0,418.8,EV Fleet India,Mangalore,Completed,Good,D2251,Rainy,22.5,76.0,26.32,Healthy
EV2252,Hyundai Kona EV,Hyundai,2023,39,93.4,2032-03-08 02:15:00,2032-03-08 03:16:00,1.02,Bangalore Station 2,Normal,31,19.8,153.0,237.6,City EV,Bangalore,Completed,Good,D2252,Sunny,22.5,76.0,26.32,Healthy
EV2253,BYD Atto 3,BYD,2023,60,93.5,2032-03-09 11:15:00,2032-03-09 11:53:00,0.63,Mangalore Station 1,Fast,39,30.2,125.0,362.4,Eco Drive,Mangalore,Completed,Good,D2253,Cloudy,22.5,76.0,26.32,Healthy
EV2254,MG ZS EV,MG,2023,50,93.7,2032-03-10 03:00:00,2032-03-10 05:16:00,2.27,Hubli Station 2,Normal,28,38.8,191.0,465.6,Premium Fleet,Hubli,Completed,Good,D2254,Rainy,22.5,76.0,26.32,Healthy
EV2255,Tata Nexon EV,Tata,2023,40,97.8,2032-03-11 13:45:00,2032-03-11 13:59:00,0.23,Mysore Station 2,Fast,30,14.5,279.0,174,Premium Fleet,Mysore,Completed,Good,D2255,Rainy,22.5,76.0,26.32,Healthy
EV2256,Hyundai Kona EV,Hyundai,2023,39,92.5,2032-03-12 20:45:00,2032-03-12 21:23:00,0.63,Belagavi Station 2,Fast,37,31.0,229.0,372,City EV,Belagavi,Completed,Good,D2256,Rainy,22.5,76.0,26.32,Healthy
EV2257,Mahindra XUV400,Mahindra,2023,39,96.1,2032-03-13 14:30:00,2032-03-13 14:44:00,0.23,Mysore Station 1,Fast,27,15.9,233.0,190.8,City EV,Mysore,Completed,Good,D2257,Sunny,22.5,76.0,26.32,Healthy
EV2258,Hyundai Kona EV,Hyundai,2023,39,93.5,2032-03-14 02:15:00,2032-03-14 02:46:00,0.52,Bangalore Station 1,Fast,27,19.2,156.0,230.4,Premium Fleet,Bangalore,Completed,Good,D2258,Cloudy,22.5,76.0,26.32,Healthy
EV2259,Mahindra XUV400,Mahindra,2023,39,93.4,2032-03-15 08:00:00,2032-03-15 08:27:00,0.45,Mangalore Station 2,Fast,31,21.0,107.0,252,Green Mobility,Mangalore,Completed,Good,D2259,Sunny,22.5,76.0,26.32,Healthy
EV2260,Tata Curvv EV,Tata,2023,55,95.0,2032-03-16 05:00:00,2032-03-16 05:23:00,0.38,Mangalore Station 2,Fast,37,23.5,328.0,282,City EV,Mangalore,Completed,Good,D2260,Cloudy,22.5,76.0,26.32,Healthy
EV2261,Mahindra XUV400,Mahindra,2023,39,94.5,2032-03-17 03:30:00,2032-03-17 04:34:00,1.07,Hubli Station 2,Normal,27,17.9,238.0,214.8,City EV,Hubli,Completed,Good,D2261,Rainy,22.5,76.0,26.32,Healthy
EV2262,Hyundai Kona EV,Hyundai,2023,39,94.0,2032-03-18 22:30:00,2032-03-18 23:35:00,1.08,Belagavi Station 1,Normal,36,18.6,298.0,223.2,City EV,Belagavi,Completed,Good,D2262,Cloudy,22.5,76.0,26.32,Healthy
EV2263,Kia EV6,Kia,2023,77,96.3,2032-03-19 18:00:00,2032-03-19 18:55:00,0.92,Belagavi Station 2,Fast,33,45.5,153.0,546,City EV,Belagavi,Completed,Good,D2263,Rainy,22.5,76.0,26.32,Healthy
EV2264,BYD Atto 3,BYD,2023,60,96.3,2032-03-20 08:00:00,2032-03-20 08:17:00,0.28,Mangalore Station 1,Fast,39,19.1,265.0,229.2,Eco Drive,Mangalore,Completed,Good,D2264,Cloudy,22.5,76.0,26.32,Healthy
EV2265,MG ZS EV,MG,2023,50,97.4,2032-03-21 10:00:00,2032-03-21 10:26:00,0.43,Mysore Station 2,Fast,32,15.5,253.0,186,EV Fleet India,Mysore,Completed,Good,D2265,Rainy,22.5,76.0,26.32,Healthy
EV2266,Tata Nexon EV,Tata,2023,40,95.1,2032-03-22 10:30:00,2032-03-22 11:20:00,0.83,Bangalore Station 2,Normal,37,13.7,152.0,164.4,Green Mobility,Bangalore,Completed,Good,D2266,Cloudy,22.5,76.0,26.32,Healthy
EV2267,MG Comet EV,MG,2023,17,97.2,2032-03-23 21:30:00,2032-03-23 21:56:00,0.43,Mangalore Station 2,Normal,34,8.8,281.0,105.6,Green Mobility,Mangalore,Completed,Good,D2267,Sunny,22.5,76.0,26.32,Healthy
EV2268,Tata Curvv EV,Tata,2023,55,93.5,2032-03-24 22:15:00,2032-03-24 22:59:00,0.73,Mysore Station 2,Fast,28,39.6,131.0,475.2,Eco Drive,Mysore,Completed,Good,D2268,Sunny,22.5,76.0,26.32,Healthy
EV2269,Tata Nexon EV,Tata,2023,40,95.9,2032-03-25 00:00:00,2032-03-25 01:21:00,1.35,Mysore Station 1,Normal,37,22.3,97.0,267.60000000000002,Premium Fleet,Mysore,Completed,Good,D2269,Rainy,22.5,76.0,26.32,Healthy
EV2270,Tata Nexon EV,Tata,2023,40,93.1,2032-03-26 16:45:00,2032-03-26 17:03:00,0.3,Bangalore Station 1,Fast,31,18.0,235.0,216,Green Mobility,Bangalore,Completed,Good,D2270,Rainy,22.5,76.0,26.32,Healthy
EV2271,Tata Curvv EV,Tata,2023,55,95.6,2032-03-27 14:15:00,2032-03-27 15:39:00,1.4,Mysore Station 1,Normal,39,24.7,259.0,296.39999999999998,Green Mobility,Mysore,Completed,Good,D2271,Cloudy,22.5,76.0,26.32,Healthy
EV2272,MG ZS EV,MG,2023,50,92.7,2032-03-28 05:15:00,2032-03-28 05:51:00,0.6,Hubli Station 1,Fast,33,32.6,226.0,391.2,Premium Fleet,Hubli,Completed,Good,D2272,Rainy,22.5,76.0,26.32,Healthy
EV2273,MG Comet EV,MG,2023,17,97.2,2032-03-29 01:15:00,2032-03-29 01:36:00,0.35,Bangalore Station 1,Fast,36,13.0,258.0,156,Green Mobility,Bangalore,Completed,Good,D2273,Rainy,22.5,76.0,26.32,Healthy
EV2274,Kia EV6,Kia,2023,77,96.4,2032-03-30 14:00:00,2032-03-30 16:21:00,2.35,Belagavi Station 2,Normal,32,40.0,195.0,480,EV Fleet India,Belagavi,Completed,Good,D2274,Rainy,22.5,76.0,26.32,Healthy
EV2275,Tata Nexon EV,Tata,2023,40,95.0,2032-03-31 12:30:00,2032-03-31 12:56:00,0.43,Mysore Station 2,Fast,39,15.2,109.0,182.4,Premium Fleet,Mysore,Completed,Good,D2275,Sunny,22.5,76.0,26.32,Healthy
EV2276,Mahindra XUV400,Mahindra,2023,39,95.5,2032-04-01 17:45:00,2032-04-01 18:20:00,0.58,Belagavi Station 1,Fast,34,31.4,177.0,376.8,Eco Drive,Belagavi,Completed,Good,D2276,Sunny,22.5,76.0,26.32,Healthy
EV2277,Kia EV6,Kia,2023,77,93.8,2032-04-02 23:30:00,2032-04-03 00:39:00,1.15,Bangalore Station 1,Fast,31,62.3,167.0,747.6,Green Mobility,Bangalore,Completed,Good,D2277,Sunny,22.5,76.0,26.32,Healthy
EV2278,BYD Seal,BYD,2023,82,94.0,2032-04-03 11:15:00,2032-04-03 13:58:00,2.72,Belagavi Station 1,Normal,29,49.0,103.0,588,Eco Drive,Belagavi,Completed,Good,D2278,Rainy,22.5,76.0,26.32,Healthy
EV2279,Tata Nexon EV,Tata,2023,40,96.8,2032-04-04 04:30:00,2032-04-04 05:22:00,0.87,Belagavi Station 1,Normal,28,14.4,326.0,172.8,Eco Drive,Belagavi,Completed,Good,D2279,Sunny,22.5,76.0,26.32,Healthy
EV2280,Tata Punch EV,Tata,2023,35,92.7,2032-04-05 12:45:00,2032-04-05 13:46:00,1.02,Bangalore Station 2,Normal,33,18.4,209.0,220.8,Premium Fleet,Bangalore,Completed,Good,D2280,Rainy,22.5,76.0,26.32,Healthy
EV2281,Mahindra XUV400,Mahindra,2023,39,95.0,2032-04-06 16:15:00,2032-04-06 16:27:00,0.2,Mangalore Station 1,Fast,31,9.6,234.0,115.2,EV Fleet India,Mangalore,Completed,Good,D2281,Sunny,22.5,76.0,26.32,Healthy
EV2282,Tata Punch EV,Tata,2023,35,92.8,2032-04-07 14:00:00,2032-04-07 15:19:00,1.32,Hubli Station 1,Normal,39,22.2,242.0,266.39999999999998,City EV,Hubli,Completed,Good,D2282,Sunny,22.5,76.0,26.32,Healthy
EV2283,Hyundai Kona EV,Hyundai,2023,39,98.0,2032-04-08 02:45:00,2032-04-08 04:25:00,1.67,Mangalore Station 1,Normal,27,28.3,75.0,339.6,City EV,Mangalore,Completed,Good,D2283,Cloudy,22.5,76.0,26.32,Healthy
EV2284,Hyundai Kona EV,Hyundai,2023,39,92.2,2032-04-09 05:30:00,2032-04-09 06:09:00,0.65,Bangalore Station 1,Fast,29,30.8,74.0,369.6,Premium Fleet,Bangalore,Completed,Good,D2284,Sunny,22.5,76.0,26.32,Healthy
EV2285,Tata Nexon EV,Tata,2023,40,93.2,2032-04-10 01:00:00,2032-04-10 02:22:00,1.37,Bangalore Station 1,Normal,34,23.8,170.0,285.60000000000002,Premium Fleet,Bangalore,Completed,Good,D2285,Rainy,22.5,76.0,26.32,Healthy
EV2286,Hyundai Kona EV,Hyundai,2023,39,95.9,2032-04-11 07:15:00,2032-04-11 07:32:00,0.28,Mangalore Station 1,Fast,27,17.9,101.0,214.8,Premium Fleet,Mangalore,Completed,Good,D2286,Cloudy,22.5,76.0,26.32,Healthy
EV2287,Tata Punch EV,Tata,2023,35,93.8,2032-04-12 07:00:00,2032-04-12 07:51:00,0.85,Hubli Station 2,Normal,31,13.1,236.0,157.19999999999999,Green Mobility,Hubli,Completed,Good,D2287,Cloudy,22.5,76.0,26.32,Healthy
EV2288,BYD Atto 3,BYD,2023,60,96.5,2032-04-13 09:45:00,2032-04-13 11:53:00,2.13,Hubli Station 2,Normal,27,36.7,290.0,440.4,EV Fleet India,Hubli,Completed,Good,D2288,Sunny,22.5,76.0,26.32,Healthy
EV2289,MG Comet EV,MG,2023,17,94.1,2032-04-14 19:45:00,2032-04-14 19:58:00,0.22,Bangalore Station 1,Fast,31,4.9,183.0,58.8,Green Mobility,Bangalore,Completed,Good,D2289,Cloudy,22.5,76.0,26.32,Healthy
EV2290,Tata Nexon EV,Tata,2023,40,92.5,2032-04-15 21:15:00,2032-04-15 21:46:00,0.52,Belagavi Station 2,Fast,37,20.9,69.0,250.8,Premium Fleet,Belagavi,Completed,Good,D2290,Sunny,22.5,76.0,26.32,Healthy
EV2291,Tata Nexon EV,Tata,2023,40,95.1,2032-04-16 05:30:00,2032-04-16 05:57:00,0.45,Mangalore Station 1,Fast,36,16.7,150.0,200.4,Premium Fleet,Mangalore,Completed,Good,D2291,Rainy,22.5,76.0,26.32,Healthy
EV2292,Hyundai Kona EV,Hyundai,2023,39,93.7,2032-04-17 00:30:00,2032-04-17 00:51:00,0.35,Bangalore Station 1,Fast,31,21.5,292.0,258,Premium Fleet,Bangalore,Completed,Good,D2292,Sunny,22.5,76.0,26.32,Healthy
EV2293,BYD Atto 3,BYD,2023,60,96.7,2032-04-18 17:00:00,2032-04-18 17:39:00,0.65,Belagavi Station 1,Fast,39,36.9,239.0,442.8,Green Mobility,Belagavi,Completed,Good,D2293,Rainy,22.5,76.0,26.32,Healthy
EV2294,Tata Punch EV,Tata,2023,35,96.3,2032-04-19 12:00:00,2032-04-19 12:27:00,0.45,Belagavi Station 1,Fast,33,19.1,261.0,229.2,Premium Fleet,Belagavi,Completed,Good,D2294,Rainy,22.5,76.0,26.32,Healthy
EV2295,Tata Nexon EV,Tata,2023,40,96.4,2032-04-20 12:15:00,2032-04-20 12:45:00,0.5,Hubli Station 1,Fast,29,24.5,228.0,294,EV Fleet India,Hubli,Completed,Good,D2295,Rainy,22.5,76.0,26.32,Healthy
EV2296,Hyundai Kona EV,Hyundai,2023,39,94.0,2032-04-21 22:30:00,2032-04-21 22:48:00,0.3,Bangalore Station 2,Fast,37,8.8,70.0,105.6,Eco Drive,Bangalore,Completed,Good,D2296,Sunny,22.5,76.0,26.32,Healthy
EV2297,Tata Nexon EV,Tata,2023,40,92.7,2032-04-22 15:45:00,2032-04-22 16:11:00,0.43,Mysore Station 2,Fast,30,20.4,320.0,244.8,Premium Fleet,Mysore,Completed,Good,D2297,Cloudy,22.5,76.0,26.32,Healthy
EV2298,Tata Nexon EV,Tata,2023,40,92.6,2032-04-23 02:45:00,2032-04-23 03:03:00,0.3,Bangalore Station 1,Fast,32,16.5,67.0,198,City EV,Bangalore,Completed,Good,D2298,Sunny,22.5,76.0,26.32,Healthy
EV2299,Mahindra XUV400,Mahindra,2023,39,92.6,2032-04-24 18:00:00,2032-04-24 18:28:00,0.47,Mangalore Station 2,Fast,33,21.7,158.0,260.39999999999998,Premium Fleet,Mangalore,Completed,Good,D2299,Rainy,22.5,76.0,26.32,Healthy
EV2300,MG Comet EV,MG,2023,17,92.2,2032-04-25 13:00:00,2032-04-25 13:17:00,0.28,Belagavi Station 2,Fast,30,8.9,127.0,106.8,City EV,Belagavi,Completed,Good,D2300,Rainy,22.5,76.0,26.32,Healthy
EV2301,BYD Seal,BYD,2023,82,93.7,2032-04-26 15:00:00,2032-04-26 15:32:00,0.53,Mangalore Station 2,Fast,37,26.9,174.0,322.8,Premium Fleet,Mangalore,Completed,Good,D2301,Cloudy,22.5,76.0,26.32,Healthy
EV2302,BYD Atto 3,BYD,2023,60,92.8,2032-04-27 08:30:00,2032-04-27 09:56:00,1.43,Bangalore Station 1,Normal,31,25.9,129.0,310.8,City EV,Bangalore,Completed,Good,D2302,Rainy,22.5,76.0,26.32,Healthy
EV2303,BYD Atto 3,BYD,2023,60,94.8,2032-04-28 09:00:00,2032-04-28 09:33:00,0.55,Bangalore Station 2,Fast,30,22.7,98.0,272.39999999999998,Green Mobility,Bangalore,Completed,Good,D2303,Cloudy,22.5,76.0,26.32,Healthy
EV2304,BYD Seal,BYD,2023,82,94.1,2032-04-29 16:45:00,2032-04-29 17:35:00,0.83,Belagavi Station 2,Fast,31,36.3,171.0,435.6,Green Mobility,Belagavi,Completed,Good,D2304,Cloudy,22.5,76.0,26.32,Healthy
EV2305,BYD Seal,BYD,2023,82,97.8,2032-04-30 20:15:00,2032-04-30 21:14:00,0.98,Mysore Station 1,Fast,32,49.7,98.0,596.4,Premium Fleet,Mysore,Completed,Good,D2305,Cloudy,22.5,76.0,26.32,Healthy
EV2306,MG Comet EV,MG,2023,17,98.0,2032-05-01 19:15:00,2032-05-01 19:38:00,0.38,Hubli Station 2,Normal,27,6.4,315.0,76.8,Green Mobility,Hubli,Completed,Good,D2306,Sunny,22.5,76.0,26.32,Healthy
EV2307,Mahindra XUV400,Mahindra,2023,39,97.0,2032-05-02 07:45:00,2032-05-02 08:10:00,0.42,Bangalore Station 2,Fast,35,21.4,162.0,256.8,EV Fleet India,Bangalore,Completed,Good,D2307,Cloudy,22.5,76.0,26.32,Healthy
EV2308,BYD Seal,BYD,2023,82,94.0,2032-05-03 14:30:00,2032-05-03 16:33:00,2.05,Hubli Station 1,Normal,37,37.9,337.0,454.8,Green Mobility,Hubli,Completed,Good,D2308,Sunny,22.5,76.0,26.32,Healthy
EV2309,MG ZS EV,MG,2023,50,97.6,2032-05-04 20:30:00,2032-05-04 22:29:00,1.98,Mysore Station 1,Normal,28,34.1,146.0,409.2,Green Mobility,Mysore,Completed,Good,D2309,Rainy,22.5,76.0,26.32,Healthy
EV2310,MG ZS EV,MG,2023,50,96.7,2032-05-05 19:15:00,2032-05-05 20:07:00,0.87,Hubli Station 2,Fast,28,42.9,288.0,514.79999999999995,Premium Fleet,Hubli,Completed,Good,D2310,Rainy,22.5,76.0,26.32,Healthy
EV2311,Tata Nexon EV,Tata,2023,40,97.8,2032-05-06 15:15:00,2032-05-06 15:52:00,0.62,Mangalore Station 2,Fast,30,30.3,335.0,363.6,Eco Drive,Mangalore,Completed,Good,D2311,Rainy,22.5,76.0,26.32,Healthy
EV2312,Kia EV6,Kia,2023,77,95.6,2032-05-07 04:45:00,2032-05-07 05:25:00,0.67,Mangalore Station 1,Fast,37,35.9,233.0,430.8,Premium Fleet,Mangalore,Completed,Good,D2312,Cloudy,22.5,76.0,26.32,Healthy
EV2313,Mahindra XUV400,Mahindra,2023,39,93.0,2032-05-08 07:45:00,2032-05-08 09:05:00,1.33,Hubli Station 2,Normal,29,25.1,276.0,301.2,Green Mobility,Hubli,Completed,Good,D2313,Rainy,22.5,76.0,26.32,Healthy
EV2314,Kia EV6,Kia,2023,77,97.2,2032-05-09 14:15:00,2032-05-09 15:06:00,0.85,Belagavi Station 1,Fast,31,43.0,322.0,516,Premium Fleet,Belagavi,Completed,Good,D2314,Cloudy,22.5,76.0,26.32,Healthy
EV2315,Tata Nexon EV,Tata,2023,40,97.5,2032-05-10 15:30:00,2032-05-10 15:53:00,0.38,Mysore Station 2,Fast,30,16.4,127.0,196.8,Premium Fleet,Mysore,Completed,Good,D2315,Sunny,22.5,76.0,26.32,Healthy
EV2316,BYD Seal,BYD,2023,82,95.3,2032-05-11 03:00:00,2032-05-11 03:54:00,0.9,Belagavi Station 1,Fast,32,39.3,235.0,471.6,EV Fleet India,Belagavi,Completed,Good,D2316,Rainy,22.5,76.0,26.32,Healthy
EV2317,Tata Curvv EV,Tata,2023,55,94.4,2032-05-12 17:15:00,2032-05-12 18:22:00,1.12,Bangalore Station 2,Normal,39,17.8,227.0,213.6,EV Fleet India,Bangalore,Completed,Good,D2317,Cloudy,22.5,76.0,26.32,Healthy
EV2318,MG Comet EV,MG,2023,17,96.8,2032-05-13 06:15:00,2032-05-13 06:24:00,0.15,Belagavi Station 2,Fast,36,7.1,305.0,85.2,EV Fleet India,Belagavi,Completed,Good,D2318,Rainy,22.5,76.0,26.32,Healthy
EV2319,Tata Nexon EV,Tata,2023,40,95.6,2032-05-14 07:30:00,2032-05-14 08:49:00,1.32,Bangalore Station 1,Normal,36,23.4,147.0,280.8,Eco Drive,Bangalore,Completed,Good,D2319,Cloudy,22.5,76.0,26.32,Healthy
EV2320,Hyundai Kona EV,Hyundai,2023,39,92.9,2032-05-15 17:30:00,2032-05-15 19:20:00,1.83,Mangalore Station 1,Normal,27,31.2,307.0,374.4,Green Mobility,Mangalore,Completed,Good,D2320,Cloudy,22.5,76.0,26.32,Healthy
EV2321,Tata Nexon EV,Tata,2023,40,94.5,2032-05-16 14:30:00,2032-05-16 15:48:00,1.3,Mysore Station 1,Normal,29,23.3,221.0,279.60000000000002,Green Mobility,Mysore,Completed,Good,D2321,Cloudy,22.5,76.0,26.32,Healthy
EV2322,Tata Punch EV,Tata,2023,35,94.2,2032-05-17 00:00:00,2032-05-17 00:48:00,0.8,Mangalore Station 2,Normal,37,15.5,90.0,186,Eco Drive,Mangalore,Completed,Good,D2322,Sunny,22.5,76.0,26.32,Healthy
EV2323,Mahindra XUV400,Mahindra,2023,39,96.4,2032-05-18 17:45:00,2032-05-18 19:16:00,1.52,Belagavi Station 1,Normal,32,25.2,262.0,302.39999999999998,Premium Fleet,Belagavi,Completed,Good,D2323,Rainy,22.5,76.0,26.32,Healthy
EV2324,BYD Atto 3,BYD,2023,60,97.1,2032-05-19 12:00:00,2032-05-19 13:42:00,1.7,Hubli Station 1,Normal,39,32.3,72.0,387.6,City EV,Hubli,Completed,Good,D2324,Rainy,22.5,76.0,26.32,Healthy
EV2325,Tata Nexon EV,Tata,2023,40,92.4,2032-05-20 17:30:00,2032-05-20 18:04:00,0.57,Mangalore Station 1,Fast,31,30.9,317.0,370.8,Eco Drive,Mangalore,Completed,Good,D2325,Rainy,22.5,76.0,26.32,Healthy
EV2326,Tata Curvv EV,Tata,2023,55,94.1,2032-05-21 06:45:00,2032-05-21 07:14:00,0.48,Hubli Station 1,Fast,29,19.1,196.0,229.2,City EV,Hubli,Completed,Good,D2326,Cloudy,22.5,76.0,26.32,Healthy
EV2327,BYD Seal,BYD,2023,82,94.1,2032-05-22 09:00:00,2032-05-22 12:36:00,3.6,Bangalore Station 1,Normal,37,65.0,188.0,780,City EV,Bangalore,Completed,Good,D2327,Rainy,22.5,76.0,26.32,Healthy
EV2328,MG ZS EV,MG,2023,50,94.4,2032-05-23 04:30:00,2032-05-23 05:06:00,0.6,Bangalore Station 1,Fast,32,25.4,271.0,304.8,EV Fleet India,Bangalore,Completed,Good,D2328,Cloudy,22.5,76.0,26.32,Healthy
EV2329,BYD Atto 3,BYD,2023,60,93.2,2032-05-24 12:15:00,2032-05-24 12:47:00,0.53,Belagavi Station 2,Fast,30,22.0,240.0,264,City EV,Belagavi,Completed,Good,D2329,Cloudy,22.5,76.0,26.32,Healthy
EV2330,MG Comet EV,MG,2023,17,93.1,2032-05-25 00:00:00,2032-05-25 00:09:00,0.15,Mysore Station 1,Fast,30,7.3,222.0,87.6,Premium Fleet,Mysore,Completed,Good,D2330,Sunny,22.5,76.0,26.32,Healthy
EV2331,MG Comet EV,MG,2023,17,94.2,2032-05-26 06:00:00,2032-05-26 06:48:00,0.8,Belagavi Station 1,Normal,30,14.3,228.0,171.6,Premium Fleet,Belagavi,Completed,Good,D2331,Rainy,22.5,76.0,26.32,Healthy
EV2332,Tata Nexon EV,Tata,2023,40,94.9,2032-05-27 13:45:00,2032-05-27 14:05:00,0.33,Bangalore Station 2,Fast,28,17.1,318.0,205.2,Premium Fleet,Bangalore,Completed,Good,D2332,Sunny,22.5,76.0,26.32,Healthy
EV2333,Kia EV6,Kia,2023,77,94.2,2032-05-28 11:15:00,2032-05-28 12:13:00,0.97,Mysore Station 2,Fast,27,42.3,313.0,507.6,City EV,Mysore,Completed,Good,D2333,Rainy,22.5,76.0,26.32,Healthy
EV2334,Tata Punch EV,Tata,2023,35,93.1,2032-05-29 02:30:00,2032-05-29 03:31:00,1.02,Hubli Station 2,Normal,33,19.1,344.0,229.2,City EV,Hubli,Completed,Good,D2334,Sunny,22.5,76.0,26.32,Healthy
EV2335,MG Comet EV,MG,2023,17,95.9,2032-05-30 20:15:00,2032-05-30 20:36:00,0.35,Bangalore Station 1,Normal,30,4.7,70.0,56.4,EV Fleet India,Bangalore,Completed,Good,D2335,Rainy,22.5,76.0,26.32,Healthy
EV2336,Mahindra XUV400,Mahindra,2023,39,94.6,2032-05-31 08:00:00,2032-05-31 09:17:00,1.28,Hubli Station 2,Normal,36,21.5,278.0,258,Green Mobility,Hubli,Completed,Good,D2336,Rainy,22.5,76.0,26.32,Healthy
EV2337,BYD Atto 3,BYD,2023,60,96.2,2032-06-01 01:15:00,2032-06-01 01:44:00,0.48,Hubli Station 2,Fast,37,25.0,200.0,300,EV Fleet India,Hubli,Completed,Good,D2337,Cloudy,22.5,76.0,26.32,Healthy
EV2338,Kia EV6,Kia,2023,77,92.7,2032-06-02 09:45:00,2032-06-02 10:31:00,0.77,Hubli Station 1,Fast,37,33.1,162.0,397.2,Eco Drive,Hubli,Completed,Good,D2338,Cloudy,22.5,76.0,26.32,Healthy
EV2339,Kia EV6,Kia,2023,77,93.6,2032-06-03 06:00:00,2032-06-03 06:40:00,0.67,Mysore Station 1,Fast,37,31.5,110.0,378,EV Fleet India,Mysore,Completed,Good,D2339,Rainy,22.5,76.0,26.32,Healthy
EV2340,BYD Atto 3,BYD,2023,60,93.7,2032-06-04 03:15:00,2032-06-04 03:30:00,0.25,Mangalore Station 1,Fast,28,14.2,304.0,170.4,Premium Fleet,Mangalore,Completed,Good,D2340,Cloudy,22.5,76.0,26.32,Healthy
EV2341,Tata Nexon EV,Tata,2023,40,96.7,2032-06-05 08:15:00,2032-06-05 08:50:00,0.58,Bangalore Station 2,Fast,32,29.1,339.0,349.2,Eco Drive,Bangalore,Completed,Good,D2341,Sunny,22.5,76.0,26.32,Healthy
EV2342,MG ZS EV,MG,2023,50,97.4,2032-06-06 00:30:00,2032-06-06 01:05:00,0.58,Mangalore Station 1,Fast,33,24.4,73.0,292.8,Premium Fleet,Mangalore,Completed,Good,D2342,Cloudy,22.5,76.0,26.32,Healthy
EV2343,MG ZS EV,MG,2023,50,93.4,2032-06-07 19:30:00,2032-06-07 20:38:00,1.13,Belagavi Station 1,Normal,33,18.4,180.0,220.8,Premium Fleet,Belagavi,Completed,Good,D2343,Sunny,22.5,76.0,26.32,Healthy
EV2344,MG Comet EV,MG,2023,17,97.3,2032-06-08 05:30:00,2032-06-08 05:48:00,0.3,Mangalore Station 2,Fast,34,10.8,184.0,129.6,Eco Drive,Mangalore,Completed,Good,D2344,Sunny,22.5,76.0,26.32,Healthy
EV2345,Tata Punch EV,Tata,2023,35,96.0,2032-06-09 09:30:00,2032-06-09 09:39:00,0.15,Mysore Station 1,Fast,36,9.7,79.0,116.4,Eco Drive,Mysore,Completed,Good,D2345,Rainy,22.5,76.0,26.32,Healthy
EV2346,Tata Punch EV,Tata,2023,35,93.8,2032-06-10 17:00:00,2032-06-10 17:32:00,0.53,Mysore Station 2,Fast,28,23.1,270.0,277.2,Green Mobility,Mysore,Completed,Good,D2346,Cloudy,22.5,76.0,26.32,Healthy
EV2347,Hyundai Kona EV,Hyundai,2023,39,94.7,2032-06-11 21:00:00,2032-06-11 22:26:00,1.43,Bangalore Station 2,Normal,28,24.2,205.0,290.39999999999998,Eco Drive,Bangalore,Completed,Good,D2347,Sunny,22.5,76.0,26.32,Healthy
EV2348,Hyundai Kona EV,Hyundai,2023,39,95.9,2032-06-12 09:45:00,2032-06-12 10:40:00,0.92,Belagavi Station 2,Normal,39,16.8,262.0,201.6,Green Mobility,Belagavi,Completed,Good,D2348,Cloudy,22.5,76.0,26.32,Healthy
EV2349,MG Comet EV,MG,2023,17,92.4,2032-06-13 00:45:00,2032-06-13 01:05:00,0.33,Mangalore Station 1,Normal,36,7.4,87.0,88.8,Green Mobility,Mangalore,Completed,Good,D2349,Cloudy,22.5,76.0,26.32,Healthy
EV2350,Tata Nexon EV,Tata,2023,40,94.1,2032-06-14 08:00:00,2032-06-14 08:14:00,0.23,Bangalore Station 1,Fast,37,11.3,257.0,135.6,Eco Drive,Bangalore,Completed,Good,D2350,Rainy,22.5,76.0,26.32,Healthy
EV2351,MG Comet EV,MG,2023,17,97.8,2032-06-15 22:30:00,2032-06-15 22:45:00,0.25,Hubli Station 2,Fast,32,12.3,210.0,147.6,Green Mobility,Hubli,Completed,Good,D2351,Sunny,22.5,76.0,26.32,Healthy
EV2352,Mahindra XUV400,Mahindra,2023,39,92.9,2032-06-16 18:15:00,2032-06-16 18:40:00,0.42,Belagavi Station 1,Fast,39,20.5,74.0,246,EV Fleet India,Belagavi,Completed,Good,D2352,Sunny,22.5,76.0,26.32,Healthy
EV2353,BYD Seal,BYD,2023,82,93.4,2032-06-17 13:30:00,2032-06-17 15:31:00,2.02,Bangalore Station 1,Normal,28,37.2,110.0,446.4,Premium Fleet,Bangalore,Completed,Good,D2353,Cloudy,22.5,76.0,26.32,Healthy
EV2354,Kia EV6,Kia,2023,77,93.7,2032-06-18 23:30:00,2032-06-19 02:08:00,2.63,Belagavi Station 2,Normal,33,49.0,170.0,588,Green Mobility,Belagavi,Completed,Good,D2354,Cloudy,22.5,76.0,26.32,Healthy
EV2355,BYD Atto 3,BYD,2023,60,94.1,2032-06-19 14:30:00,2032-06-19 15:03:00,0.55,Mangalore Station 1,Fast,30,30.3,258.0,363.6,EV Fleet India,Mangalore,Completed,Good,D2355,Rainy,22.5,76.0,26.32,Healthy
EV2356,MG Comet EV,MG,2023,17,96.0,2032-06-20 13:00:00,2032-06-20 13:24:00,0.4,Mysore Station 1,Normal,35,8.5,332.0,102,Premium Fleet,Mysore,Completed,Good,D2356,Rainy,22.5,76.0,26.32,Healthy
EV2357,BYD Atto 3,BYD,2023,60,95.0,2032-06-21 02:30:00,2032-06-21 04:48:00,2.3,Mangalore Station 1,Normal,39,39.3,94.0,471.6,Eco Drive,Mangalore,Completed,Good,D2357,Cloudy,22.5,76.0,26.32,Healthy
EV2358,BYD Atto 3,BYD,2023,60,97.2,2032-06-22 02:30:00,2032-06-22 03:03:00,0.55,Hubli Station 2,Fast,30,21.1,125.0,253.2,EV Fleet India,Hubli,Completed,Good,D2358,Cloudy,22.5,76.0,26.32,Healthy
EV2359,MG Comet EV,MG,2023,17,95.0,2032-06-23 21:45:00,2032-06-23 21:50:00,0.08,Mangalore Station 1,Fast,33,6.0,286.0,72,City EV,Mangalore,Completed,Good,D2359,Cloudy,22.5,76.0,26.32,Healthy
EV2360,Kia EV6,Kia,2023,77,94.7,2032-06-24 07:45:00,2032-06-24 08:27:00,0.7,Mangalore Station 2,Fast,27,28.6,116.0,343.2,Premium Fleet,Mangalore,Completed,Good,D2360,Cloudy,22.5,76.0,26.32,Healthy
EV2361,Tata Punch EV,Tata,2023,35,93.1,2032-06-25 02:45:00,2032-06-25 03:53:00,1.13,Mysore Station 2,Normal,31,20.6,146.0,247.2,Eco Drive,Mysore,Completed,Good,D2361,Cloudy,22.5,76.0,26.32,Healthy
EV2362,MG Comet EV,MG,2023,17,93.7,2032-06-26 04:15:00,2032-06-26 04:30:00,0.25,Mysore Station 2,Normal,37,6.1,234.0,73.2,Eco Drive,Mysore,Completed,Good,D2362,Rainy,22.5,76.0,26.32,Healthy
EV2363,Tata Nexon EV,Tata,2023,40,96.9,2032-06-27 06:15:00,2032-06-27 06:52:00,0.62,Mangalore Station 1,Fast,35,24.3,203.0,291.60000000000002,Premium Fleet,Mangalore,Completed,Good,D2363,Sunny,22.5,76.0,26.32,Healthy
EV2364,Kia EV6,Kia,2023,77,93.0,2032-06-28 03:30:00,2032-06-28 04:40:00,1.17,Mysore Station 1,Fast,31,62.7,61.0,752.4,Eco Drive,Mysore,Completed,Good,D2364,Sunny,22.5,76.0,26.32,Healthy
EV2365,BYD Seal,BYD,2023,82,95.9,2032-06-29 09:15:00,2032-06-29 12:14:00,2.98,Mangalore Station 2,Normal,38,52.1,148.0,625.20000000000005,Green Mobility,Mangalore,Completed,Good,D2365,Cloudy,22.5,76.0,26.32,Healthy
EV2366,MG Comet EV,MG,2023,17,94.7,2032-06-30 21:45:00,2032-06-30 22:06:00,0.35,Bangalore Station 2,Fast,28,13.2,231.0,158.4,Premium Fleet,Bangalore,Completed,Good,D2366,Rainy,22.5,76.0,26.32,Healthy
EV2367,MG Comet EV,MG,2023,17,95.1,2032-07-01 09:30:00,2032-07-01 09:44:00,0.23,Mysore Station 1,Normal,29,4.5,143.0,54,City EV,Mysore,Completed,Good,D2367,Cloudy,22.5,76.0,26.32,Healthy
EV2368,Tata Curvv EV,Tata,2023,55,95.7,2032-07-02 22:00:00,2032-07-02 22:56:00,0.93,Hubli Station 2,Normal,28,16.3,171.0,195.6,Green Mobility,Hubli,Completed,Good,D2368,Sunny,22.5,76.0,26.32,Healthy
EV2369,Tata Punch EV,Tata,2023,35,97.0,2032-07-03 03:15:00,2032-07-03 03:25:00,0.17,Mysore Station 2,Fast,33,9.5,101.0,114,Green Mobility,Mysore,Completed,Good,D2369,Rainy,22.5,76.0,26.32,Healthy
EV2370,Kia EV6,Kia,2023,77,92.6,2032-07-04 20:15:00,2032-07-04 20:35:00,0.33,Belagavi Station 2,Fast,39,19.6,160.0,235.2,City EV,Belagavi,Completed,Good,D2370,Cloudy,22.5,76.0,26.32,Healthy
EV2371,Hyundai Kona EV,Hyundai,2023,39,97.3,2032-07-05 11:00:00,2032-07-05 11:25:00,0.42,Bangalore Station 2,Fast,38,23.2,283.0,278.39999999999998,Green Mobility,Bangalore,Completed,Good,D2371,Cloudy,22.5,76.0,26.32,Healthy
EV2372,BYD Atto 3,BYD,2023,60,96.4,2032-07-06 21:30:00,2032-07-06 23:25:00,1.92,Mangalore Station 2,Normal,38,34.7,214.0,416.4,Eco Drive,Mangalore,Completed,Good,D2372,Cloudy,22.5,76.0,26.32,Healthy
EV2373,MG Comet EV,MG,2023,17,97.9,2032-07-07 05:00:00,2032-07-07 05:12:00,0.2,Hubli Station 1,Fast,33,10.4,320.0,124.8,Eco Drive,Hubli,Completed,Good,D2373,Sunny,22.5,76.0,26.32,Healthy
EV2374,Tata Nexon EV,Tata,2023,40,93.8,2032-07-08 06:00:00,2032-07-08 06:32:00,0.53,Mysore Station 2,Normal,27,9.7,343.0,116.4,EV Fleet India,Mysore,Completed,Good,D2374,Rainy,22.5,76.0,26.32,Healthy
EV2375,BYD Atto 3,BYD,2023,60,97.0,2032-07-09 17:15:00,2032-07-09 18:01:00,0.77,Mangalore Station 2,Fast,31,35.4,265.0,424.8,City EV,Mangalore,Completed,Good,D2375,Cloudy,22.5,76.0,26.32,Healthy
EV2376,BYD Seal,BYD,2023,82,94.0,2032-07-10 17:45:00,2032-07-10 18:36:00,0.85,Mysore Station 2,Fast,38,44.0,121.0,528,Premium Fleet,Mysore,Completed,Good,D2376,Cloudy,22.5,76.0,26.32,Healthy
EV2377,Tata Punch EV,Tata,2023,35,94.2,2032-07-11 06:45:00,2032-07-11 07:11:00,0.43,Bangalore Station 2,Fast,39,21.4,339.0,256.8,EV Fleet India,Bangalore,Completed,Good,D2377,Cloudy,22.5,76.0,26.32,Healthy
EV2378,MG Comet EV,MG,2023,17,93.9,2032-07-12 17:00:00,2032-07-12 17:20:00,0.33,Belagavi Station 2,Normal,27,7.1,318.0,85.2,EV Fleet India,Belagavi,Completed,Good,D2378,Sunny,22.5,76.0,26.32,Healthy
EV2379,MG Comet EV,MG,2023,17,93.7,2032-07-13 03:15:00,2032-07-13 03:37:00,0.37,Hubli Station 1,Normal,38,5.9,121.0,70.8,EV Fleet India,Hubli,Completed,Good,D2379,Cloudy,22.5,76.0,26.32,Healthy
EV2380,Kia EV6,Kia,2023,77,93.1,2032-07-14 22:15:00,2032-07-15 01:07:00,2.87,Mangalore Station 2,Normal,39,50.4,327.0,604.79999999999995,City EV,Mangalore,Completed,Good,D2380,Cloudy,22.5,76.0,26.32,Healthy
EV2381,Kia EV6,Kia,2023,77,96.9,2032-07-15 23:15:00,2032-07-16 00:12:00,0.95,Bangalore Station 1,Fast,34,51.5,81.0,618,Eco Drive,Bangalore,Completed,Good,D2381,Rainy,22.5,76.0,26.32,Healthy
EV2382,BYD Atto 3,BYD,2023,60,98.0,2032-07-16 18:15:00,2032-07-16 19:32:00,1.28,Mangalore Station 1,Normal,28,23.7,350.0,284.39999999999998,EV Fleet India,Mangalore,Completed,Good,D2382,Cloudy,22.5,76.0,26.32,Healthy
EV2383,MG Comet EV,MG,2023,17,93.6,2032-07-17 11:15:00,2032-07-17 11:45:00,0.5,Belagavi Station 1,Normal,29,7.0,242.0,84,City EV,Belagavi,Completed,Good,D2383,Cloudy,22.5,76.0,26.32,Healthy
EV2384,Kia EV6,Kia,2023,77,97.7,2032-07-18 11:15:00,2032-07-18 12:19:00,1.07,Mysore Station 2,Fast,33,47.4,119.0,568.79999999999995,Premium Fleet,Mysore,Completed,Good,D2384,Cloudy,22.5,76.0,26.32,Healthy
EV2385,BYD Seal,BYD,2023,82,97.1,2032-07-19 03:45:00,2032-07-19 04:48:00,1.05,Bangalore Station 2,Fast,30,54.5,273.0,654,Eco Drive,Bangalore,Completed,Good,D2385,Rainy,22.5,76.0,26.32,Healthy
EV2386,Tata Punch EV,Tata,2023,35,96.3,2032-07-20 14:00:00,2032-07-20 14:20:00,0.33,Mysore Station 2,Fast,38,20.7,221.0,248.4,City EV,Mysore,Completed,Good,D2386,Cloudy,22.5,76.0,26.32,Healthy
EV2387,MG ZS EV,MG,2023,50,97.3,2032-07-21 00:45:00,2032-07-21 02:36:00,1.85,Mangalore Station 2,Normal,36,33.8,142.0,405.6,Green Mobility,Mangalore,Completed,Good,D2387,Sunny,22.5,76.0,26.32,Healthy
EV2388,BYD Atto 3,BYD,2023,60,97.7,2032-07-22 01:30:00,2032-07-22 02:31:00,1.02,Belagavi Station 2,Normal,38,17.5,194.0,210,Eco Drive,Belagavi,Completed,Good,D2388,Sunny,22.5,76.0,26.32,Healthy
EV2389,MG Comet EV,MG,2023,17,95.8,2032-07-23 08:45:00,2032-07-23 09:22:00,0.62,Mysore Station 1,Normal,27,10.4,77.0,124.8,Eco Drive,Mysore,Completed,Good,D2389,Cloudy,22.5,76.0,26.32,Healthy
EV2390,Tata Nexon EV,Tata,2023,40,96.4,2032-07-24 12:15:00,2032-07-24 13:09:00,0.9,Bangalore Station 1,Normal,31,16.4,244.0,196.8,EV Fleet India,Bangalore,Completed,Good,D2390,Cloudy,22.5,76.0,26.32,Healthy
EV2391,Tata Nexon EV,Tata,2023,40,97.6,2032-07-25 20:30:00,2032-07-25 21:47:00,1.28,Belagavi Station 2,Normal,35,24.7,94.0,296.39999999999998,City EV,Belagavi,Completed,Good,D2391,Cloudy,22.5,76.0,26.32,Healthy
EV2392,Mahindra XUV400,Mahindra,2023,39,96.1,2032-07-26 23:45:00,2032-07-27 00:15:00,0.5,Bangalore Station 1,Fast,38,21.0,203.0,252,Premium Fleet,Bangalore,Completed,Good,D2392,Sunny,22.5,76.0,26.32,Healthy
EV2393,MG Comet EV,MG,2023,17,92.4,2032-07-27 21:45:00,2032-07-27 22:23:00,0.63,Mysore Station 2,Normal,29,11.6,292.0,139.19999999999999,EV Fleet India,Mysore,Completed,Good,D2393,Cloudy,22.5,76.0,26.32,Healthy
EV2394,Kia EV6,Kia,2023,77,96.1,2032-07-28 05:45:00,2032-07-28 06:44:00,0.98,Mangalore Station 2,Normal,33,18.5,138.0,222,Green Mobility,Mangalore,Completed,Good,D2394,Cloudy,22.5,76.0,26.32,Healthy
EV2395,MG Comet EV,MG,2023,17,94.7,2032-07-29 08:45:00,2032-07-29 09:32:00,0.78,Hubli Station 1,Normal,39,12.3,170.0,147.6,Eco Drive,Hubli,Completed,Good,D2395,Rainy,22.5,76.0,26.32,Healthy
EV2396,Tata Curvv EV,Tata,2023,55,97.0,2032-07-30 09:45:00,2032-07-30 11:22:00,1.62,Bangalore Station 2,Normal,35,29.6,274.0,355.2,EV Fleet India,Bangalore,Completed,Good,D2396,Cloudy,22.5,76.0,26.32,Healthy
EV2397,Kia EV6,Kia,2023,77,93.7,2032-07-31 17:30:00,2032-07-31 19:36:00,2.1,Mysore Station 1,Normal,29,38.3,173.0,459.6,Premium Fleet,Mysore,Completed,Good,D2397,Cloudy,22.5,76.0,26.32,Healthy
EV2398,Tata Punch EV,Tata,2023,35,95.3,2032-08-01 04:30:00,2032-08-01 05:19:00,0.82,Bangalore Station 1,Normal,34,15.5,253.0,186,Green Mobility,Bangalore,Completed,Good,D2398,Cloudy,22.5,76.0,26.32,Healthy
EV2399,Mahindra XUV400,Mahindra,2023,39,96.5,2032-08-02 22:30:00,2032-08-02 23:02:00,0.53,Hubli Station 2,Fast,35,22.5,324.0,270,Green Mobility,Hubli,Completed,Good,D2399,Rainy,22.5,76.0,26.32,Healthy
EV2400,MG ZS EV,MG,2023,50,96.5,2032-08-03 03:00:00,2032-08-03 04:24:00,1.4,Bangalore Station 2,Normal,33,23.9,245.0,286.8,Green Mobility,Bangalore,Completed,Good,D2400,Cloudy,22.5,76.0,26.32,Healthy
EV2401,BYD Seal,BYD,2023,82,95.8,2032-08-04 01:45:00,2032-08-04 04:17:00,2.53,Bangalore Station 1,Normal,39,45.6,121.0,547.20000000000005,Premium Fleet,Bangalore,Completed,Good,D2401,Sunny,22.5,76.0,26.32,Healthy
EV2402,BYD Seal,BYD,2023,82,93.2,2032-08-05 19:45:00,2032-08-05 22:12:00,2.45,Hubli Station 2,Normal,32,43.1,138.0,517.20000000000005,EV Fleet India,Hubli,Completed,Good,D2402,Sunny,22.5,76.0,26.32,Healthy
EV2403,Tata Curvv EV,Tata,2023,55,95.5,2032-08-06 12:45:00,2032-08-06 14:43:00,1.97,Mysore Station 2,Normal,34,33.4,146.0,400.8,Premium Fleet,Mysore,Completed,Good,D2403,Cloudy,22.5,76.0,26.32,Healthy
EV2404,Mahindra XUV400,Mahindra,2023,39,97.5,2032-08-07 03:00:00,2032-08-07 03:32:00,0.53,Mangalore Station 2,Normal,31,10.2,300.0,122.4,EV Fleet India,Mangalore,Completed,Good,D2404,Cloudy,22.5,76.0,26.32,Healthy
EV2405,Tata Nexon EV,Tata,2023,40,96.6,2032-08-08 09:15:00,2032-08-08 10:55:00,1.67,Mysore Station 2,Normal,29,28.7,129.0,344.4,Premium Fleet,Mysore,Completed,Good,D2405,Rainy,22.5,76.0,26.32,Healthy
EV2406,BYD Seal,BYD,2023,82,95.1,2032-08-09 20:15:00,2032-08-09 20:45:00,0.5,Hubli Station 1,Fast,36,28.3,118.0,339.6,EV Fleet India,Hubli,Completed,Good,D2406,Cloudy,22.5,76.0,26.32,Healthy
EV2407,MG Comet EV,MG,2023,17,93.0,2032-08-10 04:00:00,2032-08-10 04:08:00,0.13,Mysore Station 2,Fast,36,7.8,126.0,93.6,Premium Fleet,Mysore,Completed,Good,D2407,Rainy,22.5,76.0,26.32,Healthy
EV2408,BYD Atto 3,BYD,2023,60,97.6,2032-08-11 19:00:00,2032-08-11 19:29:00,0.48,Belagavi Station 1,Fast,36,28.9,73.0,346.8,Premium Fleet,Belagavi,Completed,Good,D2408,Sunny,22.5,76.0,26.32,Healthy
EV2409,BYD Atto 3,BYD,2023,60,94.3,2032-08-12 03:45:00,2032-08-12 04:35:00,0.83,Mysore Station 2,Normal,31,14.1,274.0,169.2,City EV,Mysore,Completed,Good,D2409,Cloudy,22.5,76.0,26.32,Healthy
EV2410,Hyundai Kona EV,Hyundai,2023,39,96.1,2032-08-13 13:45:00,2032-08-13 15:15:00,1.5,Hubli Station 2,Normal,27,27.6,175.0,331.2,Premium Fleet,Hubli,Completed,Good,D2410,Rainy,22.5,76.0,26.32,Healthy
EV2411,BYD Seal,BYD,2023,82,96.3,2032-08-14 15:00:00,2032-08-14 15:32:00,0.53,Belagavi Station 2,Fast,31,23.8,335.0,285.60000000000002,Premium Fleet,Belagavi,Completed,Good,D2411,Sunny,22.5,76.0,26.32,Healthy
EV2412,BYD Atto 3,BYD,2023,60,95.0,2032-08-15 00:30:00,2032-08-15 02:46:00,2.27,Hubli Station 2,Normal,36,41.4,228.0,496.8,City EV,Hubli,Completed,Good,D2412,Sunny,22.5,76.0,26.32,Healthy
EV2413,BYD Seal,BYD,2023,82,94.6,2032-08-16 12:45:00,2032-08-16 13:33:00,0.8,Mangalore Station 1,Fast,29,35.4,290.0,424.8,Eco Drive,Mangalore,Completed,Good,D2413,Cloudy,22.5,76.0,26.32,Healthy
EV2414,BYD Seal,BYD,2023,82,97.1,2032-08-17 18:45:00,2032-08-17 19:07:00,0.37,Mysore Station 1,Fast,32,22.7,274.0,272.39999999999998,Premium Fleet,Mysore,Completed,Good,D2414,Sunny,22.5,76.0,26.32,Healthy
EV2415,BYD Atto 3,BYD,2023,60,97.9,2032-08-18 15:45:00,2032-08-18 16:14:00,0.48,Mangalore Station 2,Fast,33,26.9,210.0,322.8,City EV,Mangalore,Completed,Good,D2415,Sunny,22.5,76.0,26.32,Healthy
EV2416,Tata Nexon EV,Tata,2023,40,97.5,2032-08-19 05:45:00,2032-08-19 07:18:00,1.55,Mysore Station 2,Normal,37,26.2,345.0,314.39999999999998,City EV,Mysore,Completed,Good,D2416,Sunny,22.5,76.0,26.32,Healthy
EV2417,Tata Punch EV,Tata,2023,35,97.4,2032-08-20 09:30:00,2032-08-20 10:16:00,0.77,Bangalore Station 1,Normal,35,13.5,338.0,162,Eco Drive,Bangalore,Completed,Good,D2417,Sunny,22.5,76.0,26.32,Healthy
EV2418,BYD Seal,BYD,2023,82,97.7,2032-08-21 18:45:00,2032-08-21 19:55:00,1.17,Bangalore Station 1,Fast,37,52.1,275.0,625.20000000000005,EV Fleet India,Bangalore,Completed,Good,D2418,Cloudy,22.5,76.0,26.32,Healthy
EV2419,MG ZS EV,MG,2023,50,96.5,2032-08-22 02:15:00,2032-08-22 02:49:00,0.57,Mangalore Station 1,Fast,29,33.3,135.0,399.6,Green Mobility,Mangalore,Completed,Good,D2419,Rainy,22.5,76.0,26.32,Healthy
EV2420,MG ZS EV,MG,2023,50,97.7,2032-08-23 09:45:00,2032-08-23 11:35:00,1.83,Belagavi Station 1,Normal,27,32.0,270.0,384,Green Mobility,Belagavi,Completed,Good,D2420,Cloudy,22.5,76.0,26.32,Healthy
EV2421,Tata Curvv EV,Tata,2023,55,96.8,2032-08-24 19:15:00,2032-08-24 19:58:00,0.72,Mangalore Station 2,Fast,35,34.9,187.0,418.8,Green Mobility,Mangalore,Completed,Good,D2421,Cloudy,22.5,76.0,26.32,Healthy
EV2422,Kia EV6,Kia,2023,77,95.7,2032-08-25 04:00:00,2032-08-25 06:07:00,2.12,Mangalore Station 2,Normal,29,39.0,178.0,468,Eco Drive,Mangalore,Completed,Good,D2422,Rainy,22.5,76.0,26.32,Healthy
EV2423,Hyundai Kona EV,Hyundai,2023,39,96.2,2032-08-26 19:15:00,2032-08-26 19:35:00,0.33,Belagavi Station 2,Fast,28,14.2,120.0,170.4,City EV,Belagavi,Completed,Good,D2423,Sunny,22.5,76.0,26.32,Healthy
EV2424,MG Comet EV,MG,2023,17,95.6,2032-08-27 12:30:00,2032-08-27 13:06:00,0.6,Hubli Station 2,Normal,35,10.0,326.0,120,City EV,Hubli,Completed,Good,D2424,Sunny,22.5,76.0,26.32,Healthy
EV2425,Kia EV6,Kia,2023,77,96.9,2032-08-28 18:15:00,2032-08-28 18:46:00,0.52,Bangalore Station 1,Fast,37,28.0,154.0,336,EV Fleet India,Bangalore,Completed,Good,D2425,Sunny,22.5,76.0,26.32,Healthy
EV2426,BYD Atto 3,BYD,2023,60,95.1,2032-08-29 03:30:00,2032-08-29 04:46:00,1.27,Mysore Station 1,Normal,39,21.4,250.0,256.8,City EV,Mysore,Completed,Good,D2426,Rainy,22.5,76.0,26.32,Healthy
EV2427,MG ZS EV,MG,2023,50,96.6,2032-08-30 04:45:00,2032-08-30 06:28:00,1.72,Belagavi Station 2,Normal,33,29.7,169.0,356.4,Eco Drive,Belagavi,Completed,Good,D2427,Sunny,22.5,76.0,26.32,Healthy
EV2428,Tata Nexon EV,Tata,2023,40,92.3,2032-08-31 04:15:00,2032-08-31 04:53:00,0.63,Mangalore Station 2,Fast,39,32.5,196.0,390,City EV,Mangalore,Completed,Good,D2428,Rainy,22.5,76.0,26.32,Healthy
EV2429,MG ZS EV,MG,2023,50,95.8,2032-09-01 16:45:00,2032-09-01 17:07:00,0.37,Mangalore Station 2,Fast,31,20.6,129.0,247.2,Premium Fleet,Mangalore,Completed,Good,D2429,Sunny,22.5,76.0,26.32,Healthy
EV2430,Tata Curvv EV,Tata,2023,55,96.5,2032-09-02 09:30:00,2032-09-02 10:12:00,0.7,Belagavi Station 2,Fast,33,38.6,337.0,463.2,Premium Fleet,Belagavi,Completed,Good,D2430,Sunny,22.5,76.0,26.32,Healthy
EV2431,Tata Curvv EV,Tata,2023,55,95.2,2032-09-03 17:30:00,2032-09-03 18:01:00,0.52,Hubli Station 2,Fast,27,23.6,278.0,283.2,Premium Fleet,Hubli,Completed,Good,D2431,Sunny,22.5,76.0,26.32,Healthy
EV2432,MG Comet EV,MG,2023,17,93.2,2032-09-04 19:15:00,2032-09-04 19:31:00,0.27,Bangalore Station 2,Fast,37,10.8,75.0,129.6,EV Fleet India,Bangalore,Completed,Good,D2432,Sunny,22.5,76.0,26.32,Healthy
EV2433,Mahindra XUV400,Mahindra,2023,39,95.1,2032-09-05 08:15:00,2032-09-05 08:49:00,0.57,Mangalore Station 2,Fast,38,24.6,308.0,295.2,Green Mobility,Mangalore,Completed,Good,D2433,Rainy,22.5,76.0,26.32,Healthy
EV2434,Hyundai Kona EV,Hyundai,2023,39,97.5,2032-09-06 22:30:00,2032-09-06 22:47:00,0.28,Mangalore Station 1,Fast,29,17.7,79.0,212.4,Green Mobility,Mangalore,Completed,Good,D2434,Rainy,22.5,76.0,26.32,Healthy
EV2435,Tata Punch EV,Tata,2023,35,97.0,2032-09-07 19:00:00,2032-09-07 19:22:00,0.37,Hubli Station 2,Fast,38,17.2,296.0,206.4,Eco Drive,Hubli,Completed,Good,D2435,Sunny,22.5,76.0,26.32,Healthy
EV2436,Tata Curvv EV,Tata,2023,55,96.4,2032-09-08 20:30:00,2032-09-08 22:29:00,1.98,Belagavi Station 2,Normal,31,36.1,222.0,433.2,Premium Fleet,Belagavi,Completed,Good,D2436,Cloudy,22.5,76.0,26.32,Healthy
EV2437,MG Comet EV,MG,2023,17,95.8,2032-09-09 13:30:00,2032-09-09 13:46:00,0.27,Belagavi Station 2,Fast,27,8.5,197.0,102,Eco Drive,Belagavi,Completed,Good,D2437,Cloudy,22.5,76.0,26.32,Healthy
EV2438,Kia EV6,Kia,2023,77,94.5,2032-09-10 08:30:00,2032-09-10 09:40:00,1.17,Belagavi Station 2,Fast,28,56.8,191.0,681.6,EV Fleet India,Belagavi,Completed,Good,D2438,Cloudy,22.5,76.0,26.32,Healthy
EV2439,Tata Nexon EV,Tata,2023,40,96.1,2032-09-11 14:45:00,2032-09-11 15:12:00,0.45,Belagavi Station 1,Normal,36,9.1,99.0,109.2,Premium Fleet,Belagavi,Completed,Good,D2439,Sunny,22.5,76.0,26.32,Healthy
EV2440,MG Comet EV,MG,2023,17,96.7,2032-09-12 01:00:00,2032-09-12 01:07:00,0.12,Mysore Station 2,Fast,32,8.1,301.0,97.2,City EV,Mysore,Completed,Good,D2440,Sunny,22.5,76.0,26.32,Healthy
EV2441,BYD Seal,BYD,2023,82,97.9,2032-09-13 03:45:00,2032-09-13 05:57:00,2.2,Mysore Station 2,Normal,33,37.8,221.0,453.6,Premium Fleet,Mysore,Completed,Good,D2441,Rainy,22.5,76.0,26.32,Healthy
EV2442,Hyundai Kona EV,Hyundai,2023,39,94.9,2032-09-14 00:30:00,2032-09-14 01:08:00,0.63,Mysore Station 1,Fast,35,26.3,158.0,315.60000000000002,Green Mobility,Mysore,Completed,Good,D2442,Cloudy,22.5,76.0,26.32,Healthy
EV2443,BYD Seal,BYD,2023,82,96.1,2032-09-15 10:45:00,2032-09-15 11:24:00,0.65,Bangalore Station 2,Fast,32,29.7,205.0,356.4,Green Mobility,Bangalore,Completed,Good,D2443,Rainy,22.5,76.0,26.32,Healthy
EV2444,Tata Curvv EV,Tata,2023,55,95.4,2032-09-16 15:45:00,2032-09-16 16:32:00,0.78,Mysore Station 1,Fast,32,40.2,164.0,482.4,Premium Fleet,Mysore,Completed,Good,D2444,Sunny,22.5,76.0,26.32,Healthy
EV2445,Kia EV6,Kia,2023,77,92.2,2032-09-17 14:45:00,2032-09-17 15:32:00,0.78,Mangalore Station 2,Fast,29,39.9,318.0,478.8,City EV,Mangalore,Completed,Good,D2445,Sunny,22.5,76.0,26.32,Healthy
EV2446,Tata Curvv EV,Tata,2023,55,92.9,2032-09-18 12:45:00,2032-09-18 13:36:00,0.85,Bangalore Station 2,Normal,36,15.8,96.0,189.6,Eco Drive,Bangalore,Completed,Good,D2446,Cloudy,22.5,76.0,26.32,Healthy
EV2447,MG ZS EV,MG,2023,50,97.6,2032-09-19 20:15:00,2032-09-19 21:05:00,0.83,Mangalore Station 1,Normal,38,14.2,128.0,170.4,City EV,Mangalore,Completed,Good,D2447,Rainy,22.5,76.0,26.32,Healthy
EV2448,Tata Punch EV,Tata,2023,35,93.5,2032-09-20 14:45:00,2032-09-20 15:28:00,0.72,Hubli Station 2,Normal,31,11.9,224.0,142.80000000000001,City EV,Hubli,Completed,Good,D2448,Sunny,22.5,76.0,26.32,Healthy
EV2449,Tata Curvv EV,Tata,2023,55,95.9,2032-09-21 03:15:00,2032-09-21 04:01:00,0.77,Mysore Station 2,Fast,29,37.4,71.0,448.8,Green Mobility,Mysore,Completed,Good,D2449,Sunny,22.5,76.0,26.32,Healthy
EV2450,MG ZS EV,MG,2023,50,92.7,2032-09-22 20:00:00,2032-09-22 20:33:00,0.55,Belagavi Station 2,Fast,33,21.8,86.0,261.60000000000002,EV Fleet India,Belagavi,Completed,Good,D2450,Rainy,22.5,76.0,26.32,Healthy
EV2451,BYD Atto 3,BYD,2023,60,95.1,2032-09-23 21:30:00,2032-09-23 22:23:00,0.88,Hubli Station 1,Fast,27,37.9,170.0,454.8,Green Mobility,Hubli,Completed,Good,D2451,Rainy,22.5,76.0,26.32,Healthy
EV2452,Tata Punch EV,Tata,2023,35,92.9,2032-09-24 01:00:00,2032-09-24 01:13:00,0.22,Bangalore Station 1,Fast,33,12.4,234.0,148.80000000000001,Eco Drive,Bangalore,Completed,Good,D2452,Sunny,22.5,76.0,26.32,Healthy
EV2453,Tata Punch EV,Tata,2023,35,93.1,2032-09-25 03:30:00,2032-09-25 03:51:00,0.35,Hubli Station 2,Fast,33,18.7,180.0,224.4,Premium Fleet,Hubli,Completed,Good,D2453,Cloudy,22.5,76.0,26.32,Healthy
EV2454,Hyundai Kona EV,Hyundai,2023,39,97.3,2032-09-26 04:15:00,2032-09-26 05:35:00,1.33,Belagavi Station 2,Normal,39,24.5,120.0,294,Eco Drive,Belagavi,Completed,Good,D2454,Rainy,22.5,76.0,26.32,Healthy
EV2455,BYD Atto 3,BYD,2023,60,94.7,2032-09-27 04:45:00,2032-09-27 07:27:00,2.7,Bangalore Station 1,Normal,34,49.2,342.0,590.4,Premium Fleet,Bangalore,Completed,Good,D2455,Rainy,22.5,76.0,26.32,Healthy
EV2456,MG Comet EV,MG,2023,17,97.7,2032-09-28 18:00:00,2032-09-28 18:27:00,0.45,Mysore Station 1,Normal,28,7.6,88.0,91.2,Green Mobility,Mysore,Completed,Good,D2456,Sunny,22.5,76.0,26.32,Healthy
EV2457,Tata Curvv EV,Tata,2023,55,97.1,2032-09-29 09:00:00,2032-09-29 10:47:00,1.78,Belagavi Station 2,Normal,31,32.0,93.0,384,City EV,Belagavi,Completed,Good,D2457,Cloudy,22.5,76.0,26.32,Healthy
EV2458,Mahindra XUV400,Mahindra,2023,39,96.9,2032-09-30 13:15:00,2032-09-30 13:33:00,0.3,Bangalore Station 2,Fast,30,15.3,69.0,183.6,City EV,Bangalore,Completed,Good,D2458,Cloudy,22.5,76.0,26.32,Healthy
EV2459,Kia EV6,Kia,2023,77,95.3,2032-10-01 06:30:00,2032-10-01 07:19:00,0.82,Mangalore Station 1,Fast,35,41.7,99.0,500.4,EV Fleet India,Mangalore,Completed,Good,D2459,Rainy,22.5,76.0,26.32,Healthy
EV2460,BYD Atto 3,BYD,2023,60,96.5,2032-10-02 05:00:00,2032-10-02 05:46:00,0.77,Mangalore Station 2,Fast,36,41.9,149.0,502.8,EV Fleet India,Mangalore,Completed,Good,D2460,Sunny,22.5,76.0,26.32,Healthy
EV2461,Tata Nexon EV,Tata,2023,40,97.4,2032-10-03 16:30:00,2032-10-03 17:59:00,1.48,Hubli Station 2,Normal,35,26.8,180.0,321.60000000000002,EV Fleet India,Hubli,Completed,Good,D2461,Cloudy,22.5,76.0,26.32,Healthy
EV2462,Mahindra XUV400,Mahindra,2023,39,94.1,2032-10-04 04:45:00,2032-10-04 05:03:00,0.3,Mysore Station 1,Fast,37,15.8,280.0,189.6,EV Fleet India,Mysore,Completed,Good,D2462,Rainy,22.5,76.0,26.32,Healthy
EV2463,Hyundai Kona EV,Hyundai,2023,39,92.1,2032-10-05 04:00:00,2032-10-05 04:21:00,0.35,Bangalore Station 1,Fast,39,14.9,153.0,178.8,Premium Fleet,Bangalore,Completed,Good,D2463,Rainy,22.5,76.0,26.32,Healthy
EV2464,Kia EV6,Kia,2023,77,97.8,2032-10-06 15:00:00,2032-10-06 15:21:00,0.35,Hubli Station 1,Fast,35,17.5,274.0,210,Premium Fleet,Hubli,Completed,Good,D2464,Cloudy,22.5,76.0,26.32,Healthy
EV2465,Hyundai Kona EV,Hyundai,2023,39,97.6,2032-10-07 10:45:00,2032-10-07 12:19:00,1.57,Hubli Station 1,Normal,34,28.1,267.0,337.2,City EV,Hubli,Completed,Good,D2465,Cloudy,22.5,76.0,26.32,Healthy
EV2466,Kia EV6,Kia,2023,77,94.9,2032-10-08 23:00:00,2032-10-09 02:21:00,3.35,Mysore Station 1,Normal,39,58.4,241.0,700.8,City EV,Mysore,Completed,Good,D2466,Sunny,22.5,76.0,26.32,Healthy
EV2467,BYD Seal,BYD,2023,82,94.2,2032-10-09 03:00:00,2032-10-09 03:58:00,0.97,Hubli Station 1,Fast,29,51.0,258.0,612,Green Mobility,Hubli,Completed,Good,D2467,Cloudy,22.5,76.0,26.32,Healthy
EV2468,Tata Punch EV,Tata,2023,35,95.7,2032-10-10 21:00:00,2032-10-10 21:28:00,0.47,Mangalore Station 2,Normal,32,9.2,285.0,110.4,EV Fleet India,Mangalore,Completed,Good,D2468,Rainy,22.5,76.0,26.32,Healthy
EV2469,Tata Curvv EV,Tata,2023,55,97.9,2032-10-11 07:00:00,2032-10-11 08:52:00,1.87,Bangalore Station 1,Normal,27,33.6,109.0,403.2,EV Fleet India,Bangalore,Completed,Good,D2469,Cloudy,22.5,76.0,26.32,Healthy
EV2470,Hyundai Kona EV,Hyundai,2023,39,95.1,2032-10-12 01:15:00,2032-10-12 01:42:00,0.45,Mangalore Station 1,Fast,32,17.5,213.0,210,EV Fleet India,Mangalore,Completed,Good,D2470,Sunny,22.5,76.0,26.32,Healthy
EV2471,BYD Atto 3,BYD,2023,60,95.7,2032-10-13 22:15:00,2032-10-13 22:47:00,0.53,Mysore Station 1,Fast,31,25.3,173.0,303.60000000000002,Premium Fleet,Mysore,Completed,Good,D2471,Sunny,22.5,76.0,26.32,Healthy
EV2472,MG Comet EV,MG,2023,17,98.0,2032-10-14 05:15:00,2032-10-14 05:50:00,0.58,Mysore Station 1,Normal,29,9.8,110.0,117.6,Green Mobility,Mysore,Completed,Good,D2472,Cloudy,22.5,76.0,26.32,Healthy
EV2473,Mahindra XUV400,Mahindra,2023,39,93.0,2032-10-15 14:00:00,2032-10-15 15:27:00,1.45,Bangalore Station 2,Normal,27,26.8,283.0,321.60000000000002,EV Fleet India,Bangalore,Completed,Good,D2473,Sunny,22.5,76.0,26.32,Healthy
EV2474,Hyundai Kona EV,Hyundai,2023,39,95.4,2032-10-16 17:00:00,2032-10-16 18:04:00,1.07,Hubli Station 2,Normal,35,18.6,180.0,223.2,Eco Drive,Hubli,Completed,Good,D2474,Sunny,22.5,76.0,26.32,Healthy
EV2475,BYD Seal,BYD,2023,82,97.0,2032-10-17 22:30:00,2032-10-17 23:18:00,0.8,Hubli Station 1,Fast,37,34.4,178.0,412.8,EV Fleet India,Hubli,Completed,Good,D2475,Cloudy,22.5,76.0,26.32,Healthy
EV2476,Tata Nexon EV,Tata,2023,40,97.0,2032-10-18 17:15:00,2032-10-18 17:45:00,0.5,Mangalore Station 1,Fast,28,18.5,344.0,222,Premium Fleet,Mangalore,Completed,Good,D2476,Sunny,22.5,76.0,26.32,Healthy
EV2477,BYD Atto 3,BYD,2023,60,92.1,2032-10-19 18:15:00,2032-10-19 19:42:00,1.45,Mysore Station 1,Normal,33,26.1,262.0,313.2,Green Mobility,Mysore,Completed,Good,D2477,Sunny,22.5,76.0,26.32,Healthy
EV2478,Tata Curvv EV,Tata,2023,55,96.7,2032-10-20 23:15:00,2032-10-21 00:55:00,1.67,Mysore Station 1,Normal,31,30.5,287.0,366,Green Mobility,Mysore,Completed,Good,D2478,Rainy,22.5,76.0,26.32,Healthy
EV2479,BYD Seal,BYD,2023,82,94.8,2032-10-21 03:00:00,2032-10-21 03:46:00,0.77,Mysore Station 1,Fast,39,39.1,287.0,469.2,City EV,Mysore,Completed,Good,D2479,Sunny,22.5,76.0,26.32,Healthy
EV2480,Mahindra XUV400,Mahindra,2023,39,92.3,2032-10-22 20:45:00,2032-10-22 21:24:00,0.65,Mangalore Station 1,Normal,33,11.8,89.0,141.6,Eco Drive,Mangalore,Completed,Good,D2480,Sunny,22.5,76.0,26.32,Healthy
EV2481,MG Comet EV,MG,2023,17,96.0,2032-10-23 18:30:00,2032-10-23 18:46:00,0.27,Hubli Station 2,Fast,35,7.9,243.0,94.8,EV Fleet India,Hubli,Completed,Good,D2481,Rainy,22.5,76.0,26.32,Healthy
EV2482,Tata Punch EV,Tata,2023,35,95.8,2032-10-24 02:30:00,2032-10-24 02:54:00,0.4,Hubli Station 1,Fast,34,22.6,229.0,271.2,Eco Drive,Hubli,Completed,Good,D2482,Rainy,22.5,76.0,26.32,Healthy
EV2483,Tata Curvv EV,Tata,2023,55,95.1,2032-10-25 17:30:00,2032-10-25 18:08:00,0.63,Hubli Station 2,Fast,38,35.6,109.0,427.2,City EV,Hubli,Completed,Good,D2483,Cloudy,22.5,76.0,26.32,Healthy
EV2484,Tata Nexon EV,Tata,2023,40,96.9,2032-10-26 16:30:00,2032-10-26 16:59:00,0.48,Bangalore Station 1,Normal,30,9.9,254.0,118.8,City EV,Bangalore,Completed,Good,D2484,Sunny,22.5,76.0,26.32,Healthy
EV2485,Tata Punch EV,Tata,2023,35,97.8,2032-10-27 17:00:00,2032-10-27 18:32:00,1.53,Belagavi Station 1,Normal,34,25.3,76.0,303.60000000000002,Premium Fleet,Belagavi,Completed,Good,D2485,Rainy,22.5,76.0,26.32,Healthy
EV2486,Tata Nexon EV,Tata,2023,40,96.0,2032-10-28 04:00:00,2032-10-28 04:15:00,0.25,Belagavi Station 2,Fast,38,15.5,207.0,186,Green Mobility,Belagavi,Completed,Good,D2486,Rainy,22.5,76.0,26.32,Healthy
EV2487,Mahindra XUV400,Mahindra,2023,39,97.3,2032-10-29 22:00:00,2032-10-29 22:35:00,0.58,Belagavi Station 1,Fast,36,29.9,334.0,358.8,Green Mobility,Belagavi,Completed,Good,D2487,Rainy,22.5,76.0,26.32,Healthy
EV2488,BYD Seal,BYD,2023,82,94.5,2032-10-30 02:00:00,2032-10-30 02:58:00,0.97,Mysore Station 2,Fast,34,52.4,279.0,628.79999999999995,EV Fleet India,Mysore,Completed,Good,D2488,Rainy,22.5,76.0,26.32,Healthy
EV2489,MG Comet EV,MG,2023,17,98.0,2032-10-31 17:45:00,2032-10-31 17:58:00,0.22,Bangalore Station 1,Fast,39,7.4,164.0,88.8,EV Fleet India,Bangalore,Completed,Good,D2489,Rainy,22.5,76.0,26.32,Healthy
EV2490,Kia EV6,Kia,2023,77,97.8,2032-11-01 13:45:00,2032-11-01 14:59:00,1.23,Belagavi Station 1,Fast,37,55.5,61.0,666,EV Fleet India,Belagavi,Completed,Good,D2490,Rainy,22.5,76.0,26.32,Healthy
EV2491,Tata Curvv EV,Tata,2023,55,96.8,2032-11-02 05:15:00,2032-11-02 06:07:00,0.87,Hubli Station 2,Fast,30,40.2,181.0,482.4,Green Mobility,Hubli,Completed,Good,D2491,Rainy,22.5,76.0,26.32,Healthy
EV2492,BYD Seal,BYD,2023,82,97.9,2032-11-03 22:30:00,2032-11-03 23:18:00,0.8,Bangalore Station 1,Fast,30,40.3,185.0,483.6,Premium Fleet,Bangalore,Completed,Good,D2492,Cloudy,22.5,76.0,26.32,Healthy
EV2493,BYD Atto 3,BYD,2023,60,97.9,2032-11-04 22:45:00,2032-11-04 23:54:00,1.15,Mysore Station 2,Normal,31,22.4,270.0,268.8,Green Mobility,Mysore,Completed,Good,D2493,Cloudy,22.5,76.0,26.32,Healthy
EV2494,BYD Atto 3,BYD,2023,60,95.2,2032-11-05 20:00:00,2032-11-05 20:40:00,0.67,Bangalore Station 1,Fast,35,37.0,164.0,444,EV Fleet India,Bangalore,Completed,Good,D2494,Sunny,22.5,76.0,26.32,Healthy
EV2495,Tata Curvv EV,Tata,2023,55,97.0,2032-11-06 17:00:00,2032-11-06 18:13:00,1.22,Mysore Station 1,Normal,30,20.1,68.0,241.2,Premium Fleet,Mysore,Completed,Good,D2495,Rainy,22.5,76.0,26.32,Healthy
EV2496,Mahindra XUV400,Mahindra,2023,39,93.7,2032-11-07 16:45:00,2032-11-07 17:52:00,1.12,Belagavi Station 2,Normal,33,20.5,274.0,246,Eco Drive,Belagavi,Completed,Good,D2496,Sunny,22.5,76.0,26.32,Healthy
EV2497,MG ZS EV,MG,2023,50,96.6,2032-11-08 14:30:00,2032-11-08 14:54:00,0.4,Mysore Station 2,Fast,36,15.1,169.0,181.2,EV Fleet India,Mysore,Completed,Good,D2497,Cloudy,22.5,76.0,26.32,Healthy
EV2498,Hyundai Kona EV,Hyundai,2023,39,94.9,2032-11-09 02:15:00,2032-11-09 03:13:00,0.97,Mysore Station 1,Normal,29,15.0,157.0,180,Premium Fleet,Mysore,Completed,Good,D2498,Rainy,22.5,76.0,26.32,Healthy
EV2499,Hyundai Kona EV,Hyundai,2023,39,96.1,2032-11-10 19:15:00,2032-11-10 19:40:00,0.42,Hubli Station 1,Fast,27,19.6,297.0,235.2,EV Fleet India,Hubli,Completed,Good,D2499,Rainy,22.5,76.0,26.32,Healthy
EV2500,Hyundai Kona EV,Hyundai,2023,39,93.7,2032-11-11 03:15:00,2032-11-11 03:38:00,0.38,Mysore Station 2,Fast,31,22.2,340.0,266.39999999999998,Eco Drive,Mysore,Completed,Good,D2500,Rainy,22.5,76.0,26.32,Healthy
EV2501,Tata Nexon EV,Tata,2023,40,98.0,2032-11-12 09:45:00,2032-11-12 10:54:00,1.15,Mysore Station 1,Normal,27,21.5,277.0,258,EV Fleet India,Mysore,Completed,Good,D2501,Sunny,22.5,76.0,26.32,Healthy
EV2502,Tata Punch EV,Tata,2023,35,97.8,2032-11-13 21:30:00,2032-11-13 22:03:00,0.55,Hubli Station 1,Normal,38,10.9,89.0,130.80000000000001,EV Fleet India,Hubli,Completed,Good,D2502,Sunny,22.5,76.0,26.32,Healthy
EV2503,BYD Seal,BYD,2023,82,95.7,2032-11-14 03:45:00,2032-11-14 06:24:00,2.65,Bangalore Station 1,Normal,31,45.6,107.0,547.20000000000005,Green Mobility,Bangalore,Completed,Good,D2503,Sunny,22.5,76.0,26.32,Healthy
EV2504,BYD Seal,BYD,2023,82,94.2,2032-11-15 19:45:00,2032-11-15 21:05:00,1.33,Belagavi Station 2,Fast,34,69.4,165.0,832.8,Eco Drive,Belagavi,Completed,Good,D2504,Cloudy,22.5,76.0,26.32,Healthy
EV2505,BYD Atto 3,BYD,2023,60,95.3,2032-11-16 23:15:00,2032-11-17 01:12:00,1.95,Belagavi Station 2,Normal,34,34.7,143.0,416.4,Eco Drive,Belagavi,Completed,Good,D2505,Cloudy,22.5,76.0,26.32,Healthy
EV2506,MG ZS EV,MG,2023,50,93.5,2032-11-17 02:00:00,2032-11-17 02:40:00,0.67,Belagavi Station 2,Fast,32,31.3,165.0,375.6,Green Mobility,Belagavi,Completed,Good,D2506,Rainy,22.5,76.0,26.32,Healthy
EV2507,MG ZS EV,MG,2023,50,92.2,2032-11-18 20:30:00,2032-11-18 22:50:00,2.33,Bangalore Station 2,Normal,31,39.6,103.0,475.2,EV Fleet India,Bangalore,Completed,Good,D2507,Rainy,22.5,76.0,26.32,Healthy
EV2508,Tata Curvv EV,Tata,2023,55,97.4,2032-11-19 04:30:00,2032-11-19 05:05:00,0.58,Bangalore Station 2,Fast,34,31.7,191.0,380.4,EV Fleet India,Bangalore,Completed,Good,D2508,Cloudy,22.5,76.0,26.32,Healthy
EV2509,Tata Curvv EV,Tata,2023,55,94.6,2032-11-20 12:30:00,2032-11-20 12:48:00,0.3,Belagavi Station 1,Fast,30,19.2,284.0,230.4,EV Fleet India,Belagavi,Completed,Good,D2509,Cloudy,22.5,76.0,26.32,Healthy
EV2510,BYD Atto 3,BYD,2023,60,96.1,2032-11-21 05:30:00,2032-11-21 06:14:00,0.73,Mysore Station 1,Fast,29,38.8,312.0,465.6,Green Mobility,Mysore,Completed,Good,D2510,Cloudy,22.5,76.0,26.32,Healthy
EV2511,BYD Seal,BYD,2023,82,94.5,2032-11-22 09:15:00,2032-11-22 10:12:00,0.95,Belagavi Station 1,Fast,38,42.7,284.0,512.4,Eco Drive,Belagavi,Completed,Good,D2511,Cloudy,22.5,76.0,26.32,Healthy
EV2512,MG Comet EV,MG,2023,17,92.5,2032-11-23 23:15:00,2032-11-23 23:46:00,0.52,Mysore Station 2,Normal,38,9.6,249.0,115.2,City EV,Mysore,Completed,Good,D2512,Rainy,22.5,76.0,26.32,Healthy
EV2513,BYD Atto 3,BYD,2023,60,96.5,2032-11-24 20:45:00,2032-11-24 22:13:00,1.47,Mysore Station 1,Normal,33,27.0,93.0,324,Premium Fleet,Mysore,Completed,Good,D2513,Rainy,22.5,76.0,26.32,Healthy
EV2514,MG ZS EV,MG,2023,50,94.6,2032-11-25 13:30:00,2032-11-25 15:35:00,2.08,Mysore Station 1,Normal,28,37.2,153.0,446.4,EV Fleet India,Mysore,Completed,Good,D2514,Sunny,22.5,76.0,26.32,Healthy
EV2515,MG ZS EV,MG,2023,50,96.3,2032-11-26 12:45:00,2032-11-26 13:24:00,0.65,Mangalore Station 2,Fast,38,28.8,331.0,345.6,Eco Drive,Mangalore,Completed,Good,D2515,Rainy,22.5,76.0,26.32,Healthy
EV2516,Tata Punch EV,Tata,2023,35,95.1,2032-11-27 17:15:00,2032-11-27 17:55:00,0.67,Hubli Station 2,Fast,29,27.5,226.0,330,Eco Drive,Hubli,Completed,Good,D2516,Rainy,22.5,76.0,26.32,Healthy
EV2517,Hyundai Kona EV,Hyundai,2023,39,92.5,2032-11-28 13:00:00,2032-11-28 13:33:00,0.55,Mysore Station 2,Fast,31,24.5,321.0,294,Eco Drive,Mysore,Completed,Good,D2517,Cloudy,22.5,76.0,26.32,Healthy
EV2518,Tata Curvv EV,Tata,2023,55,96.7,2032-11-29 23:00:00,2032-11-30 01:17:00,2.28,Mangalore Station 1,Normal,28,42.0,252.0,504,Premium Fleet,Mangalore,Completed,Good,D2518,Cloudy,22.5,76.0,26.32,Healthy
EV2519,Mahindra XUV400,Mahindra,2023,39,92.9,2032-11-30 07:30:00,2032-11-30 07:55:00,0.42,Belagavi Station 2,Fast,33,19.9,93.0,238.8,EV Fleet India,Belagavi,Completed,Good,D2519,Rainy,22.5,76.0,26.32,Healthy
EV2520,Tata Curvv EV,Tata,2023,55,93.5,2032-12-01 01:30:00,2032-12-01 02:16:00,0.77,Bangalore Station 1,Normal,36,15.2,122.0,182.4,Eco Drive,Bangalore,Completed,Good,D2520,Cloudy,22.5,76.0,26.32,Healthy
EV2521,BYD Atto 3,BYD,2023,60,94.4,2032-12-02 04:30:00,2032-12-02 06:05:00,1.58,Mysore Station 1,Normal,33,29.6,348.0,355.2,Premium Fleet,Mysore,Completed,Good,D2521,Cloudy,22.5,76.0,26.32,Healthy
EV2522,Tata Nexon EV,Tata,2023,40,93.6,2032-12-03 21:00:00,2032-12-03 22:03:00,1.05,Mangalore Station 2,Normal,27,20.5,140.0,246,Green Mobility,Mangalore,Completed,Good,D2522,Cloudy,22.5,76.0,26.32,Healthy
EV2523,Tata Punch EV,Tata,2023,35,95.2,2032-12-04 07:30:00,2032-12-04 07:57:00,0.45,Belagavi Station 1,Fast,32,22.3,341.0,267.60000000000002,Green Mobility,Belagavi,Completed,Good,D2523,Rainy,22.5,76.0,26.32,Healthy
EV2524,Kia EV6,Kia,2023,77,97.5,2032-12-05 16:15:00,2032-12-05 17:14:00,0.98,Belagavi Station 2,Fast,28,47.8,164.0,573.6,Eco Drive,Belagavi,Completed,Good,D2524,Rainy,22.5,76.0,26.32,Healthy
EV2525,BYD Atto 3,BYD,2023,60,93.7,2032-12-06 15:00:00,2032-12-06 15:26:00,0.43,Hubli Station 2,Fast,36,25.0,65.0,300,Eco Drive,Hubli,Completed,Good,D2525,Sunny,22.5,76.0,26.32,Healthy
EV2526,Mahindra XUV400,Mahindra,2023,39,92.8,2032-12-07 12:30:00,2032-12-07 12:56:00,0.43,Bangalore Station 2,Fast,31,15.1,288.0,181.2,Premium Fleet,Bangalore,Completed,Good,D2526,Cloudy,22.5,76.0,26.32,Healthy
EV2527,MG Comet EV,MG,2023,17,96.0,2032-12-08 08:30:00,2032-12-08 08:42:00,0.2,Belagavi Station 2,Fast,34,4.5,224.0,54,City EV,Belagavi,Completed,Good,D2527,Sunny,22.5,76.0,26.32,Healthy
EV2528,BYD Atto 3,BYD,2023,60,95.6,2032-12-09 15:15:00,2032-12-09 17:16:00,2.02,Belagavi Station 1,Normal,37,37.7,171.0,452.4,EV Fleet India,Belagavi,Completed,Good,D2528,Rainy,22.5,76.0,26.32,Healthy
EV2529,Tata Punch EV,Tata,2023,35,93.7,2032-12-10 22:30:00,2032-12-10 23:58:00,1.47,Bangalore Station 1,Normal,37,24.1,149.0,289.2,City EV,Bangalore,Completed,Good,D2529,Cloudy,22.5,76.0,26.32,Healthy
EV2530,Tata Curvv EV,Tata,2023,55,96.7,2032-12-11 14:00:00,2032-12-11 14:37:00,0.62,Mysore Station 2,Fast,29,25.8,259.0,309.60000000000002,Premium Fleet,Mysore,Completed,Good,D2530,Cloudy,22.5,76.0,26.32,Healthy
EV2531,Tata Punch EV,Tata,2023,35,92.8,2032-12-12 15:30:00,2032-12-12 15:44:00,0.23,Mangalore Station 2,Fast,34,15.5,306.0,186,Premium Fleet,Mangalore,Completed,Good,D2531,Sunny,22.5,76.0,26.32,Healthy
EV2532,MG Comet EV,MG,2023,17,97.5,2032-12-13 18:30:00,2032-12-13 18:43:00,0.22,Bangalore Station 1,Fast,30,13.2,75.0,158.4,EV Fleet India,Bangalore,Completed,Good,D2532,Cloudy,22.5,76.0,26.32,Healthy
EV2533,Kia EV6,Kia,2023,77,97.1,2032-12-14 02:00:00,2032-12-14 03:06:00,1.1,Hubli Station 1,Normal,39,17.4,214.0,208.8,EV Fleet India,Hubli,Completed,Good,D2533,Rainy,22.5,76.0,26.32,Healthy
EV2534,MG ZS EV,MG,2023,50,97.0,2032-12-15 20:30:00,2032-12-15 21:01:00,0.52,Mysore Station 2,Fast,32,29.9,132.0,358.8,City EV,Mysore,Completed,Good,D2534,Sunny,22.5,76.0,26.32,Healthy
EV2535,Hyundai Kona EV,Hyundai,2023,39,93.0,2032-12-16 04:30:00,2032-12-16 05:31:00,1.02,Mangalore Station 2,Normal,36,18.8,327.0,225.6,Eco Drive,Mangalore,Completed,Good,D2535,Rainy,22.5,76.0,26.32,Healthy
EV2536,Hyundai Kona EV,Hyundai,2023,39,93.4,2032-12-17 03:00:00,2032-12-17 03:23:00,0.38,Hubli Station 2,Fast,36,14.9,257.0,178.8,EV Fleet India,Hubli,Completed,Good,D2536,Rainy,22.5,76.0,26.32,Healthy
EV2537,Tata Punch EV,Tata,2023,35,96.3,2032-12-18 10:45:00,2032-12-18 11:38:00,0.88,Hubli Station 2,Normal,33,15.5,207.0,186,Premium Fleet,Hubli,Completed,Good,D2537,Cloudy,22.5,76.0,26.32,Healthy
EV2538,BYD Atto 3,BYD,2023,60,97.0,2032-12-19 21:15:00,2032-12-19 22:01:00,0.77,Belagavi Station 2,Fast,27,37.4,85.0,448.8,Green Mobility,Belagavi,Completed,Good,D2538,Sunny,22.5,76.0,26.32,Healthy
EV2539,Tata Nexon EV,Tata,2023,40,92.4,2032-12-20 00:30:00,2032-12-20 01:17:00,0.78,Mangalore Station 1,Normal,35,12.3,167.0,147.6,Premium Fleet,Mangalore,Completed,Good,D2539,Cloudy,22.5,76.0,26.32,Healthy
EV2540,Tata Punch EV,Tata,2023,35,96.9,2032-12-21 03:15:00,2032-12-21 04:32:00,1.28,Mysore Station 2,Normal,36,23.5,346.0,282,Premium Fleet,Mysore,Completed,Good,D2540,Sunny,22.5,76.0,26.32,Healthy
EV2541,BYD Seal,BYD,2023,82,96.1,2032-12-22 05:30:00,2032-12-22 06:23:00,0.88,Mangalore Station 1,Fast,28,41.0,208.0,492,Eco Drive,Mangalore,Completed,Good,D2541,Cloudy,22.5,76.0,26.32,Healthy
EV2542,Tata Punch EV,Tata,2023,35,92.4,2032-12-23 11:45:00,2032-12-23 12:43:00,0.97,Mangalore Station 2,Normal,38,16.0,161.0,192,Premium Fleet,Mangalore,Completed,Good,D2542,Cloudy,22.5,76.0,26.32,Healthy
EV2543,MG Comet EV,MG,2023,17,97.3,2032-12-24 02:45:00,2032-12-24 03:02:00,0.28,Bangalore Station 2,Fast,29,10.1,296.0,121.2,EV Fleet India,Bangalore,Completed,Good,D2543,Rainy,22.5,76.0,26.32,Healthy
EV2544,Kia EV6,Kia,2023,77,95.4,2032-12-25 09:45:00,2032-12-25 10:21:00,0.6,Bangalore Station 1,Fast,39,32.2,257.0,386.4,City EV,Bangalore,Completed,Good,D2544,Rainy,22.5,76.0,26.32,Healthy
EV2545,BYD Seal,BYD,2023,82,97.3,2032-12-26 17:15:00,2032-12-26 17:51:00,0.6,Mysore Station 1,Fast,38,29.0,307.0,348,EV Fleet India,Mysore,Completed,Good,D2545,Cloudy,22.5,76.0,26.32,Healthy
EV2546,Tata Punch EV,Tata,2023,35,92.1,2032-12-27 19:30:00,2032-12-27 20:08:00,0.63,Bangalore Station 2,Normal,28,9.7,82.0,116.4,Premium Fleet,Bangalore,Completed,Good,D2546,Sunny,22.5,76.0,26.32,Healthy
EV2547,BYD Seal,BYD,2023,82,93.2,2032-12-28 08:30:00,2032-12-28 10:50:00,2.33,Bangalore Station 2,Normal,34,42.0,169.0,504,Green Mobility,Bangalore,Completed,Good,D2547,Sunny,22.5,76.0,26.32,Healthy
EV2548,Tata Curvv EV,Tata,2023,55,95.3,2032-12-29 17:45:00,2032-12-29 18:15:00,0.5,Belagavi Station 1,Fast,27,25.9,192.0,310.8,Green Mobility,Belagavi,Completed,Good,D2548,Rainy,22.5,76.0,26.32,Healthy
EV2549,MG ZS EV,MG,2023,50,95.5,2032-12-30 15:15:00,2032-12-30 15:36:00,0.35,Mysore Station 2,Fast,32,15.7,188.0,188.4,EV Fleet India,Mysore,Completed,Good,D2549,Rainy,22.5,76.0,26.32,Healthy
EV2550,MG ZS EV,MG,2023,50,97.4,2032-12-31 01:45:00,2032-12-31 02:17:00,0.53,Mangalore Station 2,Fast,34,28.3,96.0,339.6,City EV,Mangalore,Completed,Good,D2550,Rainy,22.5,76.0,26.32,Healthy
EV2551,Mahindra XUV400,Mahindra,2023,39,93.2,2033-01-01 16:00:00,2033-01-01 16:49:00,0.82,Belagavi Station 2,Normal,36,14.6,213.0,175.2,Premium Fleet,Belagavi,Completed,Good,D2551,Cloudy,22.5,76.0,26.32,Healthy
EV2552,Hyundai Kona EV,Hyundai,2023,39,93.8,2033-01-02 22:00:00,2033-01-02 22:35:00,0.58,Bangalore Station 2,Fast,31,23.5,184.0,282,Premium Fleet,Bangalore,Completed,Good,D2552,Sunny,22.5,76.0,26.32,Healthy
EV2553,MG Comet EV,MG,2023,17,97.9,2033-01-03 17:00:00,2033-01-03 17:40:00,0.67,Mysore Station 1,Normal,29,10.7,273.0,128.4,EV Fleet India,Mysore,Completed,Good,D2553,Sunny,22.5,76.0,26.32,Healthy
EV2554,Kia EV6,Kia,2023,77,94.7,2033-01-04 19:30:00,2033-01-04 20:02:00,0.53,Mangalore Station 2,Fast,38,24.0,304.0,288,Green Mobility,Mangalore,Completed,Good,D2554,Sunny,22.5,76.0,26.32,Healthy
EV2555,Tata Punch EV,Tata,2023,35,94.5,2033-01-05 07:30:00,2033-01-05 07:49:00,0.32,Mysore Station 2,Fast,28,12.7,340.0,152.4,Green Mobility,Mysore,Completed,Good,D2555,Cloudy,22.5,76.0,26.32,Healthy
EV2556,MG Comet EV,MG,2023,17,95.1,2033-01-06 21:45:00,2033-01-06 21:56:00,0.18,Mangalore Station 2,Fast,29,11.7,201.0,140.4,EV Fleet India,Mangalore,Completed,Good,D2556,Cloudy,22.5,76.0,26.32,Healthy
EV2557,Hyundai Kona EV,Hyundai,2023,39,94.7,2033-01-07 06:00:00,2033-01-07 06:28:00,0.47,Hubli Station 2,Fast,28,19.9,299.0,238.8,City EV,Hubli,Completed,Good,D2557,Cloudy,22.5,76.0,26.32,Healthy
EV2558,Tata Punch EV,Tata,2023,35,96.0,2033-01-08 21:45:00,2033-01-08 22:07:00,0.37,Mangalore Station 2,Fast,36,13.5,179.0,162,EV Fleet India,Mangalore,Completed,Good,D2558,Cloudy,22.5,76.0,26.32,Healthy
EV2559,BYD Atto 3,BYD,2023,60,92.6,2033-01-09 20:00:00,2033-01-09 20:47:00,0.78,Mangalore Station 2,Fast,36,35.0,192.0,420,City EV,Mangalore,Completed,Good,D2559,Cloudy,22.5,76.0,26.32,Healthy
EV2560,MG Comet EV,MG,2023,17,96.5,2033-01-10 14:00:00,2033-01-10 14:34:00,0.57,Bangalore Station 2,Normal,33,8.5,104.0,102,Green Mobility,Bangalore,Completed,Good,D2560,Rainy,22.5,76.0,26.32,Healthy
EV2561,Kia EV6,Kia,2023,77,92.6,2033-01-11 06:45:00,2033-01-11 07:14:00,0.48,Mangalore Station 1,Fast,34,22.4,266.0,268.8,EV Fleet India,Mangalore,Completed,Good,D2561,Sunny,22.5,76.0,26.32,Healthy
EV2562,Mahindra XUV400,Mahindra,2023,39,96.8,2033-01-12 20:15:00,2033-01-12 20:47:00,0.53,Mysore Station 1,Fast,33,31.1,307.0,373.2,City EV,Mysore,Completed,Good,D2562,Rainy,22.5,76.0,26.32,Healthy
EV2563,Tata Nexon EV,Tata,2023,40,95.0,2033-01-13 13:30:00,2033-01-13 13:46:00,0.27,Belagavi Station 2,Fast,39,14.5,190.0,174,Premium Fleet,Belagavi,Completed,Good,D2563,Rainy,22.5,76.0,26.32,Healthy
EV2564,MG ZS EV,MG,2023,50,92.2,2033-01-14 22:45:00,2033-01-15 00:09:00,1.4,Belagavi Station 2,Normal,31,24.5,177.0,294,Green Mobility,Belagavi,Completed,Good,D2564,Cloudy,22.5,76.0,26.32,Healthy
EV2565,MG Comet EV,MG,2023,17,93.5,2033-01-15 19:00:00,2033-01-15 19:16:00,0.27,Mangalore Station 2,Fast,32,12.7,119.0,152.4,Eco Drive,Mangalore,Completed,Good,D2565,Sunny,22.5,76.0,26.32,Healthy
EV2566,Mahindra XUV400,Mahindra,2023,39,94.6,2033-01-16 21:00:00,2033-01-16 22:43:00,1.72,Mangalore Station 2,Normal,37,30.6,199.0,367.2,EV Fleet India,Mangalore,Completed,Good,D2566,Rainy,22.5,76.0,26.32,Healthy
EV2567,Tata Nexon EV,Tata,2023,40,94.1,2033-01-17 11:00:00,2033-01-17 12:43:00,1.72,Bangalore Station 1,Normal,30,28.7,328.0,344.4,EV Fleet India,Bangalore,Completed,Good,D2567,Sunny,22.5,76.0,26.32,Healthy
EV2568,BYD Seal,BYD,2023,82,96.0,2033-01-18 21:30:00,2033-01-18 23:04:00,1.57,Mysore Station 1,Normal,30,28.5,104.0,342,Green Mobility,Mysore,Completed,Good,D2568,Rainy,22.5,76.0,26.32,Healthy
EV2569,Tata Curvv EV,Tata,2023,55,92.6,2033-01-19 20:00:00,2033-01-19 21:39:00,1.65,Bangalore Station 2,Normal,27,27.5,145.0,330,EV Fleet India,Bangalore,Completed,Good,D2569,Rainy,22.5,76.0,26.32,Healthy
EV2570,Hyundai Kona EV,Hyundai,2023,39,93.5,2033-01-20 10:00:00,2033-01-20 10:07:00,0.12,Bangalore Station 2,Fast,34,9.7,349.0,116.4,Eco Drive,Bangalore,Completed,Good,D2570,Cloudy,22.5,76.0,26.32,Healthy
EV2571,Tata Punch EV,Tata,2023,35,97.6,2033-01-21 04:45:00,2033-01-21 05:09:00,0.4,Mangalore Station 1,Fast,39,15.6,343.0,187.2,EV Fleet India,Mangalore,Completed,Good,D2571,Sunny,22.5,76.0,26.32,Healthy
EV2572,Tata Punch EV,Tata,2023,35,93.8,2033-01-22 00:45:00,2033-01-22 02:01:00,1.27,Hubli Station 2,Normal,32,22.7,295.0,272.39999999999998,Green Mobility,Hubli,Completed,Good,D2572,Cloudy,22.5,76.0,26.32,Healthy
EV2573,BYD Seal,BYD,2023,82,95.2,2033-01-23 19:30:00,2033-01-23 20:21:00,0.85,Mysore Station 2,Fast,35,38.4,250.0,460.8,Green Mobility,Mysore,Completed,Good,D2573,Cloudy,22.5,76.0,26.32,Healthy
EV2574,BYD Seal,BYD,2023,82,96.2,2033-01-24 03:15:00,2033-01-24 03:53:00,0.63,Hubli Station 1,Fast,37,30.6,146.0,367.2,City EV,Hubli,Completed,Good,D2574,Rainy,22.5,76.0,26.32,Healthy
EV2575,Tata Curvv EV,Tata,2023,55,92.1,2033-01-25 20:45:00,2033-01-25 21:11:00,0.43,Mysore Station 2,Fast,33,16.0,142.0,192,Green Mobility,Mysore,Completed,Good,D2575,Sunny,22.5,76.0,26.32,Healthy
EV2576,MG ZS EV,MG,2023,50,92.1,2033-01-26 10:15:00,2033-01-26 11:12:00,0.95,Bangalore Station 2,Normal,34,15.7,233.0,188.4,Eco Drive,Bangalore,Completed,Good,D2576,Cloudy,22.5,76.0,26.32,Healthy
EV2577,Tata Punch EV,Tata,2023,35,94.9,2033-01-27 05:15:00,2033-01-27 05:44:00,0.48,Belagavi Station 2,Fast,37,21.1,148.0,253.2,EV Fleet India,Belagavi,Completed,Good,D2577,Rainy,22.5,76.0,26.32,Healthy
EV2578,Mahindra XUV400,Mahindra,2023,39,94.6,2033-01-28 07:45:00,2033-01-28 08:01:00,0.27,Hubli Station 2,Fast,33,14.4,215.0,172.8,Eco Drive,Hubli,Completed,Good,D2578,Cloudy,22.5,76.0,26.32,Healthy
EV2579,BYD Seal,BYD,2023,82,96.1,2033-01-29 11:30:00,2033-01-29 13:32:00,2.03,Mysore Station 1,Normal,36,37.6,127.0,451.2,City EV,Mysore,Completed,Good,D2579,Sunny,22.5,76.0,26.32,Healthy
EV2580,Mahindra XUV400,Mahindra,2023,39,97.8,2033-01-30 18:30:00,2033-01-30 18:55:00,0.42,Hubli Station 1,Fast,31,18.2,235.0,218.4,Premium Fleet,Hubli,Completed,Good,D2580,Rainy,22.5,76.0,26.32,Healthy
EV2581,BYD Atto 3,BYD,2023,60,92.3,2033-01-31 08:45:00,2033-01-31 09:30:00,0.75,Belagavi Station 2,Fast,37,33.0,204.0,396,EV Fleet India,Belagavi,Completed,Good,D2581,Rainy,22.5,76.0,26.32,Healthy
EV2582,Mahindra XUV400,Mahindra,2023,39,93.8,2033-02-01 19:15:00,2033-02-01 19:34:00,0.32,Mangalore Station 1,Fast,32,18.2,249.0,218.4,Premium Fleet,Mangalore,Completed,Good,D2582,Rainy,22.5,76.0,26.32,Healthy
EV2583,MG ZS EV,MG,2023,50,94.0,2033-02-02 02:45:00,2033-02-02 03:33:00,0.8,Mysore Station 2,Fast,28,41.9,126.0,502.8,Green Mobility,Mysore,Completed,Good,D2583,Cloudy,22.5,76.0,26.32,Healthy
EV2584,MG ZS EV,MG,2023,50,96.1,2033-02-03 00:00:00,2033-02-03 01:13:00,1.22,Belagavi Station 1,Normal,37,22.5,296.0,270,Premium Fleet,Belagavi,Completed,Good,D2584,Rainy,22.5,76.0,26.32,Healthy
EV2585,Kia EV6,Kia,2023,77,94.1,2033-02-04 05:00:00,2033-02-04 05:31:00,0.52,Hubli Station 1,Fast,35,30.1,93.0,361.2,Green Mobility,Hubli,Completed,Good,D2585,Rainy,22.5,76.0,26.32,Healthy
EV2586,Tata Curvv EV,Tata,2023,55,97.9,2033-02-05 15:15:00,2033-02-05 15:42:00,0.45,Mangalore Station 2,Fast,36,26.6,258.0,319.2,Green Mobility,Mangalore,Completed,Good,D2586,Rainy,22.5,76.0,26.32,Healthy
EV2587,Tata Curvv EV,Tata,2023,55,92.2,2033-02-06 23:30:00,2033-02-07 00:18:00,0.8,Mangalore Station 2,Fast,29,41.4,62.0,496.8,Eco Drive,Mangalore,Completed,Good,D2587,Sunny,22.5,76.0,26.32,Healthy
EV2588,Hyundai Kona EV,Hyundai,2023,39,92.4,2033-02-07 12:30:00,2033-02-07 13:07:00,0.62,Hubli Station 2,Fast,35,25.1,207.0,301.2,City EV,Hubli,Completed,Good,D2588,Rainy,22.5,76.0,26.32,Healthy
EV2589,Tata Punch EV,Tata,2023,35,94.6,2033-02-08 21:45:00,2033-02-08 22:00:00,0.25,Bangalore Station 1,Fast,30,17.1,257.0,205.2,Premium Fleet,Bangalore,Completed,Good,D2589,Cloudy,22.5,76.0,26.32,Healthy
EV2590,Mahindra XUV400,Mahindra,2023,39,93.9,2033-02-09 17:00:00,2033-02-09 17:18:00,0.3,Belagavi Station 2,Fast,39,14.1,211.0,169.2,Eco Drive,Belagavi,Completed,Good,D2590,Cloudy,22.5,76.0,26.32,Healthy
EV2591,Kia EV6,Kia,2023,77,92.0,2033-02-10 23:45:00,2033-02-11 00:44:00,0.98,Mysore Station 2,Normal,37,19.1,85.0,229.2,Eco Drive,Mysore,Completed,Good,D2591,Rainy,22.5,76.0,26.32,Healthy
EV2592,Mahindra XUV400,Mahindra,2023,39,94.9,2033-02-11 04:45:00,2033-02-11 06:16:00,1.52,Belagavi Station 1,Normal,37,27.6,214.0,331.2,Premium Fleet,Belagavi,Completed,Good,D2592,Rainy,22.5,76.0,26.32,Healthy
EV2593,Tata Nexon EV,Tata,2023,40,97.5,2033-02-12 22:45:00,2033-02-12 23:49:00,1.07,Mangalore Station 2,Normal,31,20.6,104.0,247.2,City EV,Mangalore,Completed,Good,D2593,Rainy,22.5,76.0,26.32,Healthy
EV2594,MG ZS EV,MG,2023,50,92.4,2033-02-13 20:30:00,2033-02-13 20:48:00,0.3,Bangalore Station 2,Fast,34,19.0,222.0,228,Eco Drive,Bangalore,Completed,Good,D2594,Rainy,22.5,76.0,26.32,Healthy
EV2595,BYD Atto 3,BYD,2023,60,95.6,2033-02-14 14:15:00,2033-02-14 15:02:00,0.78,Belagavi Station 1,Normal,39,14.1,147.0,169.2,Premium Fleet,Belagavi,Completed,Good,D2595,Rainy,22.5,76.0,26.32,Healthy
EV2596,MG Comet EV,MG,2023,17,93.6,2033-02-15 08:00:00,2033-02-15 08:07:00,0.12,Bangalore Station 1,Fast,34,6.5,128.0,78,EV Fleet India,Bangalore,Completed,Good,D2596,Cloudy,22.5,76.0,26.32,Healthy
EV2597,MG Comet EV,MG,2023,17,94.6,2033-02-16 02:00:00,2033-02-16 02:16:00,0.27,Mangalore Station 1,Fast,27,7.9,344.0,94.8,EV Fleet India,Mangalore,Completed,Good,D2597,Rainy,22.5,76.0,26.32,Healthy
EV2598,MG Comet EV,MG,2023,17,94.4,2033-02-17 13:30:00,2033-02-17 14:00:00,0.5,Bangalore Station 1,Normal,39,8.0,81.0,96,Eco Drive,Bangalore,Completed,Good,D2598,Rainy,22.5,76.0,26.32,Healthy
EV2599,MG ZS EV,MG,2023,50,97.4,2033-02-18 03:45:00,2033-02-18 05:01:00,1.27,Bangalore Station 2,Normal,28,20.8,91.0,249.6,Premium Fleet,Bangalore,Completed,Good,D2599,Sunny,22.5,76.0,26.32,Healthy
EV2600,MG Comet EV,MG,2023,17,93.4,2033-02-19 09:15:00,2033-02-19 09:34:00,0.32,Mangalore Station 2,Normal,38,7.2,278.0,86.4,Green Mobility,Mangalore,Completed,Good,D2600,Rainy,22.5,76.0,26.32,Healthy
EV2601,MG Comet EV,MG,2023,17,96.2,2033-02-20 09:45:00,2033-02-20 10:10:00,0.42,Mangalore Station 2,Normal,28,5.1,195.0,61.2,EV Fleet India,Mangalore,Completed,Good,D2601,Sunny,22.5,76.0,26.32,Healthy
EV2602,BYD Seal,BYD,2023,82,95.9,2033-02-21 23:45:00,2033-02-22 01:16:00,1.52,Mysore Station 2,Normal,39,28.7,140.0,344.4,City EV,Mysore,Completed,Good,D2602,Cloudy,22.5,76.0,26.32,Healthy
EV2603,Tata Nexon EV,Tata,2023,40,93.2,2033-02-22 20:15:00,2033-02-22 20:43:00,0.47,Bangalore Station 2,Fast,36,28.1,245.0,337.2,City EV,Bangalore,Completed,Good,D2603,Sunny,22.5,76.0,26.32,Healthy
EV2604,Hyundai Kona EV,Hyundai,2023,39,95.8,2033-02-23 12:15:00,2033-02-23 12:44:00,0.48,Mangalore Station 2,Fast,29,21.4,150.0,256.8,Eco Drive,Mangalore,Completed,Good,D2604,Cloudy,22.5,76.0,26.32,Healthy
EV2605,Mahindra XUV400,Mahindra,2023,39,96.2,2033-02-24 16:45:00,2033-02-24 17:39:00,0.9,Hubli Station 2,Normal,35,16.0,289.0,192,City EV,Hubli,Completed,Good,D2605,Sunny,22.5,76.0,26.32,Healthy
EV2606,Kia EV6,Kia,2023,77,94.8,2033-02-25 17:15:00,2033-02-25 18:09:00,0.9,Hubli Station 1,Fast,34,45.3,346.0,543.6,EV Fleet India,Hubli,Completed,Good,D2606,Sunny,22.5,76.0,26.32,Healthy
EV2607,MG ZS EV,MG,2023,50,93.4,2033-02-26 23:15:00,2033-02-26 23:34:00,0.32,Mangalore Station 1,Fast,34,10.7,137.0,128.4,Green Mobility,Mangalore,Completed,Good,D2607,Sunny,22.5,76.0,26.32,Healthy
EV2608,Tata Punch EV,Tata,2023,35,96.2,2033-02-27 19:30:00,2033-02-27 19:49:00,0.32,Hubli Station 2,Fast,30,20.2,80.0,242.4,City EV,Hubli,Completed,Good,D2608,Cloudy,22.5,76.0,26.32,Healthy
EV2609,Tata Punch EV,Tata,2023,35,93.9,2033-02-28 01:30:00,2033-02-28 02:04:00,0.57,Mangalore Station 2,Fast,29,26.1,292.0,313.2,Premium Fleet,Mangalore,Completed,Good,D2609,Cloudy,22.5,76.0,26.32,Healthy
EV2610,MG ZS EV,MG,2023,50,97.3,2033-03-01 12:00:00,2033-03-01 12:23:00,0.38,Mysore Station 1,Fast,31,13.1,177.0,157.19999999999999,City EV,Mysore,Completed,Good,D2610,Cloudy,22.5,76.0,26.32,Healthy
EV2611,Tata Curvv EV,Tata,2023,55,96.9,2033-03-02 13:15:00,2033-03-02 14:03:00,0.8,Mangalore Station 2,Fast,38,36.6,269.0,439.2,Eco Drive,Mangalore,Completed,Good,D2611,Sunny,22.5,76.0,26.32,Healthy
EV2612,Tata Nexon EV,Tata,2023,40,97.2,2033-03-03 08:15:00,2033-03-03 08:44:00,0.48,Bangalore Station 1,Fast,34,18.4,85.0,220.8,EV Fleet India,Bangalore,Completed,Good,D2612,Sunny,22.5,76.0,26.32,Healthy
EV2613,MG Comet EV,MG,2023,17,92.8,2033-03-04 18:15:00,2033-03-04 18:35:00,0.33,Bangalore Station 1,Fast,34,11.7,201.0,140.4,Green Mobility,Bangalore,Completed,Good,D2613,Sunny,22.5,76.0,26.32,Healthy
EV2614,Tata Nexon EV,Tata,2023,40,95.7,2033-03-05 22:00:00,2033-03-05 22:21:00,0.35,Bangalore Station 2,Fast,38,15.0,89.0,180,EV Fleet India,Bangalore,Completed,Good,D2614,Sunny,22.5,76.0,26.32,Healthy
EV2615,Tata Punch EV,Tata,2023,35,92.1,2033-03-06 22:30:00,2033-03-07 00:00:00,1.5,Hubli Station 1,Normal,35,26.3,312.0,315.60000000000002,EV Fleet India,Hubli,Completed,Good,D2615,Sunny,22.5,76.0,26.32,Healthy
EV2616,Tata Punch EV,Tata,2023,35,92.7,2033-03-07 00:00:00,2033-03-07 00:20:00,0.33,Bangalore Station 2,Fast,27,17.5,211.0,210,Green Mobility,Bangalore,Completed,Good,D2616,Rainy,22.5,76.0,26.32,Healthy
EV2617,BYD Seal,BYD,2023,82,92.7,2033-03-08 10:15:00,2033-03-08 11:08:00,0.88,Bangalore Station 2,Normal,30,15.6,198.0,187.2,City EV,Bangalore,Completed,Good,D2617,Cloudy,22.5,76.0,26.32,Healthy
EV2618,BYD Atto 3,BYD,2023,60,97.4,2033-03-09 04:45:00,2033-03-09 05:31:00,0.77,Hubli Station 1,Fast,34,42.1,290.0,505.2,Green Mobility,Hubli,Completed,Good,D2618,Rainy,22.5,76.0,26.32,Healthy
EV2619,Hyundai Kona EV,Hyundai,2023,39,95.1,2033-03-10 04:15:00,2033-03-10 04:36:00,0.35,Bangalore Station 2,Fast,36,12.5,212.0,150,Green Mobility,Bangalore,Completed,Good,D2619,Rainy,22.5,76.0,26.32,Healthy
EV2620,BYD Seal,BYD,2023,82,96.2,2033-03-11 08:15:00,2033-03-11 08:59:00,0.73,Mangalore Station 1,Fast,30,36.8,127.0,441.6,EV Fleet India,Mangalore,Completed,Good,D2620,Cloudy,22.5,76.0,26.32,Healthy
EV2621,Kia EV6,Kia,2023,77,92.7,2033-03-12 12:30:00,2033-03-12 13:16:00,0.77,Mangalore Station 1,Fast,33,37.2,118.0,446.4,Green Mobility,Mangalore,Completed,Good,D2621,Rainy,22.5,76.0,26.32,Healthy
EV2622,MG ZS EV,MG,2023,50,96.8,2033-03-13 10:30:00,2033-03-13 11:43:00,1.22,Mysore Station 2,Normal,36,20.9,313.0,250.8,EV Fleet India,Mysore,Completed,Good,D2622,Rainy,22.5,76.0,26.32,Healthy
EV2623,Tata Curvv EV,Tata,2023,55,93.7,2033-03-14 09:00:00,2033-03-14 09:46:00,0.77,Bangalore Station 2,Fast,36,39.5,244.0,474,Green Mobility,Bangalore,Completed,Good,D2623,Rainy,22.5,76.0,26.32,Healthy
EV2624,Tata Nexon EV,Tata,2023,40,92.5,2033-03-15 01:45:00,2033-03-15 02:27:00,0.7,Bangalore Station 1,Fast,35,30.0,291.0,360,City EV,Bangalore,Completed,Good,D2624,Cloudy,22.5,76.0,26.32,Healthy
EV2625,Kia EV6,Kia,2023,77,94.8,2033-03-16 12:00:00,2033-03-16 12:30:00,0.5,Hubli Station 2,Fast,36,26.4,125.0,316.8,EV Fleet India,Hubli,Completed,Good,D2625,Rainy,22.5,76.0,26.32,Healthy
EV2626,Kia EV6,Kia,2023,77,95.6,2033-03-17 07:30:00,2033-03-17 08:23:00,0.88,Belagavi Station 1,Normal,38,15.6,259.0,187.2,Premium Fleet,Belagavi,Completed,Good,D2626,Cloudy,22.5,76.0,26.32,Healthy
EV2627,BYD Atto 3,BYD,2023,60,97.4,2033-03-18 14:15:00,2033-03-18 16:20:00,2.08,Mangalore Station 2,Normal,27,36.0,151.0,432,Green Mobility,Mangalore,Completed,Good,D2627,Sunny,22.5,76.0,26.32,Healthy
EV2628,Tata Punch EV,Tata,2023,35,96.4,2033-03-19 02:00:00,2033-03-19 02:46:00,0.77,Hubli Station 2,Normal,30,14.4,340.0,172.8,Premium Fleet,Hubli,Completed,Good,D2628,Rainy,22.5,76.0,26.32,Healthy
EV2629,Tata Curvv EV,Tata,2023,55,96.0,2033-03-20 02:00:00,2033-03-20 02:43:00,0.72,Hubli Station 1,Fast,39,30.6,212.0,367.2,EV Fleet India,Hubli,Completed,Good,D2629,Rainy,22.5,76.0,26.32,Healthy
EV2630,Tata Punch EV,Tata,2023,35,97.9,2033-03-21 18:45:00,2033-03-21 19:08:00,0.38,Mysore Station 2,Fast,38,17.9,99.0,214.8,City EV,Mysore,Completed,Good,D2630,Cloudy,22.5,76.0,26.32,Healthy
EV2631,Tata Punch EV,Tata,2023,35,93.8,2033-03-22 11:45:00,2033-03-22 12:30:00,0.75,Mangalore Station 2,Normal,30,11.1,350.0,133.19999999999999,EV Fleet India,Mangalore,Completed,Good,D2631,Cloudy,22.5,76.0,26.32,Healthy
EV2632,Kia EV6,Kia,2023,77,95.4,2033-03-23 08:00:00,2033-03-23 10:10:00,2.17,Hubli Station 1,Normal,27,38.0,72.0,456,Green Mobility,Hubli,Completed,Good,D2632,Rainy,22.5,76.0,26.32,Healthy
EV2633,BYD Seal,BYD,2023,82,94.5,2033-03-24 18:00:00,2033-03-24 19:46:00,1.77,Mysore Station 1,Normal,35,29.6,112.0,355.2,Premium Fleet,Mysore,Completed,Good,D2633,Rainy,22.5,76.0,26.32,Healthy
EV2634,Mahindra XUV400,Mahindra,2023,39,92.3,2033-03-25 10:00:00,2033-03-25 10:11:00,0.18,Bangalore Station 1,Fast,31,9.1,126.0,109.2,Green Mobility,Bangalore,Completed,Good,D2634,Sunny,22.5,76.0,26.32,Healthy
EV2635,MG ZS EV,MG,2023,50,95.4,2033-03-26 00:15:00,2033-03-26 01:56:00,1.68,Mangalore Station 1,Normal,30,29.1,348.0,349.2,Premium Fleet,Mangalore,Completed,Good,D2635,Rainy,22.5,76.0,26.32,Healthy
EV2636,Tata Punch EV,Tata,2023,35,95.8,2033-03-27 17:00:00,2033-03-27 17:21:00,0.35,Hubli Station 2,Fast,31,17.3,221.0,207.6,City EV,Hubli,Completed,Good,D2636,Sunny,22.5,76.0,26.32,Healthy
EV2637,MG ZS EV,MG,2023,50,96.3,2033-03-28 10:00:00,2033-03-28 10:46:00,0.77,Mysore Station 2,Fast,39,40.3,313.0,483.6,City EV,Mysore,Completed,Good,D2637,Sunny,22.5,76.0,26.32,Healthy
EV2638,BYD Atto 3,BYD,2023,60,93.4,2033-03-29 11:15:00,2033-03-29 12:16:00,1.02,Mangalore Station 2,Normal,33,19.4,105.0,232.8,City EV,Mangalore,Completed,Good,D2638,Rainy,22.5,76.0,26.32,Healthy
EV2639,BYD Atto 3,BYD,2023,60,97.8,2033-03-30 02:15:00,2033-03-30 03:04:00,0.82,Bangalore Station 2,Fast,33,35.3,78.0,423.6,City EV,Bangalore,Completed,Good,D2639,Cloudy,22.5,76.0,26.32,Healthy
EV2640,BYD Seal,BYD,2023,82,93.9,2033-03-31 20:30:00,2033-03-31 21:54:00,1.4,Mangalore Station 1,Normal,36,26.9,129.0,322.8,EV Fleet India,Mangalore,Completed,Good,D2640,Sunny,22.5,76.0,26.32,Healthy
EV2641,Tata Punch EV,Tata,2023,35,93.0,2033-04-01 00:30:00,2033-04-01 00:43:00,0.22,Belagavi Station 1,Fast,38,9.8,340.0,117.6,Green Mobility,Belagavi,Completed,Good,D2641,Rainy,22.5,76.0,26.32,Healthy
EV2642,Mahindra XUV400,Mahindra,2023,39,95.0,2033-04-02 03:30:00,2033-04-02 04:07:00,0.62,Hubli Station 2,Fast,32,24.7,134.0,296.39999999999998,EV Fleet India,Hubli,Completed,Good,D2642,Sunny,22.5,76.0,26.32,Healthy
EV2643,Tata Nexon EV,Tata,2023,40,92.4,2033-04-03 00:15:00,2033-04-03 01:02:00,0.78,Hubli Station 2,Normal,37,13.4,215.0,160.80000000000001,EV Fleet India,Hubli,Completed,Good,D2643,Sunny,22.5,76.0,26.32,Healthy
EV2644,Kia EV6,Kia,2023,77,94.0,2033-04-04 00:00:00,2033-04-04 00:47:00,0.78,Mysore Station 1,Fast,27,34.1,169.0,409.2,City EV,Mysore,Completed,Good,D2644,Sunny,22.5,76.0,26.32,Healthy
EV2645,MG Comet EV,MG,2023,17,97.4,2033-04-05 11:00:00,2033-04-05 11:36:00,0.6,Mangalore Station 2,Normal,35,10.0,157.0,120,City EV,Mangalore,Completed,Good,D2645,Sunny,22.5,76.0,26.32,Healthy
EV2646,Tata Nexon EV,Tata,2023,40,97.6,2033-04-06 22:15:00,2033-04-06 22:37:00,0.37,Mangalore Station 2,Fast,29,17.7,150.0,212.4,EV Fleet India,Mangalore,Completed,Good,D2646,Cloudy,22.5,76.0,26.32,Healthy
EV2647,BYD Seal,BYD,2023,82,97.0,2033-04-07 10:30:00,2033-04-07 11:39:00,1.15,Mangalore Station 2,Normal,38,21.0,65.0,252,Green Mobility,Mangalore,Completed,Good,D2647,Rainy,22.5,76.0,26.32,Healthy
EV2648,MG ZS EV,MG,2023,50,93.6,2033-04-08 09:45:00,2033-04-08 10:12:00,0.45,Mangalore Station 1,Fast,30,27.1,287.0,325.2,City EV,Mangalore,Completed,Good,D2648,Cloudy,22.5,76.0,26.32,Healthy
EV2649,Kia EV6,Kia,2023,77,94.1,2033-04-09 23:30:00,2033-04-10 00:18:00,0.8,Mysore Station 2,Fast,36,38.1,294.0,457.2,EV Fleet India,Mysore,Completed,Good,D2649,Cloudy,22.5,76.0,26.32,Healthy
EV2650,BYD Seal,BYD,2023,82,96.7,2033-04-10 09:15:00,2033-04-10 11:48:00,2.55,Hubli Station 1,Normal,37,47.4,181.0,568.79999999999995,City EV,Hubli,Completed,Good,D2650,Sunny,22.5,76.0,26.32,Healthy
EV2651,Tata Punch EV,Tata,2023,35,97.6,2033-04-11 05:30:00,2033-04-11 05:57:00,0.45,Mysore Station 1,Fast,34,20.8,60.0,249.6,Green Mobility,Mysore,Completed,Good,D2651,Cloudy,22.5,76.0,26.32,Healthy
EV2652,Kia EV6,Kia,2023,77,92.4,2033-04-12 16:30:00,2033-04-12 17:23:00,0.88,Mysore Station 2,Fast,35,42.2,296.0,506.4,Eco Drive,Mysore,Completed,Good,D2652,Cloudy,22.5,76.0,26.32,Healthy
EV2653,BYD Seal,BYD,2023,82,94.6,2033-04-13 22:00:00,2033-04-13 23:50:00,1.83,Mangalore Station 1,Normal,30,33.6,75.0,403.2,Premium Fleet,Mangalore,Completed,Good,D2653,Rainy,22.5,76.0,26.32,Healthy
EV2654,MG ZS EV,MG,2023,50,97.3,2033-04-14 03:00:00,2033-04-14 03:26:00,0.43,Mysore Station 1,Fast,35,15.8,147.0,189.6,Green Mobility,Mysore,Completed,Good,D2654,Rainy,22.5,76.0,26.32,Healthy
EV2655,MG ZS EV,MG,2023,50,97.1,2033-04-15 07:30:00,2033-04-15 09:16:00,1.77,Belagavi Station 2,Normal,32,30.8,108.0,369.6,Eco Drive,Belagavi,Completed,Good,D2655,Rainy,22.5,76.0,26.32,Healthy
EV2656,Tata Curvv EV,Tata,2023,55,97.2,2033-04-16 19:00:00,2033-04-16 19:32:00,0.53,Belagavi Station 1,Fast,31,24.6,342.0,295.2,Eco Drive,Belagavi,Completed,Good,D2656,Sunny,22.5,76.0,26.32,Healthy
EV2657,BYD Seal,BYD,2023,82,97.7,2033-04-17 14:45:00,2033-04-17 15:55:00,1.17,Bangalore Station 1,Fast,32,52.7,207.0,632.4,EV Fleet India,Bangalore,Completed,Good,D2657,Sunny,22.5,76.0,26.32,Healthy
EV2658,Mahindra XUV400,Mahindra,2023,39,97.7,2033-04-18 11:30:00,2033-04-18 11:52:00,0.37,Belagavi Station 2,Fast,28,15.3,278.0,183.6,Green Mobility,Belagavi,Completed,Good,D2658,Rainy,22.5,76.0,26.32,Healthy
EV2659,BYD Atto 3,BYD,2023,60,94.2,2033-04-19 22:45:00,2033-04-19 23:30:00,0.75,Mysore Station 1,Fast,33,42.2,310.0,506.4,Green Mobility,Mysore,Completed,Good,D2659,Cloudy,22.5,76.0,26.32,Healthy
EV2660,BYD Atto 3,BYD,2023,60,94.0,2033-04-20 18:15:00,2033-04-20 19:10:00,0.92,Mysore Station 2,Normal,32,14.2,323.0,170.4,Eco Drive,Mysore,Completed,Good,D2660,Sunny,22.5,76.0,26.32,Healthy
EV2661,MG ZS EV,MG,2023,50,91.9,2033-04-21 23:30:00,2033-04-22 00:26:00,0.93,Hubli Station 1,Normal,36,17.1,308.0,205.2,City EV,Hubli,Completed,Good,D2661,Rainy,22.5,76.0,26.32,Healthy
EV2662,Mahindra XUV400,Mahindra,2023,39,93.7,2033-04-22 22:00:00,2033-04-22 22:34:00,0.57,Belagavi Station 2,Fast,33,24.0,97.0,288,Premium Fleet,Belagavi,Completed,Good,D2662,Sunny,22.5,76.0,26.32,Healthy
EV2663,BYD Seal,BYD,2023,82,97.0,2033-04-23 14:00:00,2033-04-23 14:46:00,0.77,Mysore Station 2,Fast,31,35.8,330.0,429.6,City EV,Mysore,Completed,Good,D2663,Sunny,22.5,76.0,26.32,Healthy
EV2664,BYD Seal,BYD,2023,82,96.8,2033-04-24 19:45:00,2033-04-24 20:20:00,0.58,Belagavi Station 2,Fast,30,27.3,152.0,327.60000000000002,Green Mobility,Belagavi,Completed,Good,D2664,Rainy,22.5,76.0,26.32,Healthy
EV2665,Hyundai Kona EV,Hyundai,2023,39,95.6,2033-04-25 03:45:00,2033-04-25 04:12:00,0.45,Mysore Station 1,Fast,36,16.9,72.0,202.8,Eco Drive,Mysore,Completed,Good,D2665,Sunny,22.5,76.0,26.32,Healthy
EV2666,Mahindra XUV400,Mahindra,2023,39,97.6,2033-04-26 14:15:00,2033-04-26 15:12:00,0.95,Mysore Station 2,Normal,29,18.4,243.0,220.8,City EV,Mysore,Completed,Good,D2666,Rainy,22.5,76.0,26.32,Healthy
EV2667,MG Comet EV,MG,2023,17,95.9,2033-04-27 14:45:00,2033-04-27 14:59:00,0.23,Mangalore Station 1,Fast,31,8.5,276.0,102,City EV,Mangalore,Completed,Good,D2667,Rainy,22.5,76.0,26.32,Healthy
EV2668,Hyundai Kona EV,Hyundai,2023,39,93.7,2033-04-28 03:30:00,2033-04-28 03:54:00,0.4,Mangalore Station 1,Fast,28,24.5,225.0,294,Premium Fleet,Mangalore,Completed,Good,D2668,Rainy,22.5,76.0,26.32,Healthy
EV2669,Kia EV6,Kia,2023,77,97.5,2033-04-29 01:15:00,2033-04-29 03:39:00,2.4,Mysore Station 2,Normal,33,44.3,161.0,531.6,Eco Drive,Mysore,Completed,Good,D2669,Cloudy,22.5,76.0,26.32,Healthy
EV2670,MG Comet EV,MG,2023,17,92.2,2033-04-30 05:30:00,2033-04-30 05:40:00,0.17,Belagavi Station 2,Fast,29,10.1,297.0,121.2,Premium Fleet,Belagavi,Completed,Good,D2670,Rainy,22.5,76.0,26.32,Healthy
EV2671,MG ZS EV,MG,2023,50,97.3,2033-05-01 07:45:00,2033-05-01 08:03:00,0.3,Hubli Station 2,Fast,32,18.0,294.0,216,Premium Fleet,Hubli,Completed,Good,D2671,Rainy,22.5,76.0,26.32,Healthy
EV2672,Kia EV6,Kia,2023,77,96.4,2033-05-02 19:15:00,2033-05-02 20:14:00,0.98,Bangalore Station 2,Fast,30,42.6,224.0,511.2,Green Mobility,Bangalore,Completed,Good,D2672,Sunny,22.5,76.0,26.32,Healthy
EV2673,Tata Nexon EV,Tata,2023,40,96.3,2033-05-03 08:00:00,2033-05-03 08:52:00,0.87,Mysore Station 1,Normal,35,14.4,114.0,172.8,Eco Drive,Mysore,Completed,Good,D2673,Sunny,22.5,76.0,26.32,Healthy
EV2674,Kia EV6,Kia,2023,77,91.9,2033-05-04 12:30:00,2033-05-04 13:09:00,0.65,Bangalore Station 2,Fast,38,26.9,103.0,322.8,City EV,Bangalore,Completed,Good,D2674,Cloudy,22.5,76.0,26.32,Healthy
EV2675,BYD Atto 3,BYD,2023,60,92.1,2033-05-05 14:00:00,2033-05-05 16:07:00,2.12,Mysore Station 1,Normal,34,39.1,151.0,469.2,Eco Drive,Mysore,Completed,Good,D2675,Cloudy,22.5,76.0,26.32,Healthy
EV2676,Tata Curvv EV,Tata,2023,55,95.1,2033-05-06 13:45:00,2033-05-06 15:50:00,2.08,Belagavi Station 2,Normal,32,38.2,332.0,458.4,Eco Drive,Belagavi,Completed,Good,D2676,Sunny,22.5,76.0,26.32,Healthy
EV2677,BYD Seal,BYD,2023,82,96.1,2033-05-07 09:15:00,2033-05-07 10:18:00,1.05,Mysore Station 2,Fast,38,51.7,299.0,620.4,Eco Drive,Mysore,Completed,Good,D2677,Rainy,22.5,76.0,26.32,Healthy
EV2678,BYD Atto 3,BYD,2023,60,95.9,2033-05-08 10:30:00,2033-05-08 11:39:00,1.15,Hubli Station 1,Normal,38,18.3,268.0,219.6,Green Mobility,Hubli,Completed,Good,D2678,Cloudy,22.5,76.0,26.32,Healthy
EV2679,Hyundai Kona EV,Hyundai,2023,39,93.4,2033-05-09 20:45:00,2033-05-09 21:03:00,0.3,Bangalore Station 1,Fast,39,11.4,64.0,136.80000000000001,Green Mobility,Bangalore,Completed,Good,D2679,Cloudy,22.5,76.0,26.32,Healthy
EV2680,MG ZS EV,MG,2023,50,94.8,2033-05-10 21:45:00,2033-05-10 23:10:00,1.42,Bangalore Station 1,Normal,28,24.3,160.0,291.60000000000002,City EV,Bangalore,Completed,Good,D2680,Sunny,22.5,76.0,26.32,Healthy
EV2681,Tata Punch EV,Tata,2023,35,94.1,2033-05-11 14:45:00,2033-05-11 14:58:00,0.22,Belagavi Station 1,Fast,30,11.9,225.0,142.80000000000001,Green Mobility,Belagavi,Completed,Good,D2681,Sunny,22.5,76.0,26.32,Healthy
EV2682,Tata Punch EV,Tata,2023,35,95.8,2033-05-12 15:15:00,2033-05-12 15:39:00,0.4,Belagavi Station 2,Fast,38,18.7,140.0,224.4,Premium Fleet,Belagavi,Completed,Good,D2682,Rainy,22.5,76.0,26.32,Healthy
EV2683,Hyundai Kona EV,Hyundai,2023,39,97.2,2033-05-13 16:15:00,2033-05-13 16:46:00,0.52,Bangalore Station 1,Fast,27,26.9,177.0,322.8,Premium Fleet,Bangalore,Completed,Good,D2683,Rainy,22.5,76.0,26.32,Healthy
EV2684,MG Comet EV,MG,2023,17,94.9,2033-05-14 16:15:00,2033-05-14 16:37:00,0.37,Mysore Station 1,Normal,31,7.8,221.0,93.6,City EV,Mysore,Completed,Good,D2684,Sunny,22.5,76.0,26.32,Healthy
EV2685,BYD Seal,BYD,2023,82,92.1,2033-05-15 12:15:00,2033-05-15 13:23:00,1.13,Belagavi Station 1,Fast,33,56.5,294.0,678,City EV,Belagavi,Completed,Good,D2685,Rainy,22.5,76.0,26.32,Healthy
EV2686,MG Comet EV,MG,2023,17,96.2,2033-05-16 21:00:00,2033-05-16 21:02:00,0.03,Mangalore Station 2,Fast,37,5.9,129.0,70.8,Premium Fleet,Mangalore,Completed,Good,D2686,Cloudy,22.5,76.0,26.32,Healthy
EV2687,Tata Punch EV,Tata,2023,35,94.6,2033-05-17 20:30:00,2033-05-17 20:41:00,0.18,Mangalore Station 2,Fast,27,12.1,90.0,145.19999999999999,Premium Fleet,Mangalore,Completed,Good,D2687,Sunny,22.5,76.0,26.32,Healthy
EV2688,BYD Seal,BYD,2023,82,95.1,2033-05-18 13:45:00,2033-05-18 16:44:00,2.98,Mangalore Station 2,Normal,38,55.0,259.0,660,Premium Fleet,Mangalore,Completed,Good,D2688,Cloudy,22.5,76.0,26.32,Healthy
EV2689,MG ZS EV,MG,2023,50,96.5,2033-05-19 22:30:00,2033-05-19 22:52:00,0.37,Belagavi Station 1,Fast,31,20.3,257.0,243.6,EV Fleet India,Belagavi,Completed,Good,D2689,Sunny,22.5,76.0,26.32,Healthy
EV2690,Hyundai Kona EV,Hyundai,2023,39,97.8,2033-05-20 07:15:00,2033-05-20 08:21:00,1.1,Mysore Station 1,Normal,34,18.7,254.0,224.4,EV Fleet India,Mysore,Completed,Good,D2690,Rainy,22.5,76.0,26.32,Healthy
EV2691,MG ZS EV,MG,2023,50,97.8,2033-05-21 07:00:00,2033-05-21 07:17:00,0.28,Mysore Station 2,Fast,38,12.9,147.0,154.80000000000001,Green Mobility,Mysore,Completed,Good,D2691,Sunny,22.5,76.0,26.32,Healthy
EV2692,Tata Nexon EV,Tata,2023,40,96.6,2033-05-22 04:00:00,2033-05-22 04:53:00,0.88,Bangalore Station 1,Normal,35,17.6,203.0,211.2,City EV,Bangalore,Completed,Good,D2692,Sunny,22.5,76.0,26.32,Healthy
EV2693,Mahindra XUV400,Mahindra,2023,39,94.7,2033-05-23 00:45:00,2033-05-23 01:45:00,1.0,Mysore Station 1,Normal,28,18.3,219.0,219.6,EV Fleet India,Mysore,Completed,Good,D2693,Sunny,22.5,76.0,26.32,Healthy
EV2694,Mahindra XUV400,Mahindra,2023,39,95.9,2033-05-24 17:45:00,2033-05-24 18:14:00,0.48,Hubli Station 2,Fast,34,19.2,263.0,230.4,Eco Drive,Hubli,Completed,Good,D2694,Sunny,22.5,76.0,26.32,Healthy
EV2695,MG ZS EV,MG,2023,50,96.4,2033-05-25 00:30:00,2033-05-25 01:06:00,0.6,Mangalore Station 2,Fast,34,31.7,65.0,380.4,Eco Drive,Mangalore,Completed,Good,D2695,Sunny,22.5,76.0,26.32,Healthy
EV2696,MG Comet EV,MG,2023,17,95.0,2033-05-26 08:45:00,2033-05-26 09:14:00,0.48,Belagavi Station 1,Normal,36,7.4,71.0,88.8,City EV,Belagavi,Completed,Good,D2696,Rainy,22.5,76.0,26.32,Healthy
EV2697,Tata Nexon EV,Tata,2023,40,94.2,2033-05-27 15:00:00,2033-05-27 15:40:00,0.67,Mysore Station 1,Normal,35,10.1,89.0,121.2,Eco Drive,Mysore,Completed,Good,D2697,Cloudy,22.5,76.0,26.32,Healthy
EV2698,Kia EV6,Kia,2023,77,93.9,2033-05-28 01:30:00,2033-05-28 04:01:00,2.52,Belagavi Station 1,Normal,27,45.1,195.0,541.20000000000005,Eco Drive,Belagavi,Completed,Good,D2698,Rainy,22.5,76.0,26.32,Healthy
EV2699,Mahindra XUV400,Mahindra,2023,39,97.0,2033-05-29 03:30:00,2033-05-29 05:02:00,1.53,Belagavi Station 2,Normal,27,28.8,79.0,345.6,Premium Fleet,Belagavi,Completed,Good,D2699,Cloudy,22.5,76.0,26.32,Healthy
EV2700,Kia EV6,Kia,2023,77,93.7,2033-05-30 14:15:00,2033-05-30 15:01:00,0.77,Belagavi Station 1,Fast,28,36.6,282.0,439.2,Green Mobility,Belagavi,Completed,Good,D2700,Rainy,22.5,76.0,26.32,Healthy
EV2701,BYD Atto 3,BYD,2023,60,94.3,2033-05-31 05:45:00,2033-05-31 07:11:00,1.43,Hubli Station 1,Normal,36,27.2,263.0,326.39999999999998,Eco Drive,Hubli,Completed,Good,D2701,Cloudy,22.5,76.0,26.32,Healthy
EV2702,MG ZS EV,MG,2023,50,93.8,2033-06-01 05:00:00,2033-06-01 05:55:00,0.92,Mangalore Station 2,Normal,36,17.5,248.0,210,Premium Fleet,Mangalore,Completed,Good,D2702,Sunny,22.5,76.0,26.32,Healthy
EV2703,Tata Punch EV,Tata,2023,35,97.1,2033-06-02 16:15:00,2033-06-02 16:29:00,0.23,Mysore Station 2,Fast,36,11.5,304.0,138,Premium Fleet,Mysore,Completed,Good,D2703,Sunny,22.5,76.0,26.32,Healthy
EV2704,Tata Curvv EV,Tata,2023,55,97.0,2033-06-03 19:45:00,2033-06-03 20:22:00,0.62,Hubli Station 1,Normal,34,11.6,251.0,139.19999999999999,Green Mobility,Hubli,Completed,Good,D2704,Rainy,22.5,76.0,26.32,Healthy
EV2705,MG Comet EV,MG,2023,17,97.3,2033-06-04 01:00:00,2033-06-04 01:05:00,0.08,Bangalore Station 1,Fast,34,7.4,212.0,88.8,Green Mobility,Bangalore,Completed,Good,D2705,Cloudy,22.5,76.0,26.32,Healthy
EV2706,Tata Nexon EV,Tata,2023,40,92.8,2033-06-05 19:15:00,2033-06-05 20:06:00,0.85,Belagavi Station 1,Normal,31,13.3,110.0,159.6,Premium Fleet,Belagavi,Completed,Good,D2706,Rainy,22.5,76.0,26.32,Healthy
EV2707,MG ZS EV,MG,2023,50,93.1,2033-06-06 19:45:00,2033-06-06 20:16:00,0.52,Mangalore Station 1,Fast,31,23.7,121.0,284.39999999999998,Premium Fleet,Mangalore,Completed,Good,D2707,Rainy,22.5,76.0,26.32,Healthy
EV2708,MG ZS EV,MG,2023,50,94.3,2033-06-07 03:15:00,2033-06-07 04:54:00,1.65,Bangalore Station 1,Normal,35,28.6,229.0,343.2,City EV,Bangalore,Completed,Good,D2708,Cloudy,22.5,76.0,26.32,Healthy
EV2709,BYD Seal,BYD,2023,82,96.7,2033-06-08 10:30:00,2033-06-08 11:10:00,0.67,Bangalore Station 2,Fast,28,27.4,320.0,328.8,Green Mobility,Bangalore,Completed,Good,D2709,Cloudy,22.5,76.0,26.32,Healthy
EV2710,BYD Seal,BYD,2023,82,94.9,2033-06-09 13:00:00,2033-06-09 15:41:00,2.68,Mangalore Station 2,Normal,30,49.4,221.0,592.79999999999995,Eco Drive,Mangalore,Completed,Good,D2710,Rainy,22.5,76.0,26.32,Healthy
EV2711,Tata Curvv EV,Tata,2023,55,96.8,2033-06-10 18:45:00,2033-06-10 19:33:00,0.8,Bangalore Station 1,Fast,30,35.5,333.0,426,City EV,Bangalore,Completed,Good,D2711,Sunny,22.5,76.0,26.32,Healthy
EV2712,Hyundai Kona EV,Hyundai,2023,39,96.2,2033-06-11 08:45:00,2033-06-11 09:19:00,0.57,Bangalore Station 1,Fast,28,21.9,137.0,262.8,Premium Fleet,Bangalore,Completed,Good,D2712,Sunny,22.5,76.0,26.32,Healthy
EV2713,MG Comet EV,MG,2023,17,92.5,2033-06-12 09:30:00,2033-06-12 09:59:00,0.48,Belagavi Station 1,Normal,34,7.4,340.0,88.8,EV Fleet India,Belagavi,Completed,Good,D2713,Rainy,22.5,76.0,26.32,Healthy
EV2714,Hyundai Kona EV,Hyundai,2023,39,92.1,2033-06-13 23:45:00,2033-06-14 00:11:00,0.43,Bangalore Station 1,Fast,31,18.8,242.0,225.6,Eco Drive,Bangalore,Completed,Good,D2714,Sunny,22.5,76.0,26.32,Healthy
EV2715,Mahindra XUV400,Mahindra,2023,39,97.1,2033-06-14 01:00:00,2033-06-14 02:26:00,1.43,Mangalore Station 1,Normal,29,27.2,127.0,326.39999999999998,Premium Fleet,Mangalore,Completed,Good,D2715,Sunny,22.5,76.0,26.32,Healthy
EV2716,Kia EV6,Kia,2023,77,92.0,2033-06-15 23:45:00,2033-06-16 02:30:00,2.75,Mysore Station 2,Normal,36,47.9,168.0,574.79999999999995,Premium Fleet,Mysore,Completed,Good,D2716,Sunny,22.5,76.0,26.32,Healthy
EV2717,BYD Seal,BYD,2023,82,97.8,2033-06-16 02:15:00,2033-06-16 02:59:00,0.73,Mysore Station 1,Fast,30,33.4,324.0,400.8,EV Fleet India,Mysore,Completed,Good,D2717,Sunny,22.5,76.0,26.32,Healthy
EV2718,MG ZS EV,MG,2023,50,96.3,2033-06-17 22:30:00,2033-06-18 00:23:00,1.88,Mangalore Station 1,Normal,31,32.0,98.0,384,Green Mobility,Mangalore,Completed,Good,D2718,Rainy,22.5,76.0,26.32,Healthy
EV2719,BYD Atto 3,BYD,2023,60,97.1,2033-06-18 13:45:00,2033-06-18 15:55:00,2.17,Belagavi Station 2,Normal,31,40.2,213.0,482.4,EV Fleet India,Belagavi,Completed,Good,D2719,Cloudy,22.5,76.0,26.32,Healthy
EV2720,Hyundai Kona EV,Hyundai,2023,39,97.6,2033-06-19 14:30:00,2033-06-19 15:11:00,0.68,Mysore Station 2,Normal,28,13.1,95.0,157.19999999999999,City EV,Mysore,Completed,Good,D2720,Rainy,22.5,76.0,26.32,Healthy
EV2721,MG ZS EV,MG,2023,50,92.3,2033-06-20 00:45:00,2033-06-20 02:29:00,1.73,Hubli Station 1,Normal,30,29.7,298.0,356.4,Eco Drive,Hubli,Completed,Good,D2721,Sunny,22.5,76.0,26.32,Healthy
EV2722,Tata Punch EV,Tata,2023,35,92.7,2033-06-21 20:15:00,2033-06-21 20:42:00,0.45,Bangalore Station 1,Fast,33,18.5,338.0,222,Eco Drive,Bangalore,Completed,Good,D2722,Rainy,22.5,76.0,26.32,Healthy
EV2723,Mahindra XUV400,Mahindra,2023,39,94.9,2033-06-22 05:00:00,2033-06-22 06:09:00,1.15,Mangalore Station 2,Normal,33,21.5,64.0,258,City EV,Mangalore,Completed,Good,D2723,Sunny,22.5,76.0,26.32,Healthy
EV2724,MG Comet EV,MG,2023,17,96.6,2033-06-23 17:30:00,2033-06-23 17:41:00,0.18,Bangalore Station 2,Fast,29,7.3,305.0,87.6,Green Mobility,Bangalore,Completed,Good,D2724,Rainy,22.5,76.0,26.32,Healthy
EV2725,Kia EV6,Kia,2023,77,95.3,2033-06-24 12:45:00,2033-06-24 13:45:00,1.0,Mysore Station 1,Fast,36,51.1,78.0,613.20000000000005,Green Mobility,Mysore,Completed,Good,D2725,Cloudy,22.5,76.0,26.32,Healthy
EV2726,Kia EV6,Kia,2023,77,92.4,2033-06-25 00:45:00,2033-06-25 01:11:00,0.43,Mangalore Station 1,Fast,39,23.7,132.0,284.39999999999998,Eco Drive,Mangalore,Completed,Good,D2726,Cloudy,22.5,76.0,26.32,Healthy
EV2727,BYD Seal,BYD,2023,82,94.5,2033-06-26 10:15:00,2033-06-26 11:03:00,0.8,Hubli Station 2,Fast,29,37.1,342.0,445.2,Premium Fleet,Hubli,Completed,Good,D2727,Cloudy,22.5,76.0,26.32,Healthy
EV2728,Tata Punch EV,Tata,2023,35,96.3,2033-06-27 04:15:00,2033-06-27 04:32:00,0.28,Mysore Station 2,Fast,33,16.6,150.0,199.2,Premium Fleet,Mysore,Completed,Good,D2728,Sunny,22.5,76.0,26.32,Healthy
EV2729,MG Comet EV,MG,2023,17,93.7,2033-06-28 08:15:00,2033-06-28 08:56:00,0.68,Hubli Station 1,Normal,33,11.9,73.0,142.80000000000001,Green Mobility,Hubli,Completed,Good,D2729,Sunny,22.5,76.0,26.32,Healthy
EV2730,Tata Punch EV,Tata,2023,35,96.7,2033-06-29 21:15:00,2033-06-29 22:14:00,0.98,Mysore Station 2,Normal,36,15.3,243.0,183.6,Premium Fleet,Mysore,Completed,Good,D2730,Rainy,22.5,76.0,26.32,Healthy
EV2731,MG Comet EV,MG,2023,17,95.2,2033-06-30 09:45:00,2033-06-30 10:24:00,0.65,Hubli Station 2,Normal,31,9.4,147.0,112.8,Eco Drive,Hubli,Completed,Good,D2731,Cloudy,22.5,76.0,26.32,Healthy
EV2732,Tata Nexon EV,Tata,2023,40,94.2,2033-07-01 19:30:00,2033-07-01 19:43:00,0.22,Belagavi Station 2,Fast,36,15.5,185.0,186,Premium Fleet,Belagavi,Completed,Good,D2732,Rainy,22.5,76.0,26.32,Healthy
EV2733,BYD Atto 3,BYD,2023,60,93.2,2033-07-02 10:00:00,2033-07-02 10:36:00,0.6,Belagavi Station 1,Normal,33,11.4,148.0,136.80000000000001,City EV,Belagavi,Completed,Good,D2733,Sunny,22.5,76.0,26.32,Healthy
EV2734,BYD Seal,BYD,2023,82,97.5,2033-07-03 08:00:00,2033-07-03 10:53:00,2.88,Belagavi Station 1,Normal,27,51.7,310.0,620.4,Green Mobility,Belagavi,Completed,Good,D2734,Rainy,22.5,76.0,26.32,Healthy
EV2735,Kia EV6,Kia,2023,77,96.9,2033-07-04 07:45:00,2033-07-04 10:23:00,2.63,Mangalore Station 2,Normal,30,46.7,273.0,560.4,Premium Fleet,Mangalore,Completed,Good,D2735,Sunny,22.5,76.0,26.32,Healthy
EV2736,MG Comet EV,MG,2023,17,97.1,2033-07-05 01:30:00,2033-07-05 01:41:00,0.18,Belagavi Station 1,Fast,36,7.7,268.0,92.4,Green Mobility,Belagavi,Completed,Good,D2736,Rainy,22.5,76.0,26.32,Healthy
EV2737,MG ZS EV,MG,2023,50,92.1,2033-07-06 16:45:00,2033-07-06 18:03:00,1.3,Mysore Station 1,Normal,34,24.5,289.0,294,Premium Fleet,Mysore,Completed,Good,D2737,Rainy,22.5,76.0,26.32,Healthy
EV2738,Mahindra XUV400,Mahindra,2023,39,94.8,2033-07-07 12:00:00,2033-07-07 12:45:00,0.75,Mangalore Station 1,Fast,34,31.8,324.0,381.6,Premium Fleet,Mangalore,Completed,Good,D2738,Rainy,22.5,76.0,26.32,Healthy
EV2739,MG ZS EV,MG,2023,50,96.1,2033-07-08 18:00:00,2033-07-08 18:44:00,0.73,Belagavi Station 1,Fast,27,37.4,136.0,448.8,City EV,Belagavi,Completed,Good,D2739,Rainy,22.5,76.0,26.32,Healthy
EV2740,Tata Curvv EV,Tata,2023,55,95.6,2033-07-09 00:30:00,2033-07-09 02:58:00,2.47,Hubli Station 1,Normal,37,45.0,345.0,540,Eco Drive,Hubli,Completed,Good,D2740,Rainy,22.5,76.0,26.32,Healthy
EV2741,Tata Curvv EV,Tata,2023,55,94.1,2033-07-10 04:30:00,2033-07-10 05:34:00,1.07,Hubli Station 1,Normal,28,18.4,75.0,220.8,City EV,Hubli,Completed,Good,D2741,Rainy,22.5,76.0,26.32,Healthy
EV2742,Hyundai Kona EV,Hyundai,2023,39,92.8,2033-07-11 13:00:00,2033-07-11 13:20:00,0.33,Mangalore Station 1,Fast,30,16.9,185.0,202.8,Green Mobility,Mangalore,Completed,Good,D2742,Cloudy,22.5,76.0,26.32,Healthy
EV2743,Tata Curvv EV,Tata,2023,55,94.2,2033-07-12 16:30:00,2033-07-12 18:38:00,2.13,Mysore Station 2,Normal,37,37.3,283.0,447.6,Eco Drive,Mysore,Completed,Good,D2743,Rainy,22.5,76.0,26.32,Healthy
EV2744,Tata Punch EV,Tata,2023,35,96.7,2033-07-13 10:30:00,2033-07-13 11:44:00,1.23,Mysore Station 1,Normal,38,21.2,271.0,254.4,City EV,Mysore,Completed,Good,D2744,Cloudy,22.5,76.0,26.32,Healthy
EV2745,BYD Atto 3,BYD,2023,60,94.9,2033-07-14 08:45:00,2033-07-14 10:41:00,1.93,Mysore Station 2,Normal,27,33.6,283.0,403.2,Green Mobility,Mysore,Completed,Good,D2745,Rainy,22.5,76.0,26.32,Healthy
EV2746,BYD Seal,BYD,2023,82,92.5,2033-07-15 21:15:00,2033-07-15 22:15:00,1.0,Belagavi Station 2,Fast,34,49.9,335.0,598.79999999999995,Eco Drive,Belagavi,Completed,Good,D2746,Rainy,22.5,76.0,26.32,Healthy
EV2747,Tata Punch EV,Tata,2023,35,94.1,2033-07-16 16:45:00,2033-07-16 17:22:00,0.62,Hubli Station 1,Fast,32,25.5,348.0,306,City EV,Hubli,Completed,Good,D2747,Rainy,22.5,76.0,26.32,Healthy
EV2748,Tata Curvv EV,Tata,2023,55,97.4,2033-07-17 21:00:00,2033-07-17 21:35:00,0.58,Belagavi Station 2,Fast,32,33.5,61.0,402,Eco Drive,Belagavi,Completed,Good,D2748,Cloudy,22.5,76.0,26.32,Healthy
EV2749,Mahindra XUV400,Mahindra,2023,39,93.7,2033-07-18 15:45:00,2033-07-18 17:05:00,1.33,Belagavi Station 2,Normal,39,25.4,240.0,304.8,City EV,Belagavi,Completed,Good,D2749,Rainy,22.5,76.0,26.32,Healthy
EV2750,Tata Curvv EV,Tata,2023,55,96.7,2033-07-19 19:45:00,2033-07-19 20:19:00,0.57,Belagavi Station 2,Fast,34,21.8,211.0,261.60000000000002,City EV,Belagavi,Completed,Good,D2750,Cloudy,22.5,76.0,26.32,Healthy
EV2751,Tata Curvv EV,Tata,2023,55,94.7,2033-07-20 05:00:00,2033-07-20 05:37:00,0.62,Mangalore Station 2,Fast,33,32.3,272.0,387.6,Premium Fleet,Mangalore,Completed,Good,D2751,Rainy,22.5,76.0,26.32,Healthy
EV2752,MG Comet EV,MG,2023,17,96.5,2033-07-21 06:15:00,2033-07-21 06:22:00,0.12,Hubli Station 1,Fast,27,9.1,328.0,109.2,Premium Fleet,Hubli,Completed,Good,D2752,Sunny,22.5,76.0,26.32,Healthy
EV2753,Tata Curvv EV,Tata,2023,55,92.6,2033-07-22 07:15:00,2033-07-22 07:54:00,0.65,Hubli Station 1,Fast,32,36.2,170.0,434.4,Green Mobility,Hubli,Completed,Good,D2753,Sunny,22.5,76.0,26.32,Healthy
EV2754,Mahindra XUV400,Mahindra,2023,39,91.8,2033-07-23 21:15:00,2033-07-23 21:45:00,0.5,Bangalore Station 2,Fast,29,27.7,217.0,332.4,Green Mobility,Bangalore,Completed,Good,D2754,Cloudy,22.5,76.0,26.32,Healthy
EV2755,Kia EV6,Kia,2023,77,94.2,2033-07-24 13:00:00,2033-07-24 13:53:00,0.88,Belagavi Station 1,Fast,32,37.8,198.0,453.6,Premium Fleet,Belagavi,Completed,Good,D2755,Rainy,22.5,76.0,26.32,Healthy
EV2756,Tata Punch EV,Tata,2023,35,94.3,2033-07-25 12:45:00,2033-07-25 13:43:00,0.97,Belagavi Station 1,Normal,36,18.0,175.0,216,Premium Fleet,Belagavi,Completed,Good,D2756,Sunny,22.5,76.0,26.32,Healthy
EV2757,Hyundai Kona EV,Hyundai,2023,39,95.7,2033-07-26 13:45:00,2033-07-26 15:22:00,1.62,Hubli Station 1,Normal,38,27.8,222.0,333.6,Green Mobility,Hubli,Completed,Good,D2757,Sunny,22.5,76.0,26.32,Healthy
EV2758,MG ZS EV,MG,2023,50,92.6,2033-07-27 06:15:00,2033-07-27 07:00:00,0.75,Mangalore Station 2,Fast,32,32.9,300.0,394.8,EV Fleet India,Mangalore,Completed,Good,D2758,Rainy,22.5,76.0,26.32,Healthy
EV2759,MG ZS EV,MG,2023,50,96.5,2033-07-28 16:00:00,2033-07-28 18:23:00,2.38,Belagavi Station 2,Normal,39,42.2,143.0,506.4,Green Mobility,Belagavi,Completed,Good,D2759,Sunny,22.5,76.0,26.32,Healthy
EV2760,Tata Punch EV,Tata,2023,35,95.0,2033-07-29 04:15:00,2033-07-29 05:08:00,0.88,Belagavi Station 1,Normal,28,13.5,273.0,162,City EV,Belagavi,Completed,Good,D2760,Cloudy,22.5,76.0,26.32,Healthy
EV2761,Hyundai Kona EV,Hyundai,2023,39,94.1,2033-07-30 19:00:00,2033-07-30 19:14:00,0.23,Mysore Station 1,Fast,37,15.2,319.0,182.4,Eco Drive,Mysore,Completed,Good,D2761,Sunny,22.5,76.0,26.32,Healthy
EV2762,Hyundai Kona EV,Hyundai,2023,39,92.0,2033-07-31 06:45:00,2033-07-31 07:19:00,0.57,Hubli Station 2,Fast,35,22.7,256.0,272.39999999999998,Green Mobility,Hubli,Completed,Good,D2762,Rainy,22.5,76.0,26.32,Healthy
EV2763,Tata Curvv EV,Tata,2023,55,96.4,2033-08-01 13:45:00,2033-08-01 14:50:00,1.08,Belagavi Station 2,Normal,39,19.1,166.0,229.2,Eco Drive,Belagavi,Completed,Good,D2763,Cloudy,22.5,76.0,26.32,Healthy
EV2764,MG Comet EV,MG,2023,17,95.1,2033-08-02 16:15:00,2033-08-02 16:23:00,0.13,Belagavi Station 1,Fast,27,10.9,275.0,130.80000000000001,EV Fleet India,Belagavi,Completed,Good,D2764,Sunny,22.5,76.0,26.32,Healthy
EV2765,MG ZS EV,MG,2023,50,94.6,2033-08-03 01:30:00,2033-08-03 01:53:00,0.38,Belagavi Station 1,Fast,28,20.8,144.0,249.6,Eco Drive,Belagavi,Completed,Good,D2765,Rainy,22.5,76.0,26.32,Healthy
EV2766,Tata Punch EV,Tata,2023,35,92.0,2033-08-04 01:45:00,2033-08-04 02:10:00,0.42,Hubli Station 1,Fast,31,16.1,248.0,193.2,Premium Fleet,Hubli,Completed,Good,D2766,Rainy,22.5,76.0,26.32,Healthy
EV2767,Tata Nexon EV,Tata,2023,40,96.7,2033-08-05 16:45:00,2033-08-05 17:01:00,0.27,Mysore Station 1,Fast,31,16.9,299.0,202.8,Premium Fleet,Mysore,Completed,Good,D2767,Rainy,22.5,76.0,26.32,Healthy
EV2768,MG ZS EV,MG,2023,50,94.2,2033-08-06 06:45:00,2033-08-06 07:30:00,0.75,Hubli Station 2,Fast,30,34.5,294.0,414,EV Fleet India,Hubli,Completed,Good,D2768,Sunny,22.5,76.0,26.32,Healthy
EV2769,Tata Curvv EV,Tata,2023,55,92.0,2033-08-07 03:45:00,2033-08-07 04:11:00,0.43,Belagavi Station 1,Fast,32,26.5,261.0,318,EV Fleet India,Belagavi,Completed,Good,D2769,Cloudy,22.5,76.0,26.32,Healthy
EV2770,Mahindra XUV400,Mahindra,2023,39,91.8,2033-08-08 14:30:00,2033-08-08 15:08:00,0.63,Mangalore Station 1,Fast,34,25.2,317.0,302.39999999999998,Premium Fleet,Mangalore,Completed,Good,D2770,Cloudy,22.5,76.0,26.32,Healthy
EV2771,Tata Nexon EV,Tata,2023,40,94.3,2033-08-09 21:30:00,2033-08-09 21:57:00,0.45,Mangalore Station 2,Fast,33,26.2,64.0,314.39999999999998,City EV,Mangalore,Completed,Good,D2771,Cloudy,22.5,76.0,26.32,Healthy
EV2772,Tata Nexon EV,Tata,2023,40,95.1,2033-08-10 02:30:00,2033-08-10 02:46:00,0.27,Bangalore Station 2,Fast,33,18.1,80.0,217.2,Green Mobility,Bangalore,Completed,Good,D2772,Rainy,22.5,76.0,26.32,Healthy
EV2773,MG ZS EV,MG,2023,50,94.7,2033-08-11 05:45:00,2033-08-11 07:46:00,2.02,Bangalore Station 1,Normal,29,35.6,141.0,427.2,EV Fleet India,Bangalore,Completed,Good,D2773,Rainy,22.5,76.0,26.32,Healthy
EV2774,Mahindra XUV400,Mahindra,2023,39,97.3,2033-08-12 02:45:00,2033-08-12 04:03:00,1.3,Mysore Station 1,Normal,28,23.4,287.0,280.8,City EV,Mysore,Completed,Good,D2774,Cloudy,22.5,76.0,26.32,Healthy
EV2775,Kia EV6,Kia,2023,77,96.9,2033-08-13 22:00:00,2033-08-14 01:02:00,3.03,Mysore Station 2,Normal,37,54.2,338.0,650.4,EV Fleet India,Mysore,Completed,Good,D2775,Cloudy,22.5,76.0,26.32,Healthy
EV2776,Mahindra XUV400,Mahindra,2023,39,97.8,2033-08-14 14:30:00,2033-08-14 15:45:00,1.25,Mangalore Station 2,Normal,34,20.2,341.0,242.4,Green Mobility,Mangalore,Completed,Good,D2776,Sunny,22.5,76.0,26.32,Healthy
EV2777,BYD Seal,BYD,2023,82,96.3,2033-08-15 07:30:00,2033-08-15 08:37:00,1.12,Belagavi Station 1,Normal,27,21.7,63.0,260.39999999999998,Eco Drive,Belagavi,Completed,Good,D2777,Rainy,22.5,76.0,26.32,Healthy
EV2778,Mahindra XUV400,Mahindra,2023,39,96.6,2033-08-16 15:45:00,2033-08-16 16:11:00,0.43,Mangalore Station 2,Fast,37,22.0,188.0,264,Premium Fleet,Mangalore,Completed,Good,D2778,Cloudy,22.5,76.0,26.32,Healthy
EV2779,Tata Punch EV,Tata,2023,35,95.1,2033-08-17 08:30:00,2033-08-17 08:54:00,0.4,Mysore Station 1,Fast,32,24.7,100.0,296.39999999999998,Premium Fleet,Mysore,Completed,Good,D2779,Cloudy,22.5,76.0,26.32,Healthy
EV2780,BYD Atto 3,BYD,2023,60,96.0,2033-08-18 00:30:00,2033-08-18 02:49:00,2.32,Bangalore Station 2,Normal,30,41.3,121.0,495.6,EV Fleet India,Bangalore,Completed,Good,D2780,Cloudy,22.5,76.0,26.32,Healthy
EV2781,Mahindra XUV400,Mahindra,2023,39,95.4,2033-08-19 22:45:00,2033-08-20 00:15:00,1.5,Bangalore Station 2,Normal,29,26.9,235.0,322.8,Green Mobility,Bangalore,Completed,Good,D2781,Rainy,22.5,76.0,26.32,Healthy
EV2782,MG Comet EV,MG,2023,17,93.9,2033-08-20 03:30:00,2033-08-20 03:38:00,0.13,Bangalore Station 2,Fast,38,7.9,165.0,94.8,City EV,Bangalore,Completed,Good,D2782,Cloudy,22.5,76.0,26.32,Healthy
EV2783,BYD Seal,BYD,2023,82,92.6,2033-08-21 12:30:00,2033-08-21 13:35:00,1.08,Hubli Station 2,Fast,30,55.6,198.0,667.2,Green Mobility,Hubli,Completed,Good,D2783,Cloudy,22.5,76.0,26.32,Healthy
EV2784,Mahindra XUV400,Mahindra,2023,39,97.2,2033-08-22 06:00:00,2033-08-22 06:13:00,0.22,Bangalore Station 2,Fast,39,15.0,302.0,180,Eco Drive,Bangalore,Completed,Good,D2784,Cloudy,22.5,76.0,26.32,Healthy
EV2785,MG ZS EV,MG,2023,50,92.3,2033-08-23 18:45:00,2033-08-23 19:04:00,0.32,Mysore Station 1,Fast,38,17.4,194.0,208.8,EV Fleet India,Mysore,Completed,Good,D2785,Sunny,22.5,76.0,26.32,Healthy
EV2786,Mahindra XUV400,Mahindra,2023,39,93.6,2033-08-24 12:30:00,2033-08-24 13:11:00,0.68,Hubli Station 1,Normal,33,12.8,200.0,153.6,City EV,Hubli,Completed,Good,D2786,Sunny,22.5,76.0,26.32,Healthy
EV2787,Mahindra XUV400,Mahindra,2023,39,95.6,2033-08-25 23:30:00,2033-08-26 01:00:00,1.5,Bangalore Station 2,Normal,36,26.5,231.0,318,Green Mobility,Bangalore,Completed,Good,D2787,Sunny,22.5,76.0,26.32,Healthy
EV2788,Tata Curvv EV,Tata,2023,55,93.7,2033-08-26 00:30:00,2033-08-26 00:45:00,0.25,Mysore Station 2,Fast,33,15.5,83.0,186,Eco Drive,Mysore,Completed,Good,D2788,Cloudy,22.5,76.0,26.32,Healthy
EV2789,Tata Nexon EV,Tata,2023,40,92.4,2033-08-27 08:45:00,2033-08-27 09:17:00,0.53,Mysore Station 2,Fast,27,21.9,130.0,262.8,EV Fleet India,Mysore,Completed,Good,D2789,Cloudy,22.5,76.0,26.32,Healthy
EV2790,MG ZS EV,MG,2023,50,94.0,2033-08-28 06:45:00,2033-08-28 07:50:00,1.08,Bangalore Station 2,Normal,37,20.4,273.0,244.8,EV Fleet India,Bangalore,Completed,Good,D2790,Cloudy,22.5,76.0,26.32,Healthy
EV2791,Tata Curvv EV,Tata,2023,55,97.2,2033-08-29 02:30:00,2033-08-29 03:01:00,0.52,Bangalore Station 1,Fast,31,26.3,316.0,315.60000000000002,City EV,Bangalore,Completed,Good,D2791,Rainy,22.5,76.0,26.32,Healthy
EV2792,Kia EV6,Kia,2023,77,96.9,2033-08-30 15:15:00,2033-08-30 15:45:00,0.5,Bangalore Station 1,Fast,29,29.6,122.0,355.2,EV Fleet India,Bangalore,Completed,Good,D2792,Sunny,22.5,76.0,26.32,Healthy
EV2793,MG ZS EV,MG,2023,50,92.7,2033-08-31 18:45:00,2033-08-31 20:08:00,1.38,Mysore Station 1,Normal,32,22.5,335.0,270,Green Mobility,Mysore,Completed,Good,D2793,Sunny,22.5,76.0,26.32,Healthy
EV2794,Mahindra XUV400,Mahindra,2023,39,94.1,2033-09-01 22:15:00,2033-09-01 22:31:00,0.27,Bangalore Station 1,Fast,28,11.5,179.0,138,Eco Drive,Bangalore,Completed,Good,D2794,Cloudy,22.5,76.0,26.32,Healthy
EV2795,Tata Nexon EV,Tata,2023,40,94.1,2033-09-02 05:15:00,2033-09-02 05:55:00,0.67,Hubli Station 2,Fast,28,28.9,334.0,346.8,Premium Fleet,Hubli,Completed,Good,D2795,Cloudy,22.5,76.0,26.32,Healthy
EV2796,Kia EV6,Kia,2023,77,95.1,2033-09-03 13:15:00,2033-09-03 14:02:00,0.78,Bangalore Station 1,Fast,29,40.4,70.0,484.8,EV Fleet India,Bangalore,Completed,Good,D2796,Sunny,22.5,76.0,26.32,Healthy
EV2797,Tata Punch EV,Tata,2023,35,93.6,2033-09-04 20:00:00,2033-09-04 20:34:00,0.57,Bangalore Station 2,Fast,37,26.6,209.0,319.2,Premium Fleet,Bangalore,Completed,Good,D2797,Cloudy,22.5,76.0,26.32,Healthy
EV2798,MG ZS EV,MG,2023,50,92.2,2033-09-05 16:30:00,2033-09-05 16:48:00,0.3,Belagavi Station 2,Fast,31,17.8,328.0,213.6,City EV,Belagavi,Completed,Good,D2798,Rainy,22.5,76.0,26.32,Healthy
EV2799,Tata Nexon EV,Tata,2023,40,97.5,2033-09-06 22:30:00,2033-09-06 23:58:00,1.47,Mysore Station 1,Normal,38,24.8,86.0,297.60000000000002,Green Mobility,Mysore,Completed,Good,D2799,Cloudy,22.5,76.0,26.32,Healthy
EV2800,Hyundai Kona EV,Hyundai,2023,39,97.4,2033-09-07 23:15:00,2033-09-07 23:32:00,0.28,Hubli Station 2,Fast,30,13.1,119.0,157.19999999999999,Premium Fleet,Hubli,Completed,Good,D2800,Cloudy,22.5,76.0,26.32,Healthy
EV2801,MG ZS EV,MG,2023,50,96.0,2033-09-08 17:45:00,2033-09-08 18:42:00,0.95,Mysore Station 1,Normal,29,14.9,144.0,178.8,Eco Drive,Mysore,Completed,Good,D2801,Sunny,22.5,76.0,26.32,Healthy
EV2802,Tata Nexon EV,Tata,2023,40,93.3,2033-09-09 10:00:00,2033-09-09 10:41:00,0.68,Mangalore Station 1,Normal,28,13.9,63.0,166.8,City EV,Mangalore,Completed,Good,D2802,Rainy,22.5,76.0,26.32,Healthy
EV2803,BYD Atto 3,BYD,2023,60,93.3,2033-09-10 22:30:00,2033-09-10 23:02:00,0.53,Mysore Station 2,Fast,34,25.7,188.0,308.39999999999998,City EV,Mysore,Completed,Good,D2803,Cloudy,22.5,76.0,26.32,Healthy
EV2804,BYD Atto 3,BYD,2023,60,95.5,2033-09-11 21:00:00,2033-09-11 22:22:00,1.37,Mysore Station 1,Normal,39,22.4,88.0,268.8,Green Mobility,Mysore,Completed,Good,D2804,Sunny,22.5,76.0,26.32,Healthy
EV2805,Mahindra XUV400,Mahindra,2023,39,94.9,2033-09-12 14:30:00,2033-09-12 15:01:00,0.52,Belagavi Station 1,Fast,27,22.2,319.0,266.39999999999998,EV Fleet India,Belagavi,Completed,Good,D2805,Rainy,22.5,76.0,26.32,Healthy
EV2806,MG Comet EV,MG,2023,17,96.9,2033-09-13 13:45:00,2033-09-13 14:36:00,0.85,Hubli Station 1,Normal,37,13.1,148.0,157.19999999999999,Eco Drive,Hubli,Completed,Good,D2806,Rainy,22.5,76.0,26.32,Healthy
EV2807,MG Comet EV,MG,2023,17,97.7,2033-09-14 12:45:00,2033-09-14 13:20:00,0.58,Belagavi Station 2,Normal,38,12.1,206.0,145.19999999999999,EV Fleet India,Belagavi,Completed,Good,D2807,Sunny,22.5,76.0,26.32,Healthy
EV2808,Kia EV6,Kia,2023,77,93.9,2033-09-15 15:00:00,2033-09-15 15:46:00,0.77,Mangalore Station 1,Fast,35,39.3,159.0,471.6,Premium Fleet,Mangalore,Completed,Good,D2808,Rainy,22.5,76.0,26.32,Healthy
EV2809,MG Comet EV,MG,2023,17,93.3,2033-09-16 12:30:00,2033-09-16 13:14:00,0.73,Belagavi Station 1,Normal,31,11.2,310.0,134.4,Premium Fleet,Belagavi,Completed,Good,D2809,Sunny,22.5,76.0,26.32,Healthy
EV2810,BYD Seal,BYD,2023,82,92.5,2033-09-17 12:00:00,2033-09-17 12:43:00,0.72,Bangalore Station 2,Fast,32,35.4,151.0,424.8,City EV,Bangalore,Completed,Good,D2810,Cloudy,22.5,76.0,26.32,Healthy
EV2811,Tata Curvv EV,Tata,2023,55,95.4,2033-09-18 23:00:00,2033-09-18 23:36:00,0.6,Bangalore Station 1,Fast,34,23.4,115.0,280.8,City EV,Bangalore,Completed,Good,D2811,Sunny,22.5,76.0,26.32,Healthy
EV2812,Hyundai Kona EV,Hyundai,2023,39,94.3,2033-09-19 01:45:00,2033-09-19 02:05:00,0.33,Mysore Station 1,Fast,27,19.1,127.0,229.2,Green Mobility,Mysore,Completed,Good,D2812,Rainy,22.5,76.0,26.32,Healthy
EV2813,Mahindra XUV400,Mahindra,2023,39,93.4,2033-09-20 17:15:00,2033-09-20 18:00:00,0.75,Bangalore Station 1,Normal,29,11.3,190.0,135.6,Premium Fleet,Bangalore,Completed,Good,D2813,Cloudy,22.5,76.0,26.32,Healthy
EV2814,Tata Nexon EV,Tata,2023,40,93.3,2033-09-21 22:30:00,2033-09-21 23:13:00,0.72,Hubli Station 2,Fast,35,31.5,346.0,378,Green Mobility,Hubli,Completed,Good,D2814,Rainy,22.5,76.0,26.32,Healthy
EV2815,BYD Seal,BYD,2023,82,92.8,2033-09-22 09:15:00,2033-09-22 10:30:00,1.25,Mangalore Station 1,Fast,35,63.2,93.0,758.4,EV Fleet India,Mangalore,Completed,Good,D2815,Rainy,22.5,76.0,26.32,Healthy
EV2816,MG Comet EV,MG,2023,17,95.2,2033-09-23 12:15:00,2033-09-23 12:20:00,0.08,Belagavi Station 2,Fast,31,7.5,293.0,90,EV Fleet India,Belagavi,Completed,Good,D2816,Rainy,22.5,76.0,26.32,Healthy
EV2817,Hyundai Kona EV,Hyundai,2023,39,97.7,2033-09-24 15:45:00,2033-09-24 16:47:00,1.03,Mysore Station 1,Normal,27,17.6,292.0,211.2,Eco Drive,Mysore,Completed,Good,D2817,Rainy,22.5,76.0,26.32,Healthy
EV2818,MG ZS EV,MG,2023,50,94.1,2033-09-25 21:45:00,2033-09-25 22:37:00,0.87,Mysore Station 1,Fast,34,39.7,284.0,476.4,City EV,Mysore,Completed,Good,D2818,Rainy,22.5,76.0,26.32,Healthy
EV2819,BYD Seal,BYD,2023,82,97.1,2033-09-26 10:15:00,2033-09-26 12:26:00,2.18,Mysore Station 2,Normal,34,38.3,158.0,459.6,Premium Fleet,Mysore,Completed,Good,D2819,Rainy,22.5,76.0,26.32,Healthy
EV2820,Mahindra XUV400,Mahindra,2023,39,92.8,2033-09-27 23:30:00,2033-09-27 23:52:00,0.37,Mangalore Station 2,Fast,37,14.8,186.0,177.6,Premium Fleet,Mangalore,Completed,Good,D2820,Rainy,22.5,76.0,26.32,Healthy
EV2821,Mahindra XUV400,Mahindra,2023,39,94.5,2033-09-28 03:15:00,2033-09-28 04:02:00,0.78,Hubli Station 2,Normal,32,14.7,233.0,176.4,Eco Drive,Hubli,Completed,Good,D2821,Cloudy,22.5,76.0,26.32,Healthy
EV2822,Tata Nexon EV,Tata,2023,40,92.1,2033-09-29 03:45:00,2033-09-29 04:05:00,0.33,Belagavi Station 1,Fast,39,13.3,208.0,159.6,Green Mobility,Belagavi,Completed,Good,D2822,Rainy,22.5,76.0,26.32,Healthy
EV2823,Hyundai Kona EV,Hyundai,2023,39,97.5,2033-09-30 05:00:00,2033-09-30 06:26:00,1.43,Belagavi Station 2,Normal,36,26.4,272.0,316.8,Green Mobility,Belagavi,Completed,Good,D2823,Sunny,22.5,76.0,26.32,Healthy
EV2824,Tata Punch EV,Tata,2023,35,95.2,2033-10-01 05:30:00,2033-10-01 05:55:00,0.42,Bangalore Station 2,Fast,27,18.8,62.0,225.6,Premium Fleet,Bangalore,Completed,Good,D2824,Sunny,22.5,76.0,26.32,Healthy
EV2825,Kia EV6,Kia,2023,77,92.4,2033-10-02 19:45:00,2033-10-02 20:22:00,0.62,Mysore Station 2,Fast,33,29.7,82.0,356.4,City EV,Mysore,Completed,Good,D2825,Rainy,22.5,76.0,26.32,Healthy
EV2826,MG ZS EV,MG,2023,50,96.7,2033-10-03 06:30:00,2033-10-03 06:42:00,0.2,Hubli Station 2,Fast,37,14.5,342.0,174,EV Fleet India,Hubli,Completed,Good,D2826,Sunny,22.5,76.0,26.32,Healthy
EV2827,BYD Atto 3,BYD,2023,60,93.1,2033-10-04 19:15:00,2033-10-04 21:43:00,2.47,Mysore Station 1,Normal,38,43.3,122.0,519.6,Eco Drive,Mysore,Completed,Good,D2827,Sunny,22.5,76.0,26.32,Healthy
EV2828,Tata Nexon EV,Tata,2023,40,96.2,2033-10-05 16:00:00,2033-10-05 17:11:00,1.18,Belagavi Station 2,Normal,35,20.4,279.0,244.8,Eco Drive,Belagavi,Completed,Good,D2828,Rainy,22.5,76.0,26.32,Healthy
EV2829,Tata Curvv EV,Tata,2023,55,93.7,2033-10-06 22:15:00,2033-10-06 23:00:00,0.75,Hubli Station 2,Fast,28,34.4,127.0,412.8,Green Mobility,Hubli,Completed,Good,D2829,Sunny,22.5,76.0,26.32,Healthy
EV2830,BYD Seal,BYD,2023,82,93.3,2033-10-07 22:30:00,2033-10-07 23:12:00,0.7,Mangalore Station 1,Fast,28,35.1,91.0,421.2,Premium Fleet,Mangalore,Completed,Good,D2830,Sunny,22.5,76.0,26.32,Healthy
EV2831,BYD Seal,BYD,2023,82,91.7,2033-10-08 05:45:00,2033-10-08 06:45:00,1.0,Belagavi Station 2,Fast,28,46.5,299.0,558,Eco Drive,Belagavi,Completed,Good,D2831,Rainy,22.5,76.0,26.32,Healthy
EV2832,Tata Nexon EV,Tata,2023,40,94.2,2033-10-09 04:15:00,2033-10-09 04:36:00,0.35,Mysore Station 1,Fast,37,17.7,344.0,212.4,Green Mobility,Mysore,Completed,Good,D2832,Rainy,22.5,76.0,26.32,Healthy
EV2833,MG Comet EV,MG,2023,17,95.4,2033-10-10 05:45:00,2033-10-10 06:30:00,0.75,Hubli Station 2,Normal,31,11.6,283.0,139.19999999999999,Eco Drive,Hubli,Completed,Good,D2833,Cloudy,22.5,76.0,26.32,Healthy
EV2834,Tata Curvv EV,Tata,2023,55,95.2,2033-10-11 11:00:00,2033-10-11 13:23:00,2.38,Hubli Station 2,Normal,27,42.0,307.0,504,Green Mobility,Hubli,Completed,Good,D2834,Rainy,22.5,76.0,26.32,Healthy
EV2835,BYD Seal,BYD,2023,82,92.8,2033-10-12 00:15:00,2033-10-12 02:01:00,1.77,Belagavi Station 2,Normal,37,31.5,211.0,378,Green Mobility,Belagavi,Completed,Good,D2835,Rainy,22.5,76.0,26.32,Healthy
EV2836,BYD Atto 3,BYD,2023,60,94.3,2033-10-13 05:00:00,2033-10-13 06:10:00,1.17,Hubli Station 2,Normal,38,18.9,263.0,226.8,Green Mobility,Hubli,Completed,Good,D2836,Rainy,22.5,76.0,26.32,Healthy
EV2837,BYD Seal,BYD,2023,82,91.9,2033-10-14 14:00:00,2033-10-14 17:21:00,3.35,Mysore Station 1,Normal,34,60.7,168.0,728.4,City EV,Mysore,Completed,Good,D2837,Cloudy,22.5,76.0,26.32,Healthy
EV2838,BYD Seal,BYD,2023,82,96.6,2033-10-15 17:30:00,2033-10-15 18:34:00,1.07,Belagavi Station 1,Fast,29,56.3,341.0,675.6,City EV,Belagavi,Completed,Good,D2838,Cloudy,22.5,76.0,26.32,Healthy
EV2839,MG Comet EV,MG,2023,17,94.7,2033-10-16 13:15:00,2033-10-16 13:53:00,0.63,Bangalore Station 2,Normal,39,10.6,219.0,127.2,EV Fleet India,Bangalore,Completed,Good,D2839,Cloudy,22.5,76.0,26.32,Healthy
EV2840,Tata Nexon EV,Tata,2023,40,97.3,2033-10-17 04:00:00,2033-10-17 04:23:00,0.38,Hubli Station 1,Fast,33,15.0,239.0,180,Green Mobility,Hubli,Completed,Good,D2840,Sunny,22.5,76.0,26.32,Healthy
EV2841,MG Comet EV,MG,2023,17,96.2,2033-10-18 01:30:00,2033-10-18 01:48:00,0.3,Belagavi Station 2,Normal,39,6.6,88.0,79.2,EV Fleet India,Belagavi,Completed,Good,D2841,Cloudy,22.5,76.0,26.32,Healthy
EV2842,Mahindra XUV400,Mahindra,2023,39,95.5,2033-10-19 13:30:00,2033-10-19 13:52:00,0.37,Mangalore Station 1,Fast,34,14.1,166.0,169.2,Green Mobility,Mangalore,Completed,Good,D2842,Cloudy,22.5,76.0,26.32,Healthy
EV2843,Mahindra XUV400,Mahindra,2023,39,93.6,2033-10-20 23:15:00,2033-10-21 00:32:00,1.28,Mangalore Station 2,Normal,33,22.9,349.0,274.8,Green Mobility,Mangalore,Completed,Good,D2843,Rainy,22.5,76.0,26.32,Healthy
EV2844,Tata Nexon EV,Tata,2023,40,92.5,2033-10-21 12:00:00,2033-10-21 12:31:00,0.52,Hubli Station 2,Normal,35,7.5,185.0,90,EV Fleet India,Hubli,Completed,Good,D2844,Rainy,22.5,76.0,26.32,Healthy
EV2845,Tata Curvv EV,Tata,2023,55,96.3,2033-10-22 12:45:00,2033-10-22 14:23:00,1.63,Bangalore Station 2,Normal,30,30.7,327.0,368.4,Eco Drive,Bangalore,Completed,Good,D2845,Cloudy,22.5,76.0,26.32,Healthy
EV2846,MG Comet EV,MG,2023,17,96.2,2033-10-23 15:45:00,2033-10-23 15:50:00,0.08,Mysore Station 2,Fast,32,5.6,311.0,67.2,City EV,Mysore,Completed,Good,D2846,Sunny,22.5,76.0,26.32,Healthy
EV2847,MG ZS EV,MG,2023,50,93.7,2033-10-24 12:45:00,2033-10-24 12:54:00,0.15,Bangalore Station 2,Fast,29,12.3,156.0,147.6,Eco Drive,Bangalore,Completed,Good,D2847,Rainy,22.5,76.0,26.32,Healthy
EV2848,Kia EV6,Kia,2023,77,93.2,2033-10-25 08:00:00,2033-10-25 08:47:00,0.78,Belagavi Station 1,Fast,35,36.6,113.0,439.2,EV Fleet India,Belagavi,Completed,Good,D2848,Rainy,22.5,76.0,26.32,Healthy
EV2849,BYD Seal,BYD,2023,82,97.2,2033-10-26 02:45:00,2033-10-26 03:29:00,0.73,Hubli Station 1,Fast,35,31.3,250.0,375.6,Eco Drive,Hubli,Completed,Good,D2849,Sunny,22.5,76.0,26.32,Healthy
EV2850,Kia EV6,Kia,2023,77,93.9,2033-10-27 21:15:00,2033-10-27 21:45:00,0.5,Mangalore Station 1,Fast,29,25.1,277.0,301.2,Eco Drive,Mangalore,Completed,Good,D2850,Cloudy,22.5,76.0,26.32,Healthy
EV2851,BYD Seal,BYD,2023,82,93.7,2033-10-28 12:00:00,2033-10-28 12:38:00,0.63,Mangalore Station 1,Fast,27,26.3,197.0,315.60000000000002,Eco Drive,Mangalore,Completed,Good,D2851,Cloudy,22.5,76.0,26.32,Healthy
EV2852,MG Comet EV,MG,2023,17,95.4,2033-10-29 13:00:00,2033-10-29 13:08:00,0.13,Mysore Station 2,Fast,27,9.1,225.0,109.2,Premium Fleet,Mysore,Completed,Good,D2852,Sunny,22.5,76.0,26.32,Healthy
EV2853,Tata Nexon EV,Tata,2023,40,97.0,2033-10-30 14:00:00,2033-10-30 14:25:00,0.42,Hubli Station 2,Fast,27,15.1,305.0,181.2,Premium Fleet,Hubli,Completed,Good,D2853,Cloudy,22.5,76.0,26.32,Healthy
EV2854,Tata Punch EV,Tata,2023,35,93.0,2033-10-31 19:00:00,2033-10-31 19:08:00,0.13,Mysore Station 1,Fast,37,7.6,289.0,91.2,Premium Fleet,Mysore,Completed,Good,D2854,Cloudy,22.5,76.0,26.32,Healthy
EV2855,MG ZS EV,MG,2023,50,97.4,2033-11-01 10:30:00,2033-11-01 10:53:00,0.38,Mysore Station 2,Fast,31,21.3,207.0,255.6,City EV,Mysore,Completed,Good,D2855,Cloudy,22.5,76.0,26.32,Healthy
EV2856,MG ZS EV,MG,2023,50,95.0,2033-11-02 01:00:00,2033-11-02 02:32:00,1.53,Mangalore Station 1,Normal,35,28.1,291.0,337.2,City EV,Mangalore,Completed,Good,D2856,Sunny,22.5,76.0,26.32,Healthy
EV2857,BYD Seal,BYD,2023,82,91.8,2033-11-03 20:15:00,2033-11-03 20:56:00,0.68,Mangalore Station 2,Fast,36,30.2,187.0,362.4,Eco Drive,Mangalore,Completed,Good,D2857,Cloudy,22.5,76.0,26.32,Healthy
EV2858,Tata Curvv EV,Tata,2023,55,91.9,2033-11-04 13:45:00,2033-11-04 15:22:00,1.62,Bangalore Station 1,Normal,39,28.1,299.0,337.2,Eco Drive,Bangalore,Completed,Good,D2858,Cloudy,22.5,76.0,26.32,Healthy
EV2859,MG ZS EV,MG,2023,50,97.0,2033-11-05 22:15:00,2033-11-05 23:12:00,0.95,Bangalore Station 1,Normal,28,15.9,64.0,190.8,City EV,Bangalore,Completed,Good,D2859,Cloudy,22.5,76.0,26.32,Healthy
EV2860,Tata Curvv EV,Tata,2023,55,97.5,2033-11-06 13:45:00,2033-11-06 14:11:00,0.43,Bangalore Station 1,Fast,37,20.2,250.0,242.4,Green Mobility,Bangalore,Completed,Good,D2860,Rainy,22.5,76.0,26.32,Healthy
EV2861,Mahindra XUV400,Mahindra,2023,39,97.1,2033-11-07 05:30:00,2033-11-07 06:28:00,0.97,Bangalore Station 2,Normal,29,18.8,275.0,225.6,City EV,Bangalore,Completed,Good,D2861,Rainy,22.5,76.0,26.32,Healthy
EV2862,MG Comet EV,MG,2023,17,96.5,2033-11-08 05:00:00,2033-11-08 05:15:00,0.25,Bangalore Station 1,Fast,36,9.2,101.0,110.4,Green Mobility,Bangalore,Completed,Good,D2862,Sunny,22.5,76.0,26.32,Healthy
EV2863,Mahindra XUV400,Mahindra,2023,39,95.7,2033-11-09 07:00:00,2033-11-09 07:36:00,0.6,Bangalore Station 2,Fast,39,28.8,334.0,345.6,Premium Fleet,Bangalore,Completed,Good,D2863,Cloudy,22.5,76.0,26.32,Healthy
EV2864,BYD Seal,BYD,2023,82,95.1,2033-11-10 00:00:00,2033-11-10 00:34:00,0.57,Hubli Station 1,Fast,38,29.8,176.0,357.6,EV Fleet India,Hubli,Completed,Good,D2864,Cloudy,22.5,76.0,26.32,Healthy
EV2865,BYD Atto 3,BYD,2023,60,92.1,2033-11-11 17:15:00,2033-11-11 17:45:00,0.5,Mysore Station 2,Fast,34,22.6,290.0,271.2,City EV,Mysore,Completed,Good,D2865,Sunny,22.5,76.0,26.32,Healthy
EV2866,BYD Atto 3,BYD,2023,60,96.7,2033-11-12 12:15:00,2033-11-12 13:15:00,1.0,Belagavi Station 1,Fast,35,44.4,162.0,532.79999999999995,Premium Fleet,Belagavi,Completed,Good,D2866,Cloudy,22.5,76.0,26.32,Healthy
EV2867,Kia EV6,Kia,2023,77,95.2,2033-11-13 14:45:00,2033-11-13 15:29:00,0.73,Mysore Station 1,Fast,32,40.2,304.0,482.4,Premium Fleet,Mysore,Completed,Good,D2867,Rainy,22.5,76.0,26.32,Healthy
EV2868,BYD Atto 3,BYD,2023,60,92.4,2033-11-14 18:00:00,2033-11-14 18:30:00,0.5,Belagavi Station 1,Fast,29,20.9,102.0,250.8,Eco Drive,Belagavi,Completed,Good,D2868,Rainy,22.5,76.0,26.32,Healthy
EV2869,Hyundai Kona EV,Hyundai,2023,39,95.6,2033-11-15 12:45:00,2033-11-15 13:52:00,1.12,Bangalore Station 1,Normal,33,18.9,240.0,226.8,City EV,Bangalore,Completed,Good,D2869,Cloudy,22.5,76.0,26.32,Healthy
EV2870,Tata Nexon EV,Tata,2023,40,96.9,2033-11-16 02:45:00,2033-11-16 03:33:00,0.8,Bangalore Station 2,Normal,37,15.2,70.0,182.4,Eco Drive,Bangalore,Completed,Good,D2870,Cloudy,22.5,76.0,26.32,Healthy
EV2871,Tata Curvv EV,Tata,2023,55,93.2,2033-11-17 10:00:00,2033-11-17 10:23:00,0.38,Belagavi Station 2,Fast,36,21.6,73.0,259.2,Eco Drive,Belagavi,Completed,Good,D2871,Cloudy,22.5,76.0,26.32,Healthy
EV2872,MG Comet EV,MG,2023,17,97.5,2033-11-18 14:15:00,2033-11-18 14:19:00,0.07,Mysore Station 2,Fast,34,3.6,330.0,43.2,Green Mobility,Mysore,Completed,Good,D2872,Cloudy,22.5,76.0,26.32,Healthy
EV2873,MG ZS EV,MG,2023,50,95.9,2033-11-19 15:45:00,2033-11-19 16:32:00,0.78,Mysore Station 1,Fast,32,36.2,281.0,434.4,Eco Drive,Mysore,Completed,Good,D2873,Cloudy,22.5,76.0,26.32,Healthy
EV2874,Tata Nexon EV,Tata,2023,40,92.3,2033-11-20 16:45:00,2033-11-20 17:21:00,0.6,Belagavi Station 1,Fast,32,27.8,131.0,333.6,EV Fleet India,Belagavi,Completed,Good,D2874,Sunny,22.5,76.0,26.32,Healthy
EV2875,BYD Seal,BYD,2023,82,95.2,2033-11-21 11:00:00,2033-11-21 12:32:00,1.53,Mysore Station 1,Normal,32,25.6,245.0,307.2,Premium Fleet,Mysore,Completed,Good,D2875,Rainy,22.5,76.0,26.32,Healthy
EV2876,BYD Seal,BYD,2023,82,92.2,2033-11-22 11:15:00,2033-11-22 11:47:00,0.53,Mangalore Station 1,Fast,34,23.5,190.0,282,EV Fleet India,Mangalore,Completed,Good,D2876,Cloudy,22.5,76.0,26.32,Healthy
EV2877,Hyundai Kona EV,Hyundai,2023,39,92.6,2033-11-23 01:30:00,2033-11-23 03:08:00,1.63,Bangalore Station 2,Normal,27,27.9,249.0,334.8,Premium Fleet,Bangalore,Completed,Good,D2877,Cloudy,22.5,76.0,26.32,Healthy
EV2878,Hyundai Kona EV,Hyundai,2023,39,97.5,2033-11-24 03:30:00,2033-11-24 04:45:00,1.25,Belagavi Station 2,Normal,39,21.3,71.0,255.6,EV Fleet India,Belagavi,Completed,Good,D2878,Cloudy,22.5,76.0,26.32,Healthy
EV2879,Tata Punch EV,Tata,2023,35,94.6,2033-11-25 03:45:00,2033-11-25 05:15:00,1.5,Mysore Station 2,Normal,37,27.6,275.0,331.2,Eco Drive,Mysore,Completed,Good,D2879,Sunny,22.5,76.0,26.32,Healthy
EV2880,Hyundai Kona EV,Hyundai,2023,39,96.7,2033-11-26 12:15:00,2033-11-26 12:38:00,0.38,Mysore Station 1,Fast,39,16.9,102.0,202.8,City EV,Mysore,Completed,Good,D2880,Rainy,22.5,76.0,26.32,Healthy
EV2881,BYD Seal,BYD,2023,82,96.5,2033-11-27 09:15:00,2033-11-27 09:57:00,0.7,Mysore Station 2,Fast,30,28.8,119.0,345.6,EV Fleet India,Mysore,Completed,Good,D2881,Rainy,22.5,76.0,26.32,Healthy
EV2882,Tata Nexon EV,Tata,2023,40,97.5,2033-11-28 09:15:00,2033-11-28 09:41:00,0.43,Mangalore Station 1,Fast,39,24.3,221.0,291.60000000000002,Eco Drive,Mangalore,Completed,Good,D2882,Rainy,22.5,76.0,26.32,Healthy
EV2883,BYD Atto 3,BYD,2023,60,94.0,2033-11-29 01:15:00,2033-11-29 01:53:00,0.63,Mangalore Station 1,Fast,38,28.8,151.0,345.6,Eco Drive,Mangalore,Completed,Good,D2883,Cloudy,22.5,76.0,26.32,Healthy
EV2884,MG ZS EV,MG,2023,50,97.6,2033-11-30 07:15:00,2033-11-30 08:06:00,0.85,Hubli Station 1,Normal,39,15.4,251.0,184.8,Premium Fleet,Hubli,Completed,Good,D2884,Cloudy,22.5,76.0,26.32,Healthy
EV2885,MG Comet EV,MG,2023,17,95.3,2033-12-01 05:45:00,2033-12-01 06:02:00,0.28,Hubli Station 1,Fast,35,8.4,75.0,100.8,EV Fleet India,Hubli,Completed,Good,D2885,Cloudy,22.5,76.0,26.32,Healthy
EV2886,Tata Curvv EV,Tata,2023,55,95.6,2033-12-02 00:15:00,2033-12-02 02:02:00,1.78,Belagavi Station 2,Normal,33,31.6,95.0,379.2,Green Mobility,Belagavi,Completed,Good,D2886,Rainy,22.5,76.0,26.32,Healthy
EV2887,MG ZS EV,MG,2023,50,92.6,2033-12-03 17:00:00,2033-12-03 18:07:00,1.12,Belagavi Station 1,Normal,32,18.4,146.0,220.8,Premium Fleet,Belagavi,Completed,Good,D2887,Sunny,22.5,76.0,26.32,Healthy
EV2888,MG ZS EV,MG,2023,50,93.0,2033-12-04 03:15:00,2033-12-04 05:13:00,1.97,Mangalore Station 1,Normal,39,35.7,177.0,428.4,Green Mobility,Mangalore,Completed,Good,D2888,Sunny,22.5,76.0,26.32,Healthy
EV2889,Tata Nexon EV,Tata,2023,40,97.2,2033-12-05 04:30:00,2033-12-05 04:53:00,0.38,Bangalore Station 2,Fast,39,22.6,135.0,271.2,Green Mobility,Bangalore,Completed,Good,D2889,Cloudy,22.5,76.0,26.32,Healthy
EV2890,Tata Curvv EV,Tata,2023,55,97.5,2033-12-06 04:30:00,2033-12-06 06:09:00,1.65,Hubli Station 2,Normal,27,30.1,301.0,361.2,Premium Fleet,Hubli,Completed,Good,D2890,Rainy,22.5,76.0,26.32,Healthy
EV2891,Mahindra XUV400,Mahindra,2023,39,94.4,2033-12-07 03:00:00,2033-12-07 03:19:00,0.32,Mangalore Station 1,Fast,27,16.6,226.0,199.2,EV Fleet India,Mangalore,Completed,Good,D2891,Cloudy,22.5,76.0,26.32,Healthy
EV2892,Mahindra XUV400,Mahindra,2023,39,96.8,2033-12-08 04:45:00,2033-12-08 05:52:00,1.12,Belagavi Station 1,Normal,39,19.6,188.0,235.2,City EV,Belagavi,Completed,Good,D2892,Rainy,22.5,76.0,26.32,Healthy
EV2893,Kia EV6,Kia,2023,77,96.6,2033-12-09 09:00:00,2033-12-09 09:46:00,0.77,Mysore Station 2,Fast,28,36.6,100.0,439.2,Green Mobility,Mysore,Completed,Good,D2893,Rainy,22.5,76.0,26.32,Healthy
EV2894,MG ZS EV,MG,2023,50,93.7,2033-12-10 03:15:00,2033-12-10 04:07:00,0.87,Hubli Station 1,Fast,31,37.8,126.0,453.6,Green Mobility,Hubli,Completed,Good,D2894,Sunny,22.5,76.0,26.32,Healthy
EV2895,BYD Atto 3,BYD,2023,60,96.0,2033-12-11 03:45:00,2033-12-11 05:30:00,1.75,Mangalore Station 1,Normal,34,32.2,297.0,386.4,Eco Drive,Mangalore,Completed,Good,D2895,Cloudy,22.5,76.0,26.32,Healthy
EV2896,MG ZS EV,MG,2023,50,92.1,2033-12-12 03:30:00,2033-12-12 04:52:00,1.37,Mysore Station 1,Normal,39,22.6,230.0,271.2,Premium Fleet,Mysore,Completed,Good,D2896,Cloudy,22.5,76.0,26.32,Healthy
EV2897,Tata Nexon EV,Tata,2023,40,93.9,2033-12-13 06:45:00,2033-12-13 07:16:00,0.52,Mysore Station 2,Fast,28,22.4,321.0,268.8,City EV,Mysore,Completed,Good,D2897,Sunny,22.5,76.0,26.32,Healthy
EV2898,BYD Seal,BYD,2023,82,95.1,2033-12-14 05:30:00,2033-12-14 05:58:00,0.47,Mysore Station 2,Fast,32,27.6,343.0,331.2,Eco Drive,Mysore,Completed,Good,D2898,Sunny,22.5,76.0,26.32,Healthy
EV2899,Tata Nexon EV,Tata,2023,40,95.1,2033-12-15 18:00:00,2033-12-15 19:13:00,1.22,Mangalore Station 2,Normal,38,19.5,295.0,234,Premium Fleet,Mangalore,Completed,Good,D2899,Sunny,22.5,76.0,26.32,Healthy
EV2900,Kia EV6,Kia,2023,77,92.9,2033-12-16 04:15:00,2033-12-16 05:17:00,1.03,Hubli Station 1,Fast,39,55.8,72.0,669.6,Premium Fleet,Hubli,Completed,Good,D2900,Cloudy,22.5,76.0,26.32,Healthy
EV2901,Tata Curvv EV,Tata,2023,55,97.4,2033-12-17 20:00:00,2033-12-17 22:16:00,2.27,Mysore Station 1,Normal,28,38.9,69.0,466.8,Eco Drive,Mysore,Completed,Good,D2901,Sunny,22.5,76.0,26.32,Healthy
EV2902,Mahindra XUV400,Mahindra,2023,39,93.5,2033-12-18 05:30:00,2033-12-18 06:03:00,0.55,Bangalore Station 1,Fast,30,25.7,207.0,308.39999999999998,Green Mobility,Bangalore,Completed,Good,D2902,Rainy,22.5,76.0,26.32,Healthy
EV2903,BYD Atto 3,BYD,2023,60,93.3,2033-12-19 09:00:00,2033-12-19 09:54:00,0.9,Bangalore Station 2,Fast,37,41.5,345.0,498,Green Mobility,Bangalore,Completed,Good,D2903,Cloudy,22.5,76.0,26.32,Healthy
EV2904,MG ZS EV,MG,2023,50,93.7,2033-12-20 09:15:00,2033-12-20 10:52:00,1.62,Hubli Station 2,Normal,29,28.4,237.0,340.8,Premium Fleet,Hubli,Completed,Good,D2904,Rainy,22.5,76.0,26.32,Healthy
EV2905,Mahindra XUV400,Mahindra,2023,39,96.3,2033-12-21 20:00:00,2033-12-21 20:48:00,0.8,Mangalore Station 2,Normal,28,12.8,189.0,153.6,EV Fleet India,Mangalore,Completed,Good,D2905,Cloudy,22.5,76.0,26.32,Healthy
EV2906,Kia EV6,Kia,2023,77,97.6,2033-12-22 11:30:00,2033-12-22 12:03:00,0.55,Belagavi Station 1,Fast,35,31.2,176.0,374.4,City EV,Belagavi,Completed,Good,D2906,Sunny,22.5,76.0,26.32,Healthy
EV2907,Tata Punch EV,Tata,2023,35,97.0,2033-12-23 08:30:00,2033-12-23 08:59:00,0.48,Mangalore Station 2,Fast,30,22.8,317.0,273.60000000000002,Eco Drive,Mangalore,Completed,Good,D2907,Rainy,22.5,76.0,26.32,Healthy
EV2908,Tata Nexon EV,Tata,2023,40,95.8,2033-12-24 20:30:00,2033-12-24 20:53:00,0.38,Mysore Station 2,Fast,28,18.4,269.0,220.8,Eco Drive,Mysore,Completed,Good,D2908,Cloudy,22.5,76.0,26.32,Healthy
EV2909,Mahindra XUV400,Mahindra,2023,39,95.8,2033-12-25 12:15:00,2033-12-25 13:31:00,1.27,Mysore Station 1,Normal,29,22.8,289.0,273.60000000000002,EV Fleet India,Mysore,Completed,Good,D2909,Sunny,22.5,76.0,26.32,Healthy
EV2910,Kia EV6,Kia,2023,77,94.8,2033-12-26 10:00:00,2033-12-26 10:40:00,0.67,Bangalore Station 1,Fast,31,37.9,307.0,454.8,EV Fleet India,Bangalore,Completed,Good,D2910,Sunny,22.5,76.0,26.32,Healthy
EV2911,Mahindra XUV400,Mahindra,2023,39,95.6,2033-12-27 13:00:00,2033-12-27 13:15:00,0.25,Hubli Station 1,Fast,32,13.1,140.0,157.19999999999999,Eco Drive,Hubli,Completed,Good,D2911,Cloudy,22.5,76.0,26.32,Healthy
EV2912,Tata Curvv EV,Tata,2023,55,94.4,2033-12-28 05:15:00,2033-12-28 05:55:00,0.67,Mysore Station 1,Fast,31,34.1,131.0,409.2,City EV,Mysore,Completed,Good,D2912,Rainy,22.5,76.0,26.32,Healthy
EV2913,MG ZS EV,MG,2023,50,97.6,2033-12-29 00:45:00,2033-12-29 01:28:00,0.72,Mangalore Station 1,Normal,36,14.4,172.0,172.8,Eco Drive,Mangalore,Completed,Good,D2913,Sunny,22.5,76.0,26.32,Healthy
EV2914,Hyundai Kona EV,Hyundai,2023,39,95.1,2033-12-30 20:15:00,2033-12-30 20:38:00,0.38,Mangalore Station 2,Fast,32,18.5,284.0,222,City EV,Mangalore,Completed,Good,D2914,Sunny,22.5,76.0,26.32,Healthy
EV2915,MG Comet EV,MG,2023,17,94.1,2033-12-31 13:30:00,2033-12-31 14:14:00,0.73,Belagavi Station 2,Normal,39,12.4,332.0,148.80000000000001,Premium Fleet,Belagavi,Completed,Good,D2915,Rainy,22.5,76.0,26.32,Healthy
EV2916,BYD Seal,BYD,2023,82,96.3,2034-01-01 20:00:00,2034-01-01 23:15:00,3.25,Hubli Station 1,Normal,35,57.5,339.0,690,Eco Drive,Hubli,Completed,Good,D2916,Cloudy,22.5,76.0,26.32,Healthy
EV2917,Mahindra XUV400,Mahindra,2023,39,93.3,2034-01-02 01:45:00,2034-01-02 02:55:00,1.17,Hubli Station 2,Normal,34,19.8,324.0,237.6,Eco Drive,Hubli,Completed,Good,D2917,Sunny,22.5,76.0,26.32,Healthy
EV2918,MG Comet EV,MG,2023,17,92.8,2034-01-03 13:00:00,2034-01-03 13:07:00,0.12,Bangalore Station 2,Fast,37,4.5,310.0,54,Premium Fleet,Bangalore,Completed,Good,D2918,Sunny,22.5,76.0,26.32,Healthy
EV2919,Mahindra XUV400,Mahindra,2023,39,96.6,2034-01-04 19:45:00,2034-01-04 21:15:00,1.5,Mangalore Station 2,Normal,30,28.6,245.0,343.2,EV Fleet India,Mangalore,Completed,Good,D2919,Rainy,22.5,76.0,26.32,Healthy
EV2920,Tata Curvv EV,Tata,2023,55,96.6,2034-01-05 04:30:00,2034-01-05 06:01:00,1.52,Belagavi Station 1,Normal,37,27.9,206.0,334.8,Premium Fleet,Belagavi,Completed,Good,D2920,Rainy,22.5,76.0,26.32,Healthy
EV2921,Tata Curvv EV,Tata,2023,55,96.4,2034-01-06 11:30:00,2034-01-06 12:21:00,0.85,Hubli Station 2,Fast,35,37.4,105.0,448.8,City EV,Hubli,Completed,Good,D2921,Cloudy,22.5,76.0,26.32,Healthy
EV2922,MG Comet EV,MG,2023,17,91.8,2034-01-07 02:15:00,2034-01-07 02:37:00,0.37,Mysore Station 2,Normal,30,5.4,197.0,64.8,Eco Drive,Mysore,Completed,Good,D2922,Rainy,22.5,76.0,26.32,Healthy
EV2923,MG ZS EV,MG,2023,50,92.2,2034-01-08 13:00:00,2034-01-08 14:51:00,1.85,Belagavi Station 2,Normal,31,33.0,245.0,396,City EV,Belagavi,Completed,Good,D2923,Rainy,22.5,76.0,26.32,Healthy
EV2924,MG Comet EV,MG,2023,17,93.4,2034-01-09 05:30:00,2034-01-09 06:08:00,0.63,Belagavi Station 1,Normal,34,11.2,334.0,134.4,Green Mobility,Belagavi,Completed,Good,D2924,Rainy,22.5,76.0,26.32,Healthy
EV2925,Hyundai Kona EV,Hyundai,2023,39,95.7,2034-01-10 00:00:00,2034-01-10 00:16:00,0.27,Mangalore Station 1,Fast,30,13.5,186.0,162,Eco Drive,Mangalore,Completed,Good,D2925,Cloudy,22.5,76.0,26.32,Healthy
EV2926,MG ZS EV,MG,2023,50,93.9,2034-01-11 15:00:00,2034-01-11 16:53:00,1.88,Hubli Station 2,Normal,32,34.1,164.0,409.2,EV Fleet India,Hubli,Completed,Good,D2926,Rainy,22.5,76.0,26.32,Healthy
EV2927,Kia EV6,Kia,2023,77,97.4,2034-01-12 02:45:00,2034-01-12 04:25:00,1.67,Mysore Station 1,Normal,27,29.2,175.0,350.4,Eco Drive,Mysore,Completed,Good,D2927,Sunny,22.5,76.0,26.32,Healthy
EV2928,Mahindra XUV400,Mahindra,2023,39,92.1,2034-01-13 02:00:00,2034-01-13 02:38:00,0.63,Belagavi Station 2,Fast,33,25.9,302.0,310.8,Green Mobility,Belagavi,Completed,Good,D2928,Sunny,22.5,76.0,26.32,Healthy
EV2929,MG ZS EV,MG,2023,50,96.7,2034-01-14 19:30:00,2034-01-14 20:09:00,0.65,Belagavi Station 2,Fast,32,30.1,262.0,361.2,Premium Fleet,Belagavi,Completed,Good,D2929,Cloudy,22.5,76.0,26.32,Healthy
EV2930,Kia EV6,Kia,2023,77,96.0,2034-01-15 21:30:00,2034-01-15 22:27:00,0.95,Mangalore Station 2,Fast,34,46.0,206.0,552,Green Mobility,Mangalore,Completed,Good,D2930,Sunny,22.5,76.0,26.32,Healthy
EV2931,BYD Atto 3,BYD,2023,60,96.5,2034-01-16 22:45:00,2034-01-16 23:31:00,0.77,Belagavi Station 2,Fast,32,35.0,240.0,420,City EV,Belagavi,Completed,Good,D2931,Cloudy,22.5,76.0,26.32,Healthy
EV2932,Tata Curvv EV,Tata,2023,55,93.0,2034-01-17 19:30:00,2034-01-17 20:04:00,0.57,Mangalore Station 2,Fast,35,27.3,265.0,327.60000000000002,City EV,Mangalore,Completed,Good,D2932,Cloudy,22.5,76.0,26.32,Healthy
EV2933,Hyundai Kona EV,Hyundai,2023,39,95.8,2034-01-18 22:30:00,2034-01-18 23:08:00,0.63,Belagavi Station 1,Fast,28,29.6,193.0,355.2,EV Fleet India,Belagavi,Completed,Good,D2933,Sunny,22.5,76.0,26.32,Healthy
EV2934,BYD Seal,BYD,2023,82,97.2,2034-01-19 19:45:00,2034-01-19 20:28:00,0.72,Belagavi Station 1,Fast,36,32.0,116.0,384,EV Fleet India,Belagavi,Completed,Good,D2934,Rainy,22.5,76.0,26.32,Healthy
EV2935,Mahindra XUV400,Mahindra,2023,39,95.7,2034-01-20 12:45:00,2034-01-20 13:05:00,0.33,Belagavi Station 1,Fast,28,20.5,344.0,246,City EV,Belagavi,Completed,Good,D2935,Sunny,22.5,76.0,26.32,Healthy
EV2936,Tata Curvv EV,Tata,2023,55,93.8,2034-01-21 23:30:00,2034-01-22 00:19:00,0.82,Bangalore Station 1,Fast,29,38.9,248.0,466.8,City EV,Bangalore,Completed,Good,D2936,Rainy,22.5,76.0,26.32,Healthy
EV2937,Kia EV6,Kia,2023,77,91.8,2034-01-22 06:30:00,2034-01-22 07:09:00,0.65,Mangalore Station 1,Fast,39,26.4,111.0,316.8,Premium Fleet,Mangalore,Completed,Good,D2937,Sunny,22.5,76.0,26.32,Healthy
EV2938,Tata Curvv EV,Tata,2023,55,92.4,2034-01-23 02:00:00,2034-01-23 03:06:00,1.1,Mysore Station 2,Normal,31,20.5,293.0,246,City EV,Mysore,Completed,Good,D2938,Sunny,22.5,76.0,26.32,Healthy
EV2939,Hyundai Kona EV,Hyundai,2023,39,96.5,2034-01-24 19:30:00,2034-01-24 20:48:00,1.3,Mangalore Station 2,Normal,33,25.1,111.0,301.2,Eco Drive,Mangalore,Completed,Good,D2939,Rainy,22.5,76.0,26.32,Healthy
EV2940,BYD Atto 3,BYD,2023,60,97.5,2034-01-25 08:45:00,2034-01-25 09:27:00,0.7,Hubli Station 2,Fast,32,34.8,82.0,417.6,Green Mobility,Hubli,Completed,Good,D2940,Rainy,22.5,76.0,26.32,Healthy
EV2941,Tata Punch EV,Tata,2023,35,94.7,2034-01-26 23:15:00,2034-01-26 23:42:00,0.45,Belagavi Station 1,Fast,32,21.5,164.0,258,Eco Drive,Belagavi,Completed,Good,D2941,Rainy,22.5,76.0,26.32,Healthy
EV2942,Tata Curvv EV,Tata,2023,55,94.5,2034-01-27 23:30:00,2034-01-28 01:29:00,1.98,Mangalore Station 2,Normal,28,35.0,282.0,420,EV Fleet India,Mangalore,Completed,Good,D2942,Sunny,22.5,76.0,26.32,Healthy
EV2943,BYD Seal,BYD,2023,82,95.6,2034-01-28 12:45:00,2034-01-28 13:26:00,0.68,Mysore Station 1,Fast,30,32.8,105.0,393.6,Premium Fleet,Mysore,Completed,Good,D2943,Sunny,22.5,76.0,26.32,Healthy
EV2944,MG Comet EV,MG,2023,17,91.7,2034-01-29 10:15:00,2034-01-29 10:39:00,0.4,Mangalore Station 1,Normal,37,6.7,129.0,80.400000000000006,Premium Fleet,Mangalore,Completed,Good,D2944,Cloudy,22.5,76.0,26.32,Healthy
EV2945,BYD Atto 3,BYD,2023,60,97.5,2034-01-30 17:45:00,2034-01-30 19:59:00,2.23,Mysore Station 1,Normal,28,40.8,122.0,489.6,EV Fleet India,Mysore,Completed,Good,D2945,Cloudy,22.5,76.0,26.32,Healthy
EV2946,MG Comet EV,MG,2023,17,93.2,2034-01-31 17:15:00,2034-01-31 17:59:00,0.73,Mysore Station 1,Normal,29,12.9,61.0,154.80000000000001,Premium Fleet,Mysore,Completed,Good,D2946,Cloudy,22.5,76.0,26.32,Healthy
EV2947,Tata Punch EV,Tata,2023,35,92.5,2034-02-01 17:15:00,2034-02-01 18:39:00,1.4,Mysore Station 1,Normal,28,23.9,227.0,286.8,Premium Fleet,Mysore,Completed,Good,D2947,Cloudy,22.5,76.0,26.32,Healthy
EV2948,Tata Nexon EV,Tata,2023,40,94.7,2034-02-02 08:30:00,2034-02-02 10:04:00,1.57,Mangalore Station 1,Normal,33,27.2,173.0,326.39999999999998,Green Mobility,Mangalore,Completed,Good,D2948,Rainy,22.5,76.0,26.32,Healthy
EV2949,Kia EV6,Kia,2023,77,96.6,2034-02-03 22:00:00,2034-02-04 01:12:00,3.2,Belagavi Station 1,Normal,36,58.3,179.0,699.6,City EV,Belagavi,Completed,Good,D2949,Rainy,22.5,76.0,26.32,Healthy
EV2950,Hyundai Kona EV,Hyundai,2023,39,92.9,2034-02-04 09:15:00,2034-02-04 09:43:00,0.47,Mysore Station 1,Fast,39,25.0,207.0,300,EV Fleet India,Mysore,Completed,Good,D2950,Sunny,22.5,76.0,26.32,Healthy
EV2951,Tata Punch EV,Tata,2023,35,95.6,2034-02-05 14:30:00,2034-02-05 14:45:00,0.25,Belagavi Station 2,Fast,35,8.9,191.0,106.8,Premium Fleet,Belagavi,Completed,Good,D2951,Sunny,22.5,76.0,26.32,Healthy
EV2952,Kia EV6,Kia,2023,77,93.3,2034-02-06 22:45:00,2034-02-07 00:34:00,1.82,Mangalore Station 1,Normal,27,30.4,180.0,364.8,City EV,Mangalore,Completed,Good,D2952,Sunny,22.5,76.0,26.32,Healthy
EV2953,Tata Punch EV,Tata,2023,35,93.6,2034-02-07 05:45:00,2034-02-07 07:19:00,1.57,Mysore Station 1,Normal,38,26.5,60.0,318,Premium Fleet,Mysore,Completed,Good,D2953,Cloudy,22.5,76.0,26.32,Healthy
EV2954,Tata Curvv EV,Tata,2023,55,97.2,2034-02-08 21:15:00,2034-02-08 21:40:00,0.42,Mangalore Station 2,Fast,29,22.3,200.0,267.60000000000002,EV Fleet India,Mangalore,Completed,Good,D2954,Cloudy,22.5,76.0,26.32,Healthy
EV2955,Tata Punch EV,Tata,2023,35,96.5,2034-02-09 10:45:00,2034-02-09 11:46:00,1.02,Mangalore Station 1,Normal,39,18.0,159.0,216,Premium Fleet,Mangalore,Completed,Good,D2955,Rainy,22.5,76.0,26.32,Healthy
EV2956,Tata Nexon EV,Tata,2023,40,92.2,2034-02-10 19:45:00,2034-02-10 20:01:00,0.27,Mysore Station 1,Fast,39,8.5,86.0,102,City EV,Mysore,Completed,Good,D2956,Rainy,22.5,76.0,26.32,Healthy
EV2957,BYD Seal,BYD,2023,82,97.2,2034-02-11 22:15:00,2034-02-11 22:48:00,0.55,Mangalore Station 1,Fast,32,30.6,178.0,367.2,City EV,Mangalore,Completed,Good,D2957,Sunny,22.5,76.0,26.32,Healthy
EV2958,BYD Atto 3,BYD,2023,60,93.9,2034-02-12 10:15:00,2034-02-12 12:14:00,1.98,Hubli Station 1,Normal,27,36.7,70.0,440.4,EV Fleet India,Hubli,Completed,Good,D2958,Sunny,22.5,76.0,26.32,Healthy
EV2959,BYD Atto 3,BYD,2023,60,93.2,2034-02-13 18:00:00,2034-02-13 18:43:00,0.72,Belagavi Station 2,Fast,35,31.4,318.0,376.8,Eco Drive,Belagavi,Completed,Good,D2959,Rainy,22.5,76.0,26.32,Healthy
EV2960,Tata Curvv EV,Tata,2023,55,94.7,2034-02-14 22:00:00,2034-02-14 23:44:00,1.73,Bangalore Station 1,Normal,28,30.5,183.0,366,EV Fleet India,Bangalore,Completed,Good,D2960,Cloudy,22.5,76.0,26.32,Healthy
EV2961,MG ZS EV,MG,2023,50,92.1,2034-02-15 23:15:00,2034-02-15 23:51:00,0.6,Mysore Station 1,Fast,34,28.6,224.0,343.2,EV Fleet India,Mysore,Completed,Good,D2961,Cloudy,22.5,76.0,26.32,Healthy
EV2962,Hyundai Kona EV,Hyundai,2023,39,95.3,2034-02-16 03:00:00,2034-02-16 03:28:00,0.47,Belagavi Station 2,Fast,28,21.7,230.0,260.39999999999998,City EV,Belagavi,Completed,Good,D2962,Rainy,22.5,76.0,26.32,Healthy
EV2963,Hyundai Kona EV,Hyundai,2023,39,94.4,2034-02-17 13:00:00,2034-02-17 14:24:00,1.4,Belagavi Station 2,Normal,37,23.4,197.0,280.8,EV Fleet India,Belagavi,Completed,Good,D2963,Sunny,22.5,76.0,26.32,Healthy
EV2964,Kia EV6,Kia,2023,77,95.1,2034-02-18 16:15:00,2034-02-18 17:00:00,0.75,Hubli Station 2,Fast,29,35.5,213.0,426,Green Mobility,Hubli,Completed,Good,D2964,Cloudy,22.5,76.0,26.32,Healthy
EV2965,Mahindra XUV400,Mahindra,2023,39,97.2,2034-02-19 15:30:00,2034-02-19 16:01:00,0.52,Mangalore Station 1,Fast,31,27.2,64.0,326.39999999999998,Eco Drive,Mangalore,Completed,Good,D2965,Rainy,22.5,76.0,26.32,Healthy
EV2966,Mahindra XUV400,Mahindra,2023,39,92.3,2034-02-20 05:45:00,2034-02-20 06:09:00,0.4,Mangalore Station 2,Fast,28,16.4,181.0,196.8,EV Fleet India,Mangalore,Completed,Good,D2966,Cloudy,22.5,76.0,26.32,Healthy
EV2967,BYD Seal,BYD,2023,82,97.3,2034-02-21 11:45:00,2034-02-21 13:01:00,1.27,Mangalore Station 1,Normal,30,24.5,74.0,294,Eco Drive,Mangalore,Completed,Good,D2967,Sunny,22.5,76.0,26.32,Healthy
EV2968,BYD Atto 3,BYD,2023,60,93.3,2034-02-22 14:30:00,2034-02-22 15:03:00,0.55,Mangalore Station 1,Fast,27,22.7,337.0,272.39999999999998,Green Mobility,Mangalore,Completed,Good,D2968,Sunny,22.5,76.0,26.32,Healthy
EV2969,Mahindra XUV400,Mahindra,2023,39,95.5,2034-02-23 13:15:00,2034-02-23 13:44:00,0.48,Mysore Station 1,Fast,28,23.7,316.0,284.39999999999998,Eco Drive,Mysore,Completed,Good,D2969,Sunny,22.5,76.0,26.32,Healthy
EV2970,Tata Nexon EV,Tata,2023,40,93.0,2034-02-24 05:00:00,2034-02-24 05:18:00,0.3,Hubli Station 1,Fast,36,15.5,196.0,186,Eco Drive,Hubli,Completed,Good,D2970,Cloudy,22.5,76.0,26.32,Healthy
EV2971,Tata Curvv EV,Tata,2023,55,91.7,2034-02-25 14:30:00,2034-02-25 15:10:00,0.67,Mysore Station 1,Fast,29,35.7,151.0,428.4,EV Fleet India,Mysore,Completed,Good,D2971,Rainy,22.5,76.0,26.32,Healthy
EV2972,MG ZS EV,MG,2023,50,94.3,2034-02-26 00:00:00,2034-02-26 01:14:00,1.23,Bangalore Station 1,Normal,37,22.3,177.0,267.60000000000002,Premium Fleet,Bangalore,Completed,Good,D2972,Sunny,22.5,76.0,26.32,Healthy
EV2973,BYD Atto 3,BYD,2023,60,95.0,2034-02-27 10:30:00,2034-02-27 11:05:00,0.58,Belagavi Station 2,Fast,30,30.3,330.0,363.6,Premium Fleet,Belagavi,Completed,Good,D2973,Rainy,22.5,76.0,26.32,Healthy
EV2974,Hyundai Kona EV,Hyundai,2023,39,92.3,2034-02-28 19:30:00,2034-02-28 20:04:00,0.57,Hubli Station 1,Fast,30,27.9,282.0,334.8,Green Mobility,Hubli,Completed,Good,D2974,Rainy,22.5,76.0,26.32,Healthy
EV2975,Mahindra XUV400,Mahindra,2023,39,92.4,2034-03-01 17:00:00,2034-03-01 17:36:00,0.6,Bangalore Station 1,Normal,35,12.0,156.0,144,Eco Drive,Bangalore,Completed,Good,D2975,Sunny,22.5,76.0,26.32,Healthy
EV2976,Tata Punch EV,Tata,2023,35,93.5,2034-03-02 06:30:00,2034-03-02 07:17:00,0.78,Belagavi Station 2,Normal,39,12.5,114.0,150,EV Fleet India,Belagavi,Completed,Good,D2976,Cloudy,22.5,76.0,26.32,Healthy
EV2977,Kia EV6,Kia,2023,77,92.7,2034-03-03 13:15:00,2034-03-03 15:13:00,1.97,Belagavi Station 1,Normal,39,35.5,159.0,426,EV Fleet India,Belagavi,Completed,Good,D2977,Rainy,22.5,76.0,26.32,Healthy
EV2978,Tata Curvv EV,Tata,2023,55,95.1,2034-03-04 21:15:00,2034-03-04 22:54:00,1.65,Bangalore Station 1,Normal,27,30.7,329.0,368.4,Green Mobility,Bangalore,Completed,Good,D2978,Cloudy,22.5,76.0,26.32,Healthy
EV2979,Kia EV6,Kia,2023,77,95.3,2034-03-05 05:45:00,2034-03-05 06:57:00,1.2,Mysore Station 2,Fast,39,55.8,273.0,669.6,Premium Fleet,Mysore,Completed,Good,D2979,Sunny,22.5,76.0,26.32,Healthy
EV2980,Tata Punch EV,Tata,2023,35,93.8,2034-03-06 03:15:00,2034-03-06 03:46:00,0.52,Hubli Station 2,Fast,36,23.9,267.0,286.8,EV Fleet India,Hubli,Completed,Good,D2980,Rainy,22.5,76.0,26.32,Healthy
EV2981,Tata Curvv EV,Tata,2023,55,93.7,2034-03-07 16:45:00,2034-03-07 17:14:00,0.48,Hubli Station 1,Fast,29,22.9,152.0,274.8,Premium Fleet,Hubli,Completed,Good,D2981,Rainy,22.5,76.0,26.32,Healthy
EV2982,BYD Atto 3,BYD,2023,60,93.2,2034-03-08 20:45:00,2034-03-08 21:06:00,0.35,Hubli Station 1,Fast,36,22.1,202.0,265.2,City EV,Hubli,Completed,Good,D2982,Rainy,22.5,76.0,26.32,Healthy
EV2983,Mahindra XUV400,Mahindra,2023,39,97.6,2034-03-09 14:00:00,2034-03-09 14:35:00,0.58,Hubli Station 1,Fast,34,32.1,85.0,385.2,Premium Fleet,Hubli,Completed,Good,D2983,Cloudy,22.5,76.0,26.32,Healthy
EV2984,Kia EV6,Kia,2023,77,92.5,2034-03-10 01:45:00,2034-03-10 02:22:00,0.62,Mysore Station 2,Fast,30,28.5,183.0,342,EV Fleet India,Mysore,Completed,Good,D2984,Cloudy,22.5,76.0,26.32,Healthy
EV2985,Tata Nexon EV,Tata,2023,40,93.5,2034-03-11 00:00:00,2034-03-11 00:23:00,0.38,Hubli Station 1,Fast,35,20.9,300.0,250.8,City EV,Hubli,Completed,Good,D2985,Cloudy,22.5,76.0,26.32,Healthy
EV2986,Mahindra XUV400,Mahindra,2023,39,92.1,2034-03-12 14:45:00,2034-03-12 15:01:00,0.27,Mysore Station 2,Fast,34,17.4,246.0,208.8,Eco Drive,Mysore,Completed,Good,D2986,Sunny,22.5,76.0,26.32,Healthy
EV2987,Kia EV6,Kia,2023,77,93.3,2034-03-13 00:30:00,2034-03-13 01:11:00,0.68,Mangalore Station 1,Fast,38,38.1,154.0,457.2,EV Fleet India,Mangalore,Completed,Good,D2987,Cloudy,22.5,76.0,26.32,Healthy
EV2988,BYD Seal,BYD,2023,82,96.8,2034-03-14 01:45:00,2034-03-14 02:40:00,0.92,Mangalore Station 2,Fast,28,45.6,302.0,547.20000000000005,Premium Fleet,Mangalore,Completed,Good,D2988,Cloudy,22.5,76.0,26.32,Healthy
EV2989,MG Comet EV,MG,2023,17,96.7,2034-03-15 08:15:00,2034-03-15 08:19:00,0.07,Mangalore Station 1,Fast,37,6.1,88.0,73.2,Green Mobility,Mangalore,Completed,Good,D2989,Rainy,22.5,76.0,26.32,Healthy
EV2990,Kia EV6,Kia,2023,77,96.3,2034-03-16 02:15:00,2034-03-16 03:56:00,1.68,Mysore Station 1,Normal,28,31.7,157.0,380.4,EV Fleet India,Mysore,Completed,Good,D2990,Cloudy,22.5,76.0,26.32,Healthy
EV2991,Mahindra XUV400,Mahindra,2023,39,96.9,2034-03-17 10:00:00,2034-03-17 10:11:00,0.18,Bangalore Station 1,Fast,29,12.9,216.0,154.80000000000001,Green Mobility,Bangalore,Completed,Good,D2991,Rainy,22.5,76.0,26.32,Healthy
EV2992,Tata Nexon EV,Tata,2023,40,96.5,2034-03-18 02:00:00,2034-03-18 02:12:00,0.2,Mysore Station 2,Fast,36,10.6,294.0,127.2,City EV,Mysore,Completed,Good,D2992,Sunny,22.5,76.0,26.32,Healthy
EV2993,Tata Nexon EV,Tata,2023,40,95.6,2034-03-19 04:45:00,2034-03-19 06:06:00,1.35,Mysore Station 2,Normal,32,25.5,187.0,306,EV Fleet India,Mysore,Completed,Good,D2993,Cloudy,22.5,76.0,26.32,Healthy
EV2994,MG Comet EV,MG,2023,17,96.5,2034-03-20 05:45:00,2034-03-20 06:01:00,0.27,Hubli Station 2,Normal,28,5.9,119.0,70.8,Eco Drive,Hubli,Completed,Good,D2994,Cloudy,22.5,76.0,26.32,Healthy
EV2995,Hyundai Kona EV,Hyundai,2023,39,92.0,2034-03-21 09:00:00,2034-03-21 09:25:00,0.42,Belagavi Station 2,Fast,29,25.1,181.0,301.2,City EV,Belagavi,Completed,Good,D2995,Sunny,22.5,76.0,26.32,Healthy
EV2996,MG ZS EV,MG,2023,50,93.8,2034-03-22 05:45:00,2034-03-22 07:09:00,1.4,Hubli Station 2,Normal,37,24.1,283.0,289.2,EV Fleet India,Hubli,Completed,Good,D2996,Sunny,22.5,76.0,26.32,Healthy
EV2997,Hyundai Kona EV,Hyundai,2023,39,97.5,2034-03-23 07:45:00,2034-03-23 08:01:00,0.27,Belagavi Station 2,Fast,35,16.3,257.0,195.6,Premium Fleet,Belagavi,Completed,Good,D2997,Sunny,22.5,76.0,26.32,Healthy
EV2998,Hyundai Kona EV,Hyundai,2023,39,93.7,2034-03-24 08:15:00,2034-03-24 09:15:00,1.0,Mysore Station 2,Normal,39,17.2,169.0,206.4,City EV,Mysore,Completed,Good,D2998,Cloudy,22.5,76.0,26.32,Healthy
EV2999,BYD Atto 3,BYD,2023,60,97.0,2034-03-25 06:45:00,2034-03-25 07:02:00,0.28,Mangalore Station 1,Fast,31,19.0,296.0,228,Premium Fleet,Mangalore,Completed,Good,D2999,Cloudy,22.5,76.0,26.32,Healthy
EV3000,Tata Punch EV,Tata,2023,35,93.2,2034-03-26 23:30:00,2034-03-27 00:42:00,1.2,Mangalore Station 1,Normal,31,20.6,332.0,247.2,City EV,Mangalore,Completed,Good,D3000,Cloudy,22.5,76.0,26.32,Healthy
EV3001,Kia EV6,Kia,2023,77,91.6,2034-03-27 15:30:00,2034-03-27 17:23:00,1.88,Hubli Station 1,Normal,28,33.0,217.0,396,Green Mobility,Hubli,Completed,Good,D3001,Sunny,22.5,76.0,26.32,Healthy
EV3002,Kia EV6,Kia,2023,77,91.9,2034-03-28 04:00:00,2034-03-28 04:44:00,0.73,Bangalore Station 1,Fast,37,31.1,75.0,373.2,Premium Fleet,Bangalore,Completed,Good,D3002,Cloudy,22.5,76.0,26.32,Healthy
EV3003,Tata Punch EV,Tata,2023,35,93.7,2034-03-29 02:15:00,2034-03-29 02:41:00,0.43,Mangalore Station 2,Fast,31,23.4,148.0,280.8,Green Mobility,Mangalore,Completed,Good,D3003,Cloudy,22.5,76.0,26.32,Healthy
EV3004,MG Comet EV,MG,2023,17,92.6,2034-03-30 08:15:00,2034-03-30 08:17:00,0.03,Hubli Station 1,Fast,35,4.8,331.0,57.6,City EV,Hubli,Completed,Good,D3004,Cloudy,22.5,76.0,26.32,Healthy
EV3005,Mahindra XUV400,Mahindra,2023,39,94.8,2034-03-31 02:00:00,2034-03-31 02:36:00,0.6,Belagavi Station 2,Fast,38,28.0,161.0,336,Green Mobility,Belagavi,Completed,Good,D3005,Sunny,22.5,76.0,26.32,Healthy
EV3006,BYD Seal,BYD,2023,82,94.2,2034-04-01 10:15:00,2034-04-01 10:56:00,0.68,Mangalore Station 1,Fast,37,34.3,220.0,411.6,EV Fleet India,Mangalore,Completed,Good,D3006,Rainy,22.5,76.0,26.32,Healthy
EV3007,Tata Punch EV,Tata,2023,35,95.4,2034-04-02 02:45:00,2034-04-02 02:59:00,0.23,Mangalore Station 1,Fast,28,9.2,302.0,110.4,City EV,Mangalore,Completed,Good,D3007,Rainy,22.5,76.0,26.32,Healthy
EV3008,Kia EV6,Kia,2023,77,91.7,2034-04-03 02:45:00,2034-04-03 03:43:00,0.97,Bangalore Station 1,Fast,37,53.2,164.0,638.4,Premium Fleet,Bangalore,Completed,Good,D3008,Rainy,22.5,76.0,26.32,Healthy
EV3009,MG ZS EV,MG,2023,50,92.1,2034-04-04 20:45:00,2034-04-04 22:46:00,2.02,Belagavi Station 1,Normal,33,34.1,230.0,409.2,EV Fleet India,Belagavi,Completed,Good,D3009,Rainy,22.5,76.0,26.32,Healthy
EV3010,Kia EV6,Kia,2023,77,93.3,2034-04-05 12:45:00,2034-04-05 15:21:00,2.6,Hubli Station 1,Normal,38,45.3,329.0,543.6,Green Mobility,Hubli,Completed,Good,D3010,Cloudy,22.5,76.0,26.32,Healthy
EV3011,BYD Atto 3,BYD,2023,60,95.3,2034-04-06 19:00:00,2034-04-06 19:42:00,0.7,Hubli Station 1,Fast,39,32.8,65.0,393.6,Premium Fleet,Hubli,Completed,Good,D3011,Sunny,22.5,76.0,26.32,Healthy
EV3012,MG Comet EV,MG,2023,17,96.7,2034-04-07 17:30:00,2034-04-07 18:04:00,0.57,Bangalore Station 1,Normal,32,10.0,68.0,120,Eco Drive,Bangalore,Completed,Good,D3012,Cloudy,22.5,76.0,26.32,Healthy
EV3013,Tata Curvv EV,Tata,2023,55,92.3,2034-04-08 21:45:00,2034-04-08 22:55:00,1.17,Mangalore Station 2,Normal,32,21.5,146.0,258,Premium Fleet,Mangalore,Completed,Good,D3013,Rainy,22.5,76.0,26.32,Healthy
EV3014,Tata Curvv EV,Tata,2023,55,91.9,2034-04-09 19:00:00,2034-04-09 19:46:00,0.77,Hubli Station 2,Fast,38,35.7,272.0,428.4,City EV,Hubli,Completed,Good,D3014,Sunny,22.5,76.0,26.32,Healthy
EV3015,Hyundai Kona EV,Hyundai,2023,39,94.1,2034-04-10 11:45:00,2034-04-10 12:08:00,0.38,Mysore Station 2,Fast,34,19.1,174.0,229.2,Eco Drive,Mysore,Completed,Good,D3015,Cloudy,22.5,76.0,26.32,Healthy
EV3016,MG Comet EV,MG,2023,17,93.3,2034-04-11 06:00:00,2034-04-11 06:25:00,0.42,Bangalore Station 1,Normal,30,6.5,247.0,78,Premium Fleet,Bangalore,Completed,Good,D3016,Rainy,22.5,76.0,26.32,Healthy
EV3017,BYD Atto 3,BYD,2023,60,95.4,2034-04-12 20:30:00,2034-04-12 21:08:00,0.63,Belagavi Station 2,Fast,31,28.3,81.0,339.6,EV Fleet India,Belagavi,Completed,Good,D3017,Sunny,22.5,76.0,26.32,Healthy
EV3018,Hyundai Kona EV,Hyundai,2023,39,96.1,2034-04-13 22:45:00,2034-04-13 23:55:00,1.17,Hubli Station 1,Normal,34,18.8,79.0,225.6,Premium Fleet,Hubli,Completed,Good,D3018,Cloudy,22.5,76.0,26.32,Healthy
EV3019,Tata Nexon EV,Tata,2023,40,95.0,2034-04-14 16:30:00,2034-04-14 17:13:00,0.72,Hubli Station 2,Normal,39,12.1,192.0,145.19999999999999,EV Fleet India,Hubli,Completed,Good,D3019,Rainy,22.5,76.0,26.32,Healthy
EV3020,Mahindra XUV400,Mahindra,2023,39,94.5,2034-04-15 16:45:00,2034-04-15 17:20:00,0.58,Belagavi Station 1,Fast,39,25.5,64.0,306,Green Mobility,Belagavi,Completed,Good,D3020,Cloudy,22.5,76.0,26.32,Healthy
EV3021,MG ZS EV,MG,2023,50,93.0,2034-04-16 01:15:00,2034-04-16 02:03:00,0.8,Belagavi Station 1,Fast,36,33.5,125.0,402,Premium Fleet,Belagavi,Completed,Good,D3021,Cloudy,22.5,76.0,26.32,Healthy
EV3022,MG Comet EV,MG,2023,17,92.2,2034-04-17 13:00:00,2034-04-17 13:30:00,0.5,Bangalore Station 2,Normal,35,9.2,232.0,110.4,Green Mobility,Bangalore,Completed,Good,D3022,Rainy,22.5,76.0,26.32,Healthy
EV3023,Tata Punch EV,Tata,2023,35,94.5,2034-04-18 03:00:00,2034-04-18 04:23:00,1.38,Bangalore Station 1,Normal,38,24.8,329.0,297.60000000000002,Eco Drive,Bangalore,Completed,Good,D3023,Rainy,22.5,76.0,26.32,Healthy
EV3024,Tata Curvv EV,Tata,2023,55,92.9,2034-04-19 13:45:00,2034-04-19 16:07:00,2.37,Hubli Station 2,Normal,36,40.9,216.0,490.8,EV Fleet India,Hubli,Completed,Good,D3024,Sunny,22.5,76.0,26.32,Healthy
EV3025,BYD Atto 3,BYD,2023,60,97.3,2034-04-20 07:00:00,2034-04-20 07:32:00,0.53,Mysore Station 2,Fast,31,31.0,95.0,372,Eco Drive,Mysore,Completed,Good,D3025,Cloudy,22.5,76.0,26.32,Healthy
EV3026,Kia EV6,Kia,2023,77,94.9,2034-04-21 05:15:00,2034-04-21 07:02:00,1.78,Hubli Station 1,Normal,34,29.9,170.0,358.8,City EV,Hubli,Completed,Good,D3026,Cloudy,22.5,76.0,26.32,Healthy
EV3027,BYD Atto 3,BYD,2023,60,93.2,2034-04-22 06:15:00,2034-04-22 06:56:00,0.68,Mysore Station 2,Fast,32,30.4,299.0,364.8,City EV,Mysore,Completed,Good,D3027,Rainy,22.5,76.0,26.32,Healthy
EV3028,Tata Punch EV,Tata,2023,35,97.1,2034-04-23 06:45:00,2034-04-23 07:27:00,0.7,Hubli Station 1,Normal,32,13.0,86.0,156,Premium Fleet,Hubli,Completed,Good,D3028,Sunny,22.5,76.0,26.32,Healthy
EV3029,Tata Curvv EV,Tata,2023,55,97.4,2034-04-24 10:00:00,2034-04-24 12:06:00,2.1,Belagavi Station 2,Normal,31,35.7,95.0,428.4,Premium Fleet,Belagavi,Completed,Good,D3029,Rainy,22.5,76.0,26.32,Healthy
EV3030,Tata Punch EV,Tata,2023,35,94.8,2034-04-25 20:30:00,2034-04-25 21:00:00,0.5,Mysore Station 2,Fast,39,19.1,299.0,229.2,Premium Fleet,Mysore,Completed,Good,D3030,Rainy,22.5,76.0,26.32,Healthy
EV3031,MG ZS EV,MG,2023,50,96.3,2034-04-26 12:15:00,2034-04-26 12:52:00,0.62,Mysore Station 2,Fast,37,27.0,222.0,324,Premium Fleet,Mysore,Completed,Good,D3031,Cloudy,22.5,76.0,26.32,Healthy
EV3032,BYD Atto 3,BYD,2023,60,92.1,2034-04-27 08:30:00,2034-04-27 11:18:00,2.8,Bangalore Station 2,Normal,28,49.2,185.0,590.4,Eco Drive,Bangalore,Completed,Good,D3032,Cloudy,22.5,76.0,26.32,Healthy
EV3033,MG Comet EV,MG,2023,17,94.3,2034-04-28 17:00:00,2034-04-28 17:16:00,0.27,Bangalore Station 1,Fast,35,9.7,66.0,116.4,Premium Fleet,Bangalore,Completed,Good,D3033,Rainy,22.5,76.0,26.32,Healthy
EV3034,Mahindra XUV400,Mahindra,2023,39,93.9,2034-04-29 21:30:00,2034-04-29 21:54:00,0.4,Mangalore Station 1,Fast,35,16.3,71.0,195.6,EV Fleet India,Mangalore,Completed,Good,D3034,Cloudy,22.5,76.0,26.32,Healthy
EV3035,Hyundai Kona EV,Hyundai,2023,39,94.9,2034-04-30 01:00:00,2034-04-30 01:37:00,0.62,Bangalore Station 2,Fast,38,32.7,297.0,392.4,EV Fleet India,Bangalore,Completed,Good,D3035,Sunny,22.5,76.0,26.32,Healthy
EV3036,Tata Nexon EV,Tata,2023,40,96.8,2034-05-01 15:45:00,2034-05-01 16:16:00,0.52,Hubli Station 1,Fast,31,22.6,287.0,271.2,City EV,Hubli,Completed,Good,D3036,Cloudy,22.5,76.0,26.32,Healthy
EV3037,Tata Curvv EV,Tata,2023,55,96.8,2034-05-02 21:30:00,2034-05-02 21:56:00,0.43,Mysore Station 2,Fast,38,19.7,291.0,236.4,City EV,Mysore,Completed,Good,D3037,Rainy,22.5,76.0,26.32,Healthy
EV3038,MG ZS EV,MG,2023,50,95.1,2034-05-03 18:45:00,2034-05-03 19:29:00,0.73,Bangalore Station 1,Fast,30,38.2,74.0,458.4,Premium Fleet,Bangalore,Completed,Good,D3038,Sunny,22.5,76.0,26.32,Healthy
EV3039,MG Comet EV,MG,2023,17,91.7,2034-05-04 05:30:00,2034-05-04 05:39:00,0.15,Mangalore Station 1,Fast,38,8.7,245.0,104.4,Premium Fleet,Mangalore,Completed,Good,D3039,Cloudy,22.5,76.0,26.32,Healthy
EV3040,Tata Punch EV,Tata,2023,35,93.3,2034-05-05 18:00:00,2034-05-05 18:31:00,0.52,Hubli Station 2,Fast,38,23.9,164.0,286.8,Premium Fleet,Hubli,Completed,Good,D3040,Cloudy,22.5,76.0,26.32,Healthy
EV3041,Tata Nexon EV,Tata,2023,40,93.9,2034-05-06 21:15:00,2034-05-06 21:48:00,0.55,Hubli Station 2,Fast,36,22.7,84.0,272.39999999999998,Eco Drive,Hubli,Completed,Good,D3041,Sunny,22.5,76.0,26.32,Healthy
EV3042,BYD Seal,BYD,2023,82,97.2,2034-05-07 14:45:00,2034-05-07 15:28:00,0.72,Hubli Station 2,Fast,34,31.5,72.0,378,Premium Fleet,Hubli,Completed,Good,D3042,Rainy,22.5,76.0,26.32,Healthy
EV3043,Tata Curvv EV,Tata,2023,55,93.3,2034-05-08 16:15:00,2034-05-08 17:55:00,1.67,Belagavi Station 1,Normal,32,31.7,101.0,380.4,EV Fleet India,Belagavi,Completed,Good,D3043,Cloudy,22.5,76.0,26.32,Healthy
EV3044,Hyundai Kona EV,Hyundai,2023,39,92.2,2034-05-09 13:45:00,2034-05-09 15:10:00,1.42,Belagavi Station 2,Normal,39,24.2,192.0,290.39999999999998,EV Fleet India,Belagavi,Completed,Good,D3044,Rainy,22.5,76.0,26.32,Healthy
EV3045,BYD Seal,BYD,2023,82,95.5,2034-05-10 16:45:00,2034-05-10 17:12:00,0.45,Belagavi Station 1,Fast,29,25.4,238.0,304.8,Eco Drive,Belagavi,Completed,Good,D3045,Cloudy,22.5,76.0,26.32,Healthy
EV3046,Tata Curvv EV,Tata,2023,55,93.4,2034-05-11 01:00:00,2034-05-11 01:47:00,0.78,Hubli Station 1,Normal,30,15.2,215.0,182.4,City EV,Hubli,Completed,Good,D3046,Sunny,22.5,76.0,26.32,Healthy
EV3047,MG Comet EV,MG,2023,17,91.7,2034-05-12 07:30:00,2034-05-12 08:05:00,0.58,Hubli Station 2,Normal,28,8.6,98.0,103.2,Eco Drive,Hubli,Completed,Good,D3047,Cloudy,22.5,76.0,26.32,Healthy
EV3048,BYD Seal,BYD,2023,82,94.0,2034-05-13 11:45:00,2034-05-13 13:51:00,2.1,Bangalore Station 2,Normal,33,36.1,209.0,433.2,Premium Fleet,Bangalore,Completed,Good,D3048,Sunny,22.5,76.0,26.32,Healthy
EV3049,Kia EV6,Kia,2023,77,94.1,2034-05-14 21:30:00,2034-05-14 22:16:00,0.77,Mangalore Station 1,Fast,29,39.8,331.0,477.6,City EV,Mangalore,Completed,Good,D3049,Rainy,22.5,76.0,26.32,Healthy
EV3050,MG ZS EV,MG,2023,50,92.0,2034-05-15 03:15:00,2034-05-15 04:27:00,1.2,Hubli Station 1,Normal,33,20.9,175.0,250.8,EV Fleet India,Hubli,Completed,Good,D3050,Cloudy,22.5,76.0,26.32,Healthy
EV3051,BYD Seal,BYD,2023,82,94.8,2034-05-16 00:15:00,2034-05-16 01:36:00,1.35,Mysore Station 2,Fast,37,67.5,250.0,810,Green Mobility,Mysore,Completed,Good,D3051,Rainy,22.5,76.0,26.32,Healthy
EV3052,Hyundai Kona EV,Hyundai,2023,39,96.6,2034-05-17 08:15:00,2034-05-17 09:52:00,1.62,Belagavi Station 2,Normal,35,28.7,251.0,344.4,City EV,Belagavi,Completed,Good,D3052,Sunny,22.5,76.0,26.32,Healthy
EV3053,Hyundai Kona EV,Hyundai,2023,39,93.7,2034-05-18 23:45:00,2034-05-19 00:42:00,0.95,Bangalore Station 2,Normal,29,17.5,176.0,210,Eco Drive,Bangalore,Completed,Good,D3053,Cloudy,22.5,76.0,26.32,Healthy
EV3054,BYD Atto 3,BYD,2023,60,91.9,2034-05-19 18:45:00,2034-05-19 19:43:00,0.97,Mangalore Station 1,Normal,35,17.9,305.0,214.8,Premium Fleet,Mangalore,Completed,Good,D3054,Rainy,22.5,76.0,26.32,Healthy
EV3055,Mahindra XUV400,Mahindra,2023,39,96.7,2034-05-20 18:45:00,2034-05-20 20:14:00,1.48,Mangalore Station 2,Normal,37,28.1,276.0,337.2,Premium Fleet,Mangalore,Completed,Good,D3055,Cloudy,22.5,76.0,26.32,Healthy
EV3056,MG Comet EV,MG,2023,17,95.5,2034-05-21 08:00:00,2034-05-21 08:20:00,0.33,Hubli Station 1,Normal,34,6.7,159.0,80.400000000000006,EV Fleet India,Hubli,Completed,Good,D3056,Rainy,22.5,76.0,26.32,Healthy
EV3057,BYD Seal,BYD,2023,82,93.4,2034-05-22 16:45:00,2034-05-22 18:51:00,2.1,Mysore Station 1,Normal,34,38.8,333.0,465.6,EV Fleet India,Mysore,Completed,Good,D3057,Rainy,22.5,76.0,26.32,Healthy
EV3058,Mahindra XUV400,Mahindra,2023,39,97.3,2034-05-23 22:30:00,2034-05-23 23:13:00,0.72,Bangalore Station 1,Normal,28,11.8,321.0,141.6,Eco Drive,Bangalore,Completed,Good,D3058,Sunny,22.5,76.0,26.32,Healthy
EV3059,Tata Curvv EV,Tata,2023,55,94.4,2034-05-24 12:45:00,2034-05-24 13:27:00,0.7,Hubli Station 1,Fast,29,31.8,91.0,381.6,Green Mobility,Hubli,Completed,Good,D3059,Sunny,22.5,76.0,26.32,Healthy
EV3060,Kia EV6,Kia,2023,77,94.6,2034-05-25 10:30:00,2034-05-25 11:15:00,0.75,Mysore Station 1,Fast,38,32.3,170.0,387.6,Eco Drive,Mysore,Completed,Good,D3060,Cloudy,22.5,76.0,26.32,Healthy
EV3061,BYD Seal,BYD,2023,82,93.4,2034-05-26 12:30:00,2034-05-26 13:44:00,1.23,Bangalore Station 2,Fast,38,56.9,164.0,682.8,City EV,Bangalore,Completed,Good,D3061,Rainy,22.5,76.0,26.32,Healthy
EV3062,BYD Atto 3,BYD,2023,60,93.7,2034-05-27 00:00:00,2034-05-27 00:22:00,0.37,Hubli Station 1,Fast,37,22.5,219.0,270,Green Mobility,Hubli,Completed,Good,D3062,Rainy,22.5,76.0,26.32,Healthy
EV3063,Tata Nexon EV,Tata,2023,40,93.5,2034-05-28 21:45:00,2034-05-28 22:21:00,0.6,Belagavi Station 2,Fast,34,23.7,280.0,284.39999999999998,City EV,Belagavi,Completed,Good,D3063,Cloudy,22.5,76.0,26.32,Healthy
EV3064,BYD Atto 3,BYD,2023,60,94.8,2034-05-29 08:30:00,2034-05-29 09:25:00,0.92,Belagavi Station 2,Normal,35,16.9,290.0,202.8,EV Fleet India,Belagavi,Completed,Good,D3064,Cloudy,22.5,76.0,26.32,Healthy
EV3065,Kia EV6,Kia,2023,77,96.2,2034-05-30 10:30:00,2034-05-30 12:16:00,1.77,Belagavi Station 2,Normal,27,31.5,299.0,378,Premium Fleet,Belagavi,Completed,Good,D3065,Sunny,22.5,76.0,26.32,Healthy
EV3066,BYD Seal,BYD,2023,82,96.0,2034-05-31 09:00:00,2034-05-31 09:29:00,0.48,Mysore Station 1,Fast,37,21.0,319.0,252,City EV,Mysore,Completed,Good,D3066,Rainy,22.5,76.0,26.32,Healthy
EV3067,Mahindra XUV400,Mahindra,2023,39,97.0,2034-06-01 17:00:00,2034-06-01 18:23:00,1.38,Hubli Station 2,Normal,28,26.2,135.0,314.39999999999998,Green Mobility,Hubli,Completed,Good,D3067,Rainy,22.5,76.0,26.32,Healthy
EV3068,BYD Atto 3,BYD,2023,60,95.7,2034-06-02 23:45:00,2034-06-03 00:42:00,0.95,Mangalore Station 1,Normal,31,16.4,254.0,196.8,Green Mobility,Mangalore,Completed,Good,D3068,Cloudy,22.5,76.0,26.32,Healthy
EV3069,MG ZS EV,MG,2023,50,95.4,2034-06-03 16:45:00,2034-06-03 17:25:00,0.67,Hubli Station 1,Normal,38,12.1,188.0,145.19999999999999,Green Mobility,Hubli,Completed,Good,D3069,Sunny,22.5,76.0,26.32,Healthy
EV3070,Tata Punch EV,Tata,2023,35,97.3,2034-06-04 06:00:00,2034-06-04 06:23:00,0.38,Bangalore Station 2,Fast,37,13.7,327.0,164.4,EV Fleet India,Bangalore,Completed,Good,D3070,Sunny,22.5,76.0,26.32,Healthy
EV3071,MG ZS EV,MG,2023,50,96.0,2034-06-05 14:00:00,2034-06-05 14:36:00,0.6,Mangalore Station 1,Fast,38,29.5,62.0,354,City EV,Mangalore,Completed,Good,D3071,Cloudy,22.5,76.0,26.32,Healthy
EV3072,Tata Nexon EV,Tata,2023,40,93.9,2034-06-06 05:45:00,2034-06-06 06:10:00,0.42,Bangalore Station 1,Fast,32,25.1,305.0,301.2,Green Mobility,Bangalore,Completed,Good,D3072,Rainy,22.5,76.0,26.32,Healthy
EV3073,BYD Atto 3,BYD,2023,60,93.6,2034-06-07 22:00:00,2034-06-07 22:41:00,0.68,Mysore Station 2,Fast,30,37.0,87.0,444,Premium Fleet,Mysore,Completed,Good,D3073,Rainy,22.5,76.0,26.32,Healthy
EV3074,Tata Punch EV,Tata,2023,35,95.6,2034-06-08 17:30:00,2034-06-08 17:55:00,0.42,Belagavi Station 2,Fast,38,16.3,66.0,195.6,Premium Fleet,Belagavi,Completed,Good,D3074,Rainy,22.5,76.0,26.32,Healthy
EV3075,Mahindra XUV400,Mahindra,2023,39,93.6,2034-06-09 09:00:00,2034-06-09 09:33:00,0.55,Bangalore Station 1,Fast,36,21.6,289.0,259.2,EV Fleet India,Bangalore,Completed,Good,D3075,Sunny,22.5,76.0,26.32,Healthy
EV3076,Tata Nexon EV,Tata,2023,40,95.2,2034-06-10 09:30:00,2034-06-10 10:45:00,1.25,Belagavi Station 1,Normal,32,23.1,170.0,277.2,EV Fleet India,Belagavi,Completed,Good,D3076,Cloudy,22.5,76.0,26.32,Healthy
EV3077,Mahindra XUV400,Mahindra,2023,39,94.3,2034-06-11 22:00:00,2034-06-11 22:27:00,0.45,Bangalore Station 2,Fast,30,26.9,237.0,322.8,Eco Drive,Bangalore,Completed,Good,D3077,Cloudy,22.5,76.0,26.32,Healthy
EV3078,Mahindra XUV400,Mahindra,2023,39,94.9,2034-06-12 10:15:00,2034-06-12 11:24:00,1.15,Bangalore Station 1,Normal,31,20.9,300.0,250.8,EV Fleet India,Bangalore,Completed,Good,D3078,Sunny,22.5,76.0,26.32,Healthy
EV3079,Tata Punch EV,Tata,2023,35,94.8,2034-06-13 10:00:00,2034-06-13 10:23:00,0.38,Belagavi Station 1,Fast,29,20.0,316.0,240,Eco Drive,Belagavi,Completed,Good,D3079,Sunny,22.5,76.0,26.32,Healthy
EV3080,BYD Seal,BYD,2023,82,92.2,2034-06-14 22:15:00,2034-06-15 00:20:00,2.08,Mysore Station 2,Normal,38,38.4,176.0,460.8,City EV,Mysore,Completed,Good,D3080,Rainy,22.5,76.0,26.32,Healthy
EV3081,Tata Nexon EV,Tata,2023,40,92.1,2034-06-15 14:45:00,2034-06-15 15:17:00,0.53,Bangalore Station 2,Fast,38,23.2,164.0,278.39999999999998,Eco Drive,Bangalore,Completed,Good,D3081,Rainy,22.5,76.0,26.32,Healthy
EV3082,Tata Punch EV,Tata,2023,35,94.5,2034-06-16 17:15:00,2034-06-16 17:40:00,0.42,Mangalore Station 1,Fast,30,16.7,115.0,200.4,Green Mobility,Mangalore,Completed,Good,D3082,Rainy,22.5,76.0,26.32,Healthy
EV3083,BYD Seal,BYD,2023,82,94.2,2034-06-17 22:15:00,2034-06-17 22:52:00,0.62,Bangalore Station 1,Fast,29,34.4,232.0,412.8,Green Mobility,Bangalore,Completed,Good,D3083,Sunny,22.5,76.0,26.32,Healthy
EV3084,Kia EV6,Kia,2023,77,96.6,2034-06-18 14:30:00,2034-06-18 16:17:00,1.78,Bangalore Station 2,Normal,35,31.7,120.0,380.4,Eco Drive,Bangalore,Completed,Good,D3084,Cloudy,22.5,76.0,26.32,Healthy
EV3085,Kia EV6,Kia,2023,77,95.6,2034-06-19 16:15:00,2034-06-19 17:12:00,0.95,Mangalore Station 2,Fast,36,47.5,261.0,570,Eco Drive,Mangalore,Completed,Good,D3085,Sunny,22.5,76.0,26.32,Healthy
EV3086,MG ZS EV,MG,2023,50,96.3,2034-06-20 02:30:00,2034-06-20 02:53:00,0.38,Hubli Station 2,Fast,35,23.5,91.0,282,Eco Drive,Hubli,Completed,Good,D3086,Cloudy,22.5,76.0,26.32,Healthy
EV3087,Mahindra XUV400,Mahindra,2023,39,94.7,2034-06-21 21:30:00,2034-06-21 22:52:00,1.37,Belagavi Station 2,Normal,33,23.5,332.0,282,EV Fleet India,Belagavi,Completed,Good,D3087,Sunny,22.5,76.0,26.32,Healthy
EV3088,MG ZS EV,MG,2023,50,93.3,2034-06-22 02:30:00,2034-06-22 03:17:00,0.78,Bangalore Station 1,Fast,39,39.7,188.0,476.4,Premium Fleet,Bangalore,Completed,Good,D3088,Rainy,22.5,76.0,26.32,Healthy
EV3089,BYD Seal,BYD,2023,82,93.0,2034-06-23 02:15:00,2034-06-23 03:57:00,1.7,Mysore Station 1,Normal,37,28.7,80.0,344.4,EV Fleet India,Mysore,Completed,Good,D3089,Rainy,22.5,76.0,26.32,Healthy
EV3090,Tata Punch EV,Tata,2023,35,92.5,2034-06-24 12:45:00,2034-06-24 13:18:00,0.55,Hubli Station 1,Fast,27,24.0,242.0,288,Eco Drive,Hubli,Completed,Good,D3090,Rainy,22.5,76.0,26.32,Healthy
EV3091,BYD Atto 3,BYD,2023,60,91.8,2034-06-25 18:30:00,2034-06-25 19:07:00,0.62,Bangalore Station 2,Fast,33,29.7,254.0,356.4,Green Mobility,Bangalore,Completed,Good,D3091,Rainy,22.5,76.0,26.32,Healthy
EV3092,MG Comet EV,MG,2023,17,93.6,2034-06-26 01:00:00,2034-06-26 01:03:00,0.05,Mangalore Station 1,Fast,35,5.8,248.0,69.599999999999994,EV Fleet India,Mangalore,Completed,Good,D3092,Sunny,22.5,76.0,26.32,Healthy
EV3093,Tata Punch EV,Tata,2023,35,92.9,2034-06-27 08:30:00,2034-06-27 09:06:00,0.6,Belagavi Station 1,Normal,27,9.0,137.0,108,EV Fleet India,Belagavi,Completed,Good,D3093,Rainy,22.5,76.0,26.32,Healthy
EV3094,Tata Nexon EV,Tata,2023,40,94.2,2034-06-28 19:30:00,2034-06-28 20:10:00,0.67,Mysore Station 2,Fast,27,30.8,225.0,369.6,Premium Fleet,Mysore,Completed,Good,D3094,Cloudy,22.5,76.0,26.32,Healthy
EV3095,BYD Seal,BYD,2023,82,93.4,2034-06-29 16:00:00,2034-06-29 16:24:00,0.4,Mysore Station 1,Fast,29,19.0,259.0,228,City EV,Mysore,Completed,Good,D3095,Cloudy,22.5,76.0,26.32,Healthy
EV3096,Hyundai Kona EV,Hyundai,2023,39,95.0,2034-06-30 04:45:00,2034-06-30 05:38:00,0.88,Bangalore Station 1,Normal,32,14.4,281.0,172.8,Premium Fleet,Bangalore,Completed,Good,D3096,Cloudy,22.5,76.0,26.32,Healthy
EV3097,MG ZS EV,MG,2023,50,97.5,2034-07-01 03:00:00,2034-07-01 03:30:00,0.5,Mysore Station 2,Fast,28,22.6,312.0,271.2,City EV,Mysore,Completed,Good,D3097,Sunny,22.5,76.0,26.32,Healthy
EV3098,MG ZS EV,MG,2023,50,96.2,2034-07-02 04:45:00,2034-07-02 05:30:00,0.75,Bangalore Station 1,Normal,30,14.6,214.0,175.2,Premium Fleet,Bangalore,Completed,Good,D3098,Sunny,22.5,76.0,26.32,Healthy
EV3099,Tata Nexon EV,Tata,2023,40,94.4,2034-07-03 20:15:00,2034-07-03 20:48:00,0.55,Mysore Station 2,Fast,35,30.1,199.0,361.2,EV Fleet India,Mysore,Completed,Good,D3099,Sunny,22.5,76.0,26.32,Healthy
EV3100,Tata Curvv EV,Tata,2023,55,96.9,2034-07-04 16:45:00,2034-07-04 18:00:00,1.25,Belagavi Station 2,Normal,36,22.7,232.0,272.39999999999998,Eco Drive,Belagavi,Completed,Good,D3100,Rainy,22.5,76.0,26.32,Healthy
EV3101,MG Comet EV,MG,2023,17,95.5,2034-07-05 23:30:00,2034-07-06 00:05:00,0.58,Hubli Station 1,Normal,32,9.8,212.0,117.6,EV Fleet India,Hubli,Completed,Good,D3101,Cloudy,22.5,76.0,26.32,Healthy
EV3102,Mahindra XUV400,Mahindra,2023,39,95.6,2034-07-06 18:00:00,2034-07-06 19:22:00,1.37,Mangalore Station 1,Normal,30,24.6,98.0,295.2,Eco Drive,Mangalore,Completed,Good,D3102,Cloudy,22.5,76.0,26.32,Healthy
EV3103,BYD Seal,BYD,2023,82,97.4,2034-07-07 01:00:00,2034-07-07 03:12:00,2.2,Mysore Station 1,Normal,36,40.4,126.0,484.8,Premium Fleet,Mysore,Completed,Good,D3103,Rainy,22.5,76.0,26.32,Healthy
EV3104,Hyundai Kona EV,Hyundai,2023,39,91.8,2034-07-08 04:00:00,2034-07-08 04:24:00,0.4,Bangalore Station 1,Fast,33,16.4,100.0,196.8,Premium Fleet,Bangalore,Completed,Good,D3104,Rainy,22.5,76.0,26.32,Healthy
EV3105,Hyundai Kona EV,Hyundai,2023,39,92.3,2034-07-09 21:45:00,2034-07-09 23:01:00,1.27,Hubli Station 1,Normal,35,22.9,229.0,274.8,City EV,Hubli,Completed,Good,D3105,Cloudy,22.5,76.0,26.32,Healthy
EV3106,Tata Punch EV,Tata,2023,35,93.6,2034-07-10 06:15:00,2034-07-10 07:15:00,1.0,Bangalore Station 2,Normal,33,17.9,99.0,214.8,Premium Fleet,Bangalore,Completed,Good,D3106,Sunny,22.5,76.0,26.32,Healthy
EV3107,Tata Punch EV,Tata,2023,35,93.2,2034-07-11 21:30:00,2034-07-11 22:48:00,1.3,Belagavi Station 1,Normal,33,23.3,68.0,279.60000000000002,EV Fleet India,Belagavi,Completed,Good,D3107,Cloudy,22.5,76.0,26.32,Healthy
EV3108,Kia EV6,Kia,2023,77,92.3,2034-07-12 09:30:00,2034-07-12 12:51:00,3.35,Belagavi Station 2,Normal,32,59.2,336.0,710.4,EV Fleet India,Belagavi,Completed,Good,D3108,Rainy,22.5,76.0,26.32,Healthy
EV3109,Tata Nexon EV,Tata,2023,40,95.6,2034-07-13 07:15:00,2034-07-13 08:58:00,1.72,Mysore Station 2,Normal,37,31.6,240.0,379.2,EV Fleet India,Mysore,Completed,Good,D3109,Rainy,22.5,76.0,26.32,Healthy
EV3110,Tata Nexon EV,Tata,2023,40,96.7,2034-07-14 01:15:00,2034-07-14 02:44:00,1.48,Bangalore Station 2,Normal,37,27.3,111.0,327.60000000000002,Green Mobility,Bangalore,Completed,Good,D3110,Rainy,22.5,76.0,26.32,Healthy
EV3111,MG ZS EV,MG,2023,50,91.8,2034-07-15 04:00:00,2034-07-15 05:18:00,1.3,Hubli Station 1,Normal,32,24.6,133.0,295.2,City EV,Hubli,Completed,Good,D3111,Cloudy,22.5,76.0,26.32,Healthy
EV3112,Tata Curvv EV,Tata,2023,55,96.0,2034-07-16 19:15:00,2034-07-16 20:01:00,0.77,Belagavi Station 2,Fast,39,41.0,298.0,492,EV Fleet India,Belagavi,Completed,Good,D3112,Cloudy,22.5,76.0,26.32,Healthy
EV3113,Hyundai Kona EV,Hyundai,2023,39,93.6,2034-07-17 15:30:00,2034-07-17 16:08:00,0.63,Mysore Station 2,Fast,34,29.0,78.0,348,Premium Fleet,Mysore,Completed,Good,D3113,Cloudy,22.5,76.0,26.32,Healthy
EV3114,BYD Atto 3,BYD,2023,60,92.4,2034-07-18 07:00:00,2034-07-18 07:50:00,0.83,Mangalore Station 1,Fast,31,44.1,238.0,529.20000000000005,Premium Fleet,Mangalore,Completed,Good,D3114,Rainy,22.5,76.0,26.32,Healthy
EV3115,Tata Curvv EV,Tata,2023,55,94.4,2034-07-19 02:00:00,2034-07-19 03:58:00,1.97,Mysore Station 2,Normal,28,35.7,241.0,428.4,Eco Drive,Mysore,Completed,Good,D3115,Cloudy,22.5,76.0,26.32,Healthy
EV3116,Hyundai Kona EV,Hyundai,2023,39,92.2,2034-07-20 10:00:00,2034-07-20 10:57:00,0.95,Hubli Station 1,Normal,39,17.2,348.0,206.4,Eco Drive,Hubli,Completed,Good,D3116,Sunny,22.5,76.0,26.32,Healthy
EV3117,Tata Punch EV,Tata,2023,35,92.8,2034-07-21 03:30:00,2034-07-21 04:27:00,0.95,Mysore Station 2,Normal,36,15.3,203.0,183.6,EV Fleet India,Mysore,Completed,Good,D3117,Cloudy,22.5,76.0,26.32,Healthy
EV3118,Tata Punch EV,Tata,2023,35,93.9,2034-07-22 18:45:00,2034-07-22 18:56:00,0.18,Belagavi Station 2,Fast,28,11.8,77.0,141.6,Eco Drive,Belagavi,Completed,Good,D3118,Rainy,22.5,76.0,26.32,Healthy
EV3119,Tata Punch EV,Tata,2023,35,97.4,2034-07-23 20:45:00,2034-07-23 21:05:00,0.33,Mysore Station 1,Fast,39,16.2,343.0,194.4,EV Fleet India,Mysore,Completed,Good,D3119,Sunny,22.5,76.0,26.32,Healthy
EV3120,MG Comet EV,MG,2023,17,94.4,2034-07-24 00:00:00,2034-07-24 00:10:00,0.17,Mysore Station 1,Fast,29,6.6,212.0,79.2,City EV,Mysore,Completed,Good,D3120,Cloudy,22.5,76.0,26.32,Healthy
EV3121,Hyundai Kona EV,Hyundai,2023,39,94.0,2034-07-25 21:15:00,2034-07-25 22:41:00,1.43,Belagavi Station 2,Normal,39,26.1,296.0,313.2,EV Fleet India,Belagavi,Completed,Good,D3121,Cloudy,22.5,76.0,26.32,Healthy
EV3122,Tata Punch EV,Tata,2023,35,95.4,2034-07-26 09:30:00,2034-07-26 09:56:00,0.43,Mysore Station 1,Fast,38,17.1,122.0,205.2,Eco Drive,Mysore,Completed,Good,D3122,Sunny,22.5,76.0,26.32,Healthy
EV3123,MG Comet EV,MG,2023,17,96.6,2034-07-27 20:30:00,2034-07-27 20:47:00,0.28,Mysore Station 2,Normal,31,5.2,86.0,62.4,Eco Drive,Mysore,Completed,Good,D3123,Rainy,22.5,76.0,26.32,Healthy
EV3124,Tata Nexon EV,Tata,2023,40,94.1,2034-07-28 15:00:00,2034-07-28 15:10:00,0.17,Belagavi Station 2,Fast,35,12.8,131.0,153.6,Green Mobility,Belagavi,Completed,Good,D3124,Cloudy,22.5,76.0,26.32,Healthy
EV3125,Tata Punch EV,Tata,2023,35,97.4,2034-07-29 11:45:00,2034-07-29 12:12:00,0.45,Belagavi Station 1,Fast,37,23.8,84.0,285.60000000000002,City EV,Belagavi,Completed,Good,D3125,Cloudy,22.5,76.0,26.32,Healthy
EV3126,Mahindra XUV400,Mahindra,2023,39,92.7,2034-07-30 20:15:00,2034-07-30 20:52:00,0.62,Hubli Station 1,Fast,30,27.3,210.0,327.60000000000002,EV Fleet India,Hubli,Completed,Good,D3126,Sunny,22.5,76.0,26.32,Healthy
EV3127,Tata Punch EV,Tata,2023,35,92.2,2034-07-31 20:45:00,2034-07-31 21:34:00,0.82,Mysore Station 1,Normal,35,15.6,217.0,187.2,EV Fleet India,Mysore,Completed,Good,D3127,Sunny,22.5,76.0,26.32,Healthy
EV3128,Kia EV6,Kia,2023,77,95.2,2034-08-01 17:30:00,2034-08-01 19:49:00,2.32,Mangalore Station 2,Normal,30,39.8,333.0,477.6,Premium Fleet,Mangalore,Completed,Good,D3128,Cloudy,22.5,76.0,26.32,Healthy
EV3129,MG ZS EV,MG,2023,50,94.1,2034-08-02 21:30:00,2034-08-02 21:44:00,0.23,Mangalore Station 2,Fast,39,14.1,311.0,169.2,Eco Drive,Mangalore,Completed,Good,D3129,Cloudy,22.5,76.0,26.32,Healthy
EV3130,Tata Punch EV,Tata,2023,35,92.1,2034-08-03 02:00:00,2034-08-03 02:19:00,0.32,Bangalore Station 2,Fast,35,17.4,307.0,208.8,EV Fleet India,Bangalore,Completed,Good,D3130,Rainy,22.5,76.0,26.32,Healthy
EV3131,BYD Atto 3,BYD,2023,60,92.1,2034-08-04 08:45:00,2034-08-04 09:07:00,0.37,Bangalore Station 2,Fast,29,20.5,328.0,246,City EV,Bangalore,Completed,Good,D3131,Rainy,22.5,76.0,26.32,Healthy
EV3132,BYD Seal,BYD,2023,82,95.0,2034-08-05 00:00:00,2034-08-05 00:45:00,0.75,Bangalore Station 1,Fast,39,34.1,148.0,409.2,City EV,Bangalore,Completed,Good,D3132,Sunny,22.5,76.0,26.32,Healthy
EV3133,Hyundai Kona EV,Hyundai,2023,39,95.5,2034-08-06 17:30:00,2034-08-06 17:55:00,0.42,Bangalore Station 2,Fast,33,18.8,202.0,225.6,Premium Fleet,Bangalore,Completed,Good,D3133,Cloudy,22.5,76.0,26.32,Healthy
EV3134,MG ZS EV,MG,2023,50,97.3,2034-08-07 18:45:00,2034-08-07 19:05:00,0.33,Belagavi Station 1,Fast,27,17.8,209.0,213.6,Eco Drive,Belagavi,Completed,Good,D3134,Rainy,22.5,76.0,26.32,Healthy
EV3135,Mahindra XUV400,Mahindra,2023,39,96.0,2034-08-08 15:15:00,2034-08-08 16:38:00,1.38,Belagavi Station 2,Normal,31,26.1,261.0,313.2,Eco Drive,Belagavi,Completed,Good,D3135,Sunny,22.5,76.0,26.32,Healthy
EV3136,Mahindra XUV400,Mahindra,2023,39,96.4,2034-08-09 02:45:00,2034-08-09 03:09:00,0.4,Hubli Station 1,Fast,36,24.8,161.0,297.60000000000002,Eco Drive,Hubli,Completed,Good,D3136,Cloudy,22.5,76.0,26.32,Healthy
EV3137,MG ZS EV,MG,2023,50,96.9,2034-08-10 14:45:00,2034-08-10 15:21:00,0.6,Mangalore Station 1,Fast,32,23.9,316.0,286.8,City EV,Mangalore,Completed,Good,D3137,Rainy,22.5,76.0,26.32,Healthy
EV3138,MG ZS EV,MG,2023,50,97.4,2034-08-11 08:45:00,2034-08-11 10:16:00,1.52,Hubli Station 1,Normal,29,25.4,73.0,304.8,City EV,Hubli,Completed,Good,D3138,Cloudy,22.5,76.0,26.32,Healthy
EV3139,BYD Seal,BYD,2023,82,91.6,2034-08-12 02:30:00,2034-08-12 03:25:00,0.92,Mysore Station 1,Fast,37,48.5,243.0,582,City EV,Mysore,Completed,Good,D3139,Rainy,22.5,76.0,26.32,Healthy
EV3140,Tata Punch EV,Tata,2023,35,95.1,2034-08-13 20:00:00,2034-08-13 20:32:00,0.53,Mysore Station 1,Fast,27,24.2,123.0,290.39999999999998,Eco Drive,Mysore,Completed,Good,D3140,Sunny,22.5,76.0,26.32,Healthy
EV3141,BYD Seal,BYD,2023,82,96.8,2034-08-14 05:00:00,2034-08-14 06:26:00,1.43,Hubli Station 1,Fast,32,66.2,205.0,794.4,Green Mobility,Hubli,Completed,Good,D3141,Sunny,22.5,76.0,26.32,Healthy
EV3142,Hyundai Kona EV,Hyundai,2023,39,92.0,2034-08-15 08:30:00,2034-08-15 08:58:00,0.47,Bangalore Station 2,Fast,38,17.4,279.0,208.8,EV Fleet India,Bangalore,Completed,Good,D3142,Rainy,22.5,76.0,26.32,Healthy
EV3143,Tata Curvv EV,Tata,2023,55,93.9,2034-08-16 15:45:00,2034-08-16 17:26:00,1.68,Mangalore Station 2,Normal,38,28.0,317.0,336,Eco Drive,Mangalore,Completed,Good,D3143,Cloudy,22.5,76.0,26.32,Healthy
EV3144,Tata Curvv EV,Tata,2023,55,96.0,2034-08-17 19:30:00,2034-08-17 21:29:00,1.98,Bangalore Station 2,Normal,37,34.5,153.0,414,City EV,Bangalore,Completed,Good,D3144,Rainy,22.5,76.0,26.32,Healthy
EV3145,Tata Punch EV,Tata,2023,35,93.8,2034-08-18 04:45:00,2034-08-18 05:11:00,0.43,Hubli Station 2,Fast,39,26.1,174.0,313.2,Green Mobility,Hubli,Completed,Good,D3145,Cloudy,22.5,76.0,26.32,Healthy
EV3146,MG ZS EV,MG,2023,50,97.3,2034-08-19 08:30:00,2034-08-19 10:11:00,1.68,Mangalore Station 2,Normal,38,30.4,342.0,364.8,Green Mobility,Mangalore,Completed,Good,D3146,Sunny,22.5,76.0,26.32,Healthy
EV3147,Tata Nexon EV,Tata,2023,40,94.5,2034-08-20 00:00:00,2034-08-20 00:33:00,0.55,Bangalore Station 2,Fast,37,24.2,218.0,290.39999999999998,Eco Drive,Bangalore,Completed,Good,D3147,Sunny,22.5,76.0,26.32,Healthy
EV3148,Mahindra XUV400,Mahindra,2023,39,93.6,2034-08-21 12:00:00,2034-08-21 12:48:00,0.8,Mysore Station 2,Normal,38,15.0,338.0,180,Eco Drive,Mysore,Completed,Good,D3148,Sunny,22.5,76.0,26.32,Healthy
EV3149,Tata Punch EV,Tata,2023,35,94.2,2034-08-22 14:30:00,2034-08-22 15:11:00,0.68,Mysore Station 2,Fast,39,28.7,275.0,344.4,Green Mobility,Mysore,Completed,Good,D3149,Cloudy,22.5,76.0,26.32,Healthy
EV3150,Tata Punch EV,Tata,2023,35,95.2,2034-08-23 14:00:00,2034-08-23 14:51:00,0.85,Mysore Station 2,Normal,30,15.9,207.0,190.8,Eco Drive,Mysore,Completed,Good,D3150,Rainy,22.5,76.0,26.32,Healthy
EV3151,Kia EV6,Kia,2023,77,95.9,2034-08-24 23:15:00,2034-08-25 01:25:00,2.17,Hubli Station 2,Normal,35,38.5,288.0,462,Green Mobility,Hubli,Completed,Good,D3151,Rainy,22.5,76.0,26.32,Healthy
EV3152,MG ZS EV,MG,2023,50,94.1,2034-08-25 07:30:00,2034-08-25 08:04:00,0.57,Hubli Station 2,Normal,35,11.8,61.0,141.6,EV Fleet India,Hubli,Completed,Good,D3152,Cloudy,22.5,76.0,26.32,Healthy
EV3153,Tata Punch EV,Tata,2023,35,91.6,2034-08-26 14:00:00,2034-08-26 14:22:00,0.37,Mangalore Station 1,Fast,37,19.9,335.0,238.8,Eco Drive,Mangalore,Completed,Good,D3153,Rainy,22.5,76.0,26.32,Healthy
EV3154,MG Comet EV,MG,2023,17,94.9,2034-08-27 20:45:00,2034-08-27 20:57:00,0.2,Bangalore Station 1,Fast,32,9.5,154.0,114,Eco Drive,Bangalore,Completed,Good,D3154,Sunny,22.5,76.0,26.32,Healthy
EV3155,Kia EV6,Kia,2023,77,95.2,2034-08-28 23:15:00,2034-08-29 01:49:00,2.57,Bangalore Station 1,Normal,35,47.1,188.0,565.20000000000005,Eco Drive,Bangalore,Completed,Good,D3155,Cloudy,22.5,76.0,26.32,Healthy
EV3156,Tata Curvv EV,Tata,2023,55,95.3,2034-08-29 18:30:00,2034-08-29 19:06:00,0.6,Hubli Station 2,Fast,35,27.3,236.0,327.60000000000002,Premium Fleet,Hubli,Completed,Good,D3156,Rainy,22.5,76.0,26.32,Healthy
EV3157,MG ZS EV,MG,2023,50,93.1,2034-08-30 14:45:00,2034-08-30 15:24:00,0.65,Hubli Station 2,Fast,27,34.1,270.0,409.2,Green Mobility,Hubli,Completed,Good,D3157,Rainy,22.5,76.0,26.32,Healthy
EV3158,MG Comet EV,MG,2023,17,94.4,2034-08-31 15:15:00,2034-08-31 15:42:00,0.45,Mangalore Station 2,Normal,36,6.1,157.0,73.2,EV Fleet India,Mangalore,Completed,Good,D3158,Sunny,22.5,76.0,26.32,Healthy
EV3159,Kia EV6,Kia,2023,77,92.6,2034-09-01 18:45:00,2034-09-01 19:46:00,1.02,Bangalore Station 1,Fast,39,53.8,98.0,645.6,Green Mobility,Bangalore,Completed,Good,D3159,Sunny,22.5,76.0,26.32,Healthy
EV3160,Tata Punch EV,Tata,2023,35,95.7,2034-09-02 04:30:00,2034-09-02 04:49:00,0.32,Belagavi Station 1,Fast,35,19.1,69.0,229.2,Green Mobility,Belagavi,Completed,Good,D3160,Cloudy,22.5,76.0,26.32,Healthy
EV3161,BYD Seal,BYD,2023,82,96.0,2034-09-03 09:15:00,2034-09-03 09:47:00,0.53,Mysore Station 2,Fast,27,29.2,111.0,350.4,Green Mobility,Mysore,Completed,Good,D3161,Sunny,22.5,76.0,26.32,Healthy
EV3162,Tata Nexon EV,Tata,2023,40,96.1,2034-09-04 08:15:00,2034-09-04 08:41:00,0.43,Belagavi Station 2,Fast,27,22.2,323.0,266.39999999999998,Green Mobility,Belagavi,Completed,Good,D3162,Cloudy,22.5,76.0,26.32,Healthy
EV3163,Tata Curvv EV,Tata,2023,55,91.5,2034-09-05 00:15:00,2034-09-05 01:00:00,0.75,Hubli Station 1,Fast,27,41.5,176.0,498,Premium Fleet,Hubli,Completed,Good,D3163,Rainy,22.5,76.0,26.32,Healthy
EV3164,BYD Seal,BYD,2023,82,96.4,2034-09-06 08:00:00,2034-09-06 09:45:00,1.75,Mangalore Station 2,Normal,31,32.7,249.0,392.4,EV Fleet India,Mangalore,Completed,Good,D3164,Cloudy,22.5,76.0,26.32,Healthy
EV3165,BYD Atto 3,BYD,2023,60,95.3,2034-09-07 12:15:00,2034-09-07 12:46:00,0.52,Mysore Station 2,Fast,32,26.3,157.0,315.60000000000002,EV Fleet India,Mysore,Completed,Good,D3165,Sunny,22.5,76.0,26.32,Healthy
EV3166,Mahindra XUV400,Mahindra,2023,39,92.2,2034-09-08 17:30:00,2034-09-08 18:27:00,0.95,Bangalore Station 2,Normal,31,17.6,247.0,211.2,EV Fleet India,Bangalore,Completed,Good,D3166,Cloudy,22.5,76.0,26.32,Healthy
EV3167,MG Comet EV,MG,2023,17,97.3,2034-09-09 08:00:00,2034-09-09 08:14:00,0.23,Belagavi Station 2,Fast,28,10.1,100.0,121.2,Green Mobility,Belagavi,Completed,Good,D3167,Cloudy,22.5,76.0,26.32,Healthy
EV3168,MG Comet EV,MG,2023,17,94.3,2034-09-10 18:45:00,2034-09-10 18:57:00,0.2,Mangalore Station 1,Fast,29,7.7,109.0,92.4,Green Mobility,Mangalore,Completed,Good,D3168,Cloudy,22.5,76.0,26.32,Healthy
EV3169,Tata Curvv EV,Tata,2023,55,95.8,2034-09-11 17:30:00,2034-09-11 19:33:00,2.05,Hubli Station 1,Normal,37,37.4,169.0,448.8,Eco Drive,Hubli,Completed,Good,D3169,Rainy,22.5,76.0,26.32,Healthy
EV3170,MG Comet EV,MG,2023,17,93.0,2034-09-12 07:15:00,2034-09-12 07:23:00,0.13,Bangalore Station 2,Fast,35,8.0,348.0,96,City EV,Bangalore,Completed,Good,D3170,Rainy,22.5,76.0,26.32,Healthy
EV3171,BYD Seal,BYD,2023,82,95.9,2034-09-13 08:15:00,2034-09-13 08:49:00,0.57,Bangalore Station 2,Fast,34,31.0,216.0,372,Green Mobility,Bangalore,Completed,Good,D3171,Rainy,22.5,76.0,26.32,Healthy
EV3172,BYD Atto 3,BYD,2023,60,92.5,2034-09-14 17:15:00,2034-09-14 17:55:00,0.67,Mangalore Station 1,Fast,31,35.9,126.0,430.8,Eco Drive,Mangalore,Completed,Good,D3172,Rainy,22.5,76.0,26.32,Healthy
EV3173,MG ZS EV,MG,2023,50,94.2,2034-09-15 19:30:00,2034-09-15 21:12:00,1.7,Belagavi Station 1,Normal,30,29.1,234.0,349.2,Eco Drive,Belagavi,Completed,Good,D3173,Cloudy,22.5,76.0,26.32,Healthy
EV3174,Tata Curvv EV,Tata,2023,55,95.5,2034-09-16 00:15:00,2034-09-16 00:39:00,0.4,Mangalore Station 2,Fast,27,20.4,228.0,244.8,Premium Fleet,Mangalore,Completed,Good,D3174,Sunny,22.5,76.0,26.32,Healthy
EV3175,MG ZS EV,MG,2023,50,93.3,2034-09-17 12:15:00,2034-09-17 12:48:00,0.55,Hubli Station 1,Fast,34,22.7,248.0,272.39999999999998,City EV,Hubli,Completed,Good,D3175,Cloudy,22.5,76.0,26.32,Healthy
EV3176,BYD Atto 3,BYD,2023,60,97.3,2034-09-18 07:45:00,2034-09-18 08:40:00,0.92,Bangalore Station 1,Normal,32,15.4,92.0,184.8,Premium Fleet,Bangalore,Completed,Good,D3176,Cloudy,22.5,76.0,26.32,Healthy
EV3177,BYD Seal,BYD,2023,82,92.7,2034-09-19 14:00:00,2034-09-19 16:32:00,2.53,Hubli Station 1,Normal,28,45.0,148.0,540,EV Fleet India,Hubli,Completed,Good,D3177,Cloudy,22.5,76.0,26.32,Healthy
EV3178,Tata Punch EV,Tata,2023,35,97.0,2034-09-20 19:45:00,2034-09-20 19:58:00,0.22,Mysore Station 1,Fast,36,9.0,263.0,108,Premium Fleet,Mysore,Completed,Good,D3178,Cloudy,22.5,76.0,26.32,Healthy
EV3179,MG ZS EV,MG,2023,50,93.5,2034-09-21 14:45:00,2034-09-21 15:06:00,0.35,Hubli Station 2,Fast,38,12.6,293.0,151.19999999999999,City EV,Hubli,Completed,Good,D3179,Sunny,22.5,76.0,26.32,Healthy
EV3180,MG ZS EV,MG,2023,50,96.0,2034-09-22 16:45:00,2034-09-22 17:43:00,0.97,Mysore Station 2,Normal,27,18.4,129.0,220.8,Green Mobility,Mysore,Completed,Good,D3180,Cloudy,22.5,76.0,26.32,Healthy
EV3181,Mahindra XUV400,Mahindra,2023,39,94.0,2034-09-23 00:15:00,2034-09-23 00:45:00,0.5,Mysore Station 1,Fast,33,18.7,127.0,224.4,EV Fleet India,Mysore,Completed,Good,D3181,Rainy,22.5,76.0,26.32,Healthy
EV3182,MG Comet EV,MG,2023,17,96.0,2034-09-24 07:15:00,2034-09-24 07:17:00,0.03,Belagavi Station 2,Fast,34,4.2,306.0,50.4,Premium Fleet,Belagavi,Completed,Good,D3182,Cloudy,22.5,76.0,26.32,Healthy
EV3183,BYD Atto 3,BYD,2023,60,96.7,2034-09-25 17:00:00,2034-09-25 17:18:00,0.3,Belagavi Station 2,Fast,30,16.6,202.0,199.2,Eco Drive,Belagavi,Completed,Good,D3183,Sunny,22.5,76.0,26.32,Healthy
EV3184,Tata Punch EV,Tata,2023,35,93.6,2034-09-26 00:45:00,2034-09-26 02:04:00,1.32,Hubli Station 2,Normal,33,25.4,135.0,304.8,Green Mobility,Hubli,Completed,Good,D3184,Rainy,22.5,76.0,26.32,Healthy
EV3185,Kia EV6,Kia,2023,77,95.0,2034-09-27 15:30:00,2034-09-27 16:07:00,0.62,Bangalore Station 2,Fast,36,35.2,267.0,422.4,EV Fleet India,Bangalore,Completed,Good,D3185,Sunny,22.5,76.0,26.32,Healthy
EV3186,MG ZS EV,MG,2023,50,95.7,2034-09-28 00:00:00,2034-09-28 01:43:00,1.72,Bangalore Station 1,Normal,35,31.3,183.0,375.6,City EV,Bangalore,Completed,Good,D3186,Sunny,22.5,76.0,26.32,Healthy
EV3187,Tata Nexon EV,Tata,2023,40,96.9,2034-09-29 13:15:00,2034-09-29 14:00:00,0.75,Hubli Station 2,Fast,29,32.4,221.0,388.8,City EV,Hubli,Completed,Good,D3187,Rainy,22.5,76.0,26.32,Healthy
EV3188,MG ZS EV,MG,2023,50,94.1,2034-09-30 14:15:00,2034-09-30 14:44:00,0.48,Belagavi Station 2,Fast,34,19.6,179.0,235.2,Premium Fleet,Belagavi,Completed,Good,D3188,Rainy,22.5,76.0,26.32,Healthy
EV3189,BYD Seal,BYD,2023,82,96.0,2034-10-01 05:00:00,2034-10-01 06:07:00,1.12,Mangalore Station 1,Fast,29,49.8,255.0,597.6,Green Mobility,Mangalore,Completed,Good,D3189,Rainy,22.5,76.0,26.32,Healthy
EV3190,Tata Nexon EV,Tata,2023,40,97.3,2034-10-02 02:15:00,2034-10-02 03:04:00,0.82,Hubli Station 2,Normal,39,15.0,268.0,180,EV Fleet India,Hubli,Completed,Good,D3190,Cloudy,22.5,76.0,26.32,Healthy
EV3191,BYD Atto 3,BYD,2023,60,95.4,2034-10-03 15:15:00,2034-10-03 15:42:00,0.45,Hubli Station 1,Fast,31,24.3,280.0,291.60000000000002,Eco Drive,Hubli,Completed,Good,D3191,Cloudy,22.5,76.0,26.32,Healthy
EV3192,Tata Punch EV,Tata,2023,35,95.9,2034-10-04 07:00:00,2034-10-04 07:33:00,0.55,Mangalore Station 1,Fast,28,25.6,274.0,307.2,EV Fleet India,Mangalore,Completed,Good,D3192,Rainy,22.5,76.0,26.32,Healthy
EV3193,BYD Seal,BYD,2023,82,91.8,2034-10-05 01:00:00,2034-10-05 03:11:00,2.18,Mangalore Station 1,Normal,33,37.6,162.0,451.2,Premium Fleet,Mangalore,Completed,Good,D3193,Sunny,22.5,76.0,26.32,Healthy
EV3194,MG ZS EV,MG,2023,50,94.3,2034-10-06 01:30:00,2034-10-06 03:06:00,1.6,Mangalore Station 1,Normal,29,27.4,281.0,328.8,City EV,Mangalore,Completed,Good,D3194,Sunny,22.5,76.0,26.32,Healthy
EV3195,Hyundai Kona EV,Hyundai,2023,39,91.9,2034-10-07 20:15:00,2034-10-07 20:41:00,0.43,Mysore Station 1,Fast,27,22.9,148.0,274.8,Eco Drive,Mysore,Completed,Good,D3195,Rainy,22.5,76.0,26.32,Healthy
EV3196,Tata Nexon EV,Tata,2023,40,95.7,2034-10-08 21:00:00,2034-10-08 21:19:00,0.32,Bangalore Station 1,Fast,39,16.4,124.0,196.8,Green Mobility,Bangalore,Completed,Good,D3196,Cloudy,22.5,76.0,26.32,Healthy
EV3197,Tata Nexon EV,Tata,2023,40,91.6,2034-10-09 17:15:00,2034-10-09 17:48:00,0.55,Bangalore Station 2,Fast,29,21.9,101.0,262.8,Premium Fleet,Bangalore,Completed,Good,D3197,Cloudy,22.5,76.0,26.32,Healthy
EV3198,Tata Nexon EV,Tata,2023,40,96.6,2034-10-10 11:45:00,2034-10-10 12:06:00,0.35,Hubli Station 2,Fast,37,20.5,347.0,246,EV Fleet India,Hubli,Completed,Good,D3198,Cloudy,22.5,76.0,26.32,Healthy
EV3199,MG Comet EV,MG,2023,17,94.4,2034-10-11 20:45:00,2034-10-11 21:07:00,0.37,Mysore Station 2,Normal,38,7.3,83.0,87.6,Green Mobility,Mysore,Completed,Good,D3199,Rainy,22.5,76.0,26.32,Healthy
EV3200,Tata Curvv EV,Tata,2023,55,93.8,2034-10-12 13:30:00,2034-10-12 13:56:00,0.43,Belagavi Station 1,Fast,28,20.9,118.0,250.8,City EV,Belagavi,Completed,Good,D3200,Cloudy,22.5,76.0,26.32,Healthy
EV3201,Kia EV6,Kia,2023,77,95.6,2034-10-13 00:00:00,2034-10-13 01:10:00,1.17,Hubli Station 2,Fast,33,62.0,304.0,744,Premium Fleet,Hubli,Completed,Good,D3201,Cloudy,22.5,76.0,26.32,Healthy
EV3202,Kia EV6,Kia,2023,77,96.4,2034-10-14 03:30:00,2034-10-14 06:13:00,2.72,Belagavi Station 1,Normal,28,47.2,293.0,566.4,EV Fleet India,Belagavi,Completed,Good,D3202,Rainy,22.5,76.0,26.32,Healthy
EV3203,Tata Curvv EV,Tata,2023,55,95.1,2034-10-15 19:15:00,2034-10-15 21:13:00,1.97,Mangalore Station 2,Normal,28,35.5,184.0,426,EV Fleet India,Mangalore,Completed,Good,D3203,Rainy,22.5,76.0,26.32,Healthy
EV3204,Kia EV6,Kia,2023,77,92.8,2034-10-16 22:15:00,2034-10-16 23:16:00,1.02,Belagavi Station 2,Fast,32,49.1,344.0,589.20000000000005,Premium Fleet,Belagavi,Completed,Good,D3204,Rainy,22.5,76.0,26.32,Healthy
EV3205,MG ZS EV,MG,2023,50,95.1,2034-10-17 04:30:00,2034-10-17 05:04:00,0.57,Bangalore Station 1,Fast,28,24.6,272.0,295.2,Eco Drive,Bangalore,Completed,Good,D3205,Rainy,22.5,76.0,26.32,Healthy
EV3206,Tata Curvv EV,Tata,2023,55,96.3,2034-10-18 03:15:00,2034-10-18 03:41:00,0.43,Belagavi Station 1,Fast,27,24.5,204.0,294,Green Mobility,Belagavi,Completed,Good,D3206,Sunny,22.5,76.0,26.32,Healthy
EV3207,Kia EV6,Kia,2023,77,95.4,2034-10-19 03:30:00,2034-10-19 04:21:00,0.85,Hubli Station 2,Fast,31,47.3,79.0,567.6,City EV,Hubli,Completed,Good,D3207,Rainy,22.5,76.0,26.32,Healthy
EV3208,Tata Curvv EV,Tata,2023,55,96.1,2034-10-20 23:30:00,2034-10-21 00:22:00,0.87,Hubli Station 2,Normal,32,13.5,290.0,162,City EV,Hubli,Completed,Good,D3208,Sunny,22.5,76.0,26.32,Healthy
EV3209,BYD Atto 3,BYD,2023,60,94.4,2034-10-21 20:00:00,2034-10-21 20:29:00,0.48,Mangalore Station 1,Fast,31,23.9,244.0,286.8,City EV,Mangalore,Completed,Good,D3209,Rainy,22.5,76.0,26.32,Healthy
EV3210,Tata Nexon EV,Tata,2023,40,93.7,2034-10-22 04:45:00,2034-10-22 05:51:00,1.1,Hubli Station 2,Normal,30,18.0,271.0,216,EV Fleet India,Hubli,Completed,Good,D3210,Cloudy,22.5,76.0,26.32,Healthy
EV3211,BYD Atto 3,BYD,2023,60,94.7,2034-10-23 00:15:00,2034-10-23 01:14:00,0.98,Mangalore Station 2,Fast,28,43.9,95.0,526.79999999999995,Eco Drive,Mangalore,Completed,Good,D3211,Sunny,22.5,76.0,26.32,Healthy
EV3212,BYD Atto 3,BYD,2023,60,95.4,2034-10-24 08:45:00,2034-10-24 09:16:00,0.52,Mangalore Station 2,Fast,33,22.0,240.0,264,Premium Fleet,Mangalore,Completed,Good,D3212,Cloudy,22.5,76.0,26.32,Healthy
EV3213,Tata Nexon EV,Tata,2023,40,95.3,2034-10-25 02:45:00,2034-10-25 03:20:00,0.58,Hubli Station 1,Fast,39,23.6,184.0,283.2,Eco Drive,Hubli,Completed,Good,D3213,Cloudy,22.5,76.0,26.32,Healthy
EV3214,Hyundai Kona EV,Hyundai,2023,39,93.0,2034-10-26 12:15:00,2034-10-26 13:19:00,1.07,Bangalore Station 1,Normal,36,17.2,224.0,206.4,Green Mobility,Bangalore,Completed,Good,D3214,Rainy,22.5,76.0,26.32,Healthy
EV3215,BYD Seal,BYD,2023,82,92.8,2034-10-27 22:45:00,2034-10-27 23:37:00,0.87,Belagavi Station 2,Fast,39,48.0,184.0,576,Green Mobility,Belagavi,Completed,Good,D3215,Sunny,22.5,76.0,26.32,Healthy
EV3216,Tata Punch EV,Tata,2023,35,95.3,2034-10-28 22:30:00,2034-10-28 22:54:00,0.4,Bangalore Station 1,Fast,32,23.8,264.0,285.60000000000002,Premium Fleet,Bangalore,Completed,Good,D3216,Rainy,22.5,76.0,26.32,Healthy
EV3217,Tata Punch EV,Tata,2023,35,95.3,2034-10-29 12:00:00,2034-10-29 13:18:00,1.3,Belagavi Station 1,Normal,31,21.4,252.0,256.8,Green Mobility,Belagavi,Completed,Good,D3217,Sunny,22.5,76.0,26.32,Healthy
EV3218,Tata Curvv EV,Tata,2023,55,91.6,2034-10-30 01:30:00,2034-10-30 01:49:00,0.32,Mangalore Station 1,Fast,32,14.4,233.0,172.8,Green Mobility,Mangalore,Completed,Good,D3218,Cloudy,22.5,76.0,26.32,Healthy
EV3219,BYD Atto 3,BYD,2023,60,93.8,2034-10-31 10:30:00,2034-10-31 11:11:00,0.68,Bangalore Station 2,Fast,28,35.1,320.0,421.2,Green Mobility,Bangalore,Completed,Good,D3219,Sunny,22.5,76.0,26.32,Healthy
EV3220,Tata Punch EV,Tata,2023,35,92.7,2034-11-01 14:45:00,2034-11-01 15:07:00,0.37,Bangalore Station 2,Fast,34,20.1,322.0,241.2,City EV,Bangalore,Completed,Good,D3220,Cloudy,22.5,76.0,26.32,Healthy
EV3221,BYD Atto 3,BYD,2023,60,96.2,2034-11-02 22:45:00,2034-11-02 23:14:00,0.48,Belagavi Station 2,Fast,32,20.8,195.0,249.6,City EV,Belagavi,Completed,Good,D3221,Sunny,22.5,76.0,26.32,Healthy
EV3222,Tata Punch EV,Tata,2023,35,91.7,2034-11-03 08:30:00,2034-11-03 08:41:00,0.18,Hubli Station 1,Fast,31,11.8,308.0,141.6,Green Mobility,Hubli,Completed,Good,D3222,Cloudy,22.5,76.0,26.32,Healthy
EV3223,Tata Nexon EV,Tata,2023,40,93.6,2034-11-04 01:45:00,2034-11-04 02:02:00,0.28,Mysore Station 1,Fast,38,13.1,238.0,157.19999999999999,Green Mobility,Mysore,Completed,Good,D3223,Cloudy,22.5,76.0,26.32,Healthy
EV3224,Tata Curvv EV,Tata,2023,55,94.5,2034-11-05 20:15:00,2034-11-05 20:54:00,0.65,Hubli Station 1,Fast,31,36.8,238.0,441.6,Green Mobility,Hubli,Completed,Good,D3224,Cloudy,22.5,76.0,26.32,Healthy
EV3225,MG Comet EV,MG,2023,17,97.3,2034-11-06 17:45:00,2034-11-06 18:08:00,0.38,Mysore Station 2,Fast,38,14.8,213.0,177.6,Eco Drive,Mysore,Completed,Good,D3225,Rainy,22.5,76.0,26.32,Healthy
EV3226,MG Comet EV,MG,2023,17,95.5,2034-11-07 15:45:00,2034-11-07 15:49:00,0.07,Mysore Station 1,Fast,39,5.5,302.0,66,Eco Drive,Mysore,Completed,Good,D3226,Cloudy,22.5,76.0,26.32,Healthy
EV3227,Tata Nexon EV,Tata,2023,40,97.2,2034-11-08 06:30:00,2034-11-08 06:45:00,0.25,Mangalore Station 2,Fast,36,12.7,317.0,152.4,Eco Drive,Mangalore,Completed,Good,D3227,Rainy,22.5,76.0,26.32,Healthy
EV3228,Hyundai Kona EV,Hyundai,2023,39,95.7,2034-11-09 11:30:00,2034-11-09 12:18:00,0.8,Hubli Station 2,Normal,27,15.3,103.0,183.6,City EV,Hubli,Completed,Good,D3228,Rainy,22.5,76.0,26.32,Healthy
EV3229,Tata Nexon EV,Tata,2023,40,95.8,2034-11-10 12:45:00,2034-11-10 13:06:00,0.35,Belagavi Station 2,Fast,33,22.1,322.0,265.2,Eco Drive,Belagavi,Completed,Good,D3229,Sunny,22.5,76.0,26.32,Healthy
EV3230,Kia EV6,Kia,2023,77,95.7,2034-11-11 19:45:00,2034-11-11 22:13:00,2.47,Mysore Station 1,Normal,29,42.1,180.0,505.2,Premium Fleet,Mysore,Completed,Good,D3230,Rainy,22.5,76.0,26.32,Healthy
EV3231,Tata Punch EV,Tata,2023,35,92.9,2034-11-12 01:00:00,2034-11-12 02:02:00,1.03,Mysore Station 1,Normal,36,18.0,134.0,216,Green Mobility,Mysore,Completed,Good,D3231,Cloudy,22.5,76.0,26.32,Healthy
EV3232,Tata Curvv EV,Tata,2023,55,93.6,2034-11-13 00:00:00,2034-11-13 01:13:00,1.22,Mangalore Station 1,Normal,31,20.0,279.0,240,City EV,Mangalore,Completed,Good,D3232,Cloudy,22.5,76.0,26.32,Healthy
EV3233,BYD Seal,BYD,2023,82,96.2,2034-11-14 13:45:00,2034-11-14 14:46:00,1.02,Mangalore Station 2,Fast,29,48.2,306.0,578.4,EV Fleet India,Mangalore,Completed,Good,D3233,Cloudy,22.5,76.0,26.32,Healthy
EV3234,Mahindra XUV400,Mahindra,2023,39,95.3,2034-11-15 06:45:00,2034-11-15 08:12:00,1.45,Belagavi Station 2,Normal,28,27.4,293.0,328.8,City EV,Belagavi,Completed,Good,D3234,Rainy,22.5,76.0,26.32,Healthy
EV3235,BYD Atto 3,BYD,2023,60,95.9,2034-11-16 00:15:00,2034-11-16 02:01:00,1.77,Hubli Station 2,Normal,34,30.0,70.0,360,City EV,Hubli,Completed,Good,D3235,Rainy,22.5,76.0,26.32,Healthy
EV3236,MG ZS EV,MG,2023,50,93.1,2034-11-17 17:15:00,2034-11-17 18:58:00,1.72,Mangalore Station 2,Normal,28,32.4,174.0,388.8,City EV,Mangalore,Completed,Good,D3236,Rainy,22.5,76.0,26.32,Healthy
EV3237,Tata Nexon EV,Tata,2023,40,93.0,2034-11-18 17:30:00,2034-11-18 18:01:00,0.52,Belagavi Station 1,Fast,32,22.8,178.0,273.60000000000002,EV Fleet India,Belagavi,Completed,Good,D3237,Sunny,22.5,76.0,26.32,Healthy
EV3238,MG ZS EV,MG,2023,50,95.6,2034-11-19 09:30:00,2034-11-19 09:49:00,0.32,Mangalore Station 1,Fast,37,20.5,77.0,246,City EV,Mangalore,Completed,Good,D3238,Rainy,22.5,76.0,26.32,Healthy
EV3239,Kia EV6,Kia,2023,77,92.0,2034-11-20 09:30:00,2034-11-20 10:30:00,1.0,Hubli Station 1,Fast,39,49.6,173.0,595.20000000000005,City EV,Hubli,Completed,Good,D3239,Cloudy,22.5,76.0,26.32,Healthy
EV3240,MG Comet EV,MG,2023,17,95.6,2034-11-21 22:00:00,2034-11-21 22:26:00,0.43,Mysore Station 2,Normal,37,8.5,164.0,102,EV Fleet India,Mysore,Completed,Good,D3240,Rainy,22.5,76.0,26.32,Healthy
EV3241,Tata Punch EV,Tata,2023,35,96.1,2034-11-22 03:15:00,2034-11-22 03:31:00,0.27,Mangalore Station 2,Fast,29,10.4,252.0,124.8,Green Mobility,Mangalore,Completed,Good,D3241,Sunny,22.5,76.0,26.32,Healthy
EV3242,BYD Seal,BYD,2023,82,96.7,2034-11-23 09:45:00,2034-11-23 10:22:00,0.62,Hubli Station 2,Fast,38,26.8,256.0,321.60000000000002,Eco Drive,Hubli,Completed,Good,D3242,Cloudy,22.5,76.0,26.32,Healthy
EV3243,Tata Curvv EV,Tata,2023,55,95.9,2034-11-24 20:15:00,2034-11-24 22:15:00,2.0,Mysore Station 2,Normal,34,37.2,251.0,446.4,EV Fleet India,Mysore,Completed,Good,D3243,Cloudy,22.5,76.0,26.32,Healthy
EV3244,Tata Curvv EV,Tata,2023,55,91.9,2034-11-25 02:00:00,2034-11-25 02:15:00,0.25,Bangalore Station 1,Fast,34,12.6,266.0,151.19999999999999,City EV,Bangalore,Completed,Good,D3244,Cloudy,22.5,76.0,26.32,Healthy
EV3245,Kia EV6,Kia,2023,77,91.5,2034-11-26 18:30:00,2034-11-26 19:43:00,1.22,Hubli Station 1,Fast,38,57.8,317.0,693.6,Eco Drive,Hubli,Completed,Good,D3245,Sunny,22.5,76.0,26.32,Healthy
EV3246,Kia EV6,Kia,2023,77,93.6,2034-11-27 10:45:00,2034-11-27 11:28:00,0.72,Mysore Station 1,Fast,29,32.2,166.0,386.4,EV Fleet India,Mysore,Completed,Good,D3246,Sunny,22.5,76.0,26.32,Healthy
EV3247,BYD Atto 3,BYD,2023,60,95.5,2034-11-28 16:30:00,2034-11-28 16:49:00,0.32,Hubli Station 1,Fast,38,20.4,152.0,244.8,City EV,Hubli,Completed,Good,D3247,Rainy,22.5,76.0,26.32,Healthy
EV3248,Tata Punch EV,Tata,2023,35,92.6,2034-11-29 20:45:00,2034-11-29 21:09:00,0.4,Mysore Station 2,Fast,39,18.6,277.0,223.2,City EV,Mysore,Completed,Good,D3248,Rainy,22.5,76.0,26.32,Healthy
EV3249,Tata Nexon EV,Tata,2023,40,93.3,2034-11-30 06:45:00,2034-11-30 07:53:00,1.13,Mysore Station 2,Normal,33,19.8,218.0,237.6,Green Mobility,Mysore,Completed,Good,D3249,Rainy,22.5,76.0,26.32,Healthy
EV3250,Tata Nexon EV,Tata,2023,40,97.3,2034-12-01 16:30:00,2034-12-01 17:47:00,1.28,Mangalore Station 2,Normal,35,23.8,221.0,285.60000000000002,Premium Fleet,Mangalore,Completed,Good,D3250,Cloudy,22.5,76.0,26.32,Healthy
EV3251,Mahindra XUV400,Mahindra,2023,39,94.6,2034-12-02 15:15:00,2034-12-02 16:05:00,0.83,Belagavi Station 1,Normal,28,13.3,255.0,159.6,EV Fleet India,Belagavi,Completed,Good,D3251,Cloudy,22.5,76.0,26.32,Healthy
EV3252,Tata Curvv EV,Tata,2023,55,96.7,2034-12-03 20:00:00,2034-12-03 20:32:00,0.53,Hubli Station 1,Fast,33,20.3,310.0,243.6,Green Mobility,Hubli,Completed,Good,D3252,Rainy,22.5,76.0,26.32,Healthy
EV3253,MG ZS EV,MG,2023,50,91.5,2034-12-04 03:15:00,2034-12-04 05:11:00,1.93,Hubli Station 2,Normal,30,34.9,246.0,418.8,Premium Fleet,Hubli,Completed,Good,D3253,Rainy,22.5,76.0,26.32,Healthy
EV3254,Kia EV6,Kia,2023,77,92.8,2034-12-05 16:00:00,2034-12-05 17:05:00,1.08,Hubli Station 2,Fast,30,53.7,113.0,644.4,Green Mobility,Hubli,Completed,Good,D3254,Sunny,22.5,76.0,26.32,Healthy
EV3255,MG ZS EV,MG,2023,50,92.0,2034-12-06 05:45:00,2034-12-06 06:17:00,0.53,Mysore Station 2,Fast,35,27.6,211.0,331.2,Green Mobility,Mysore,Completed,Good,D3255,Sunny,22.5,76.0,26.32,Healthy
EV3256,Kia EV6,Kia,2023,77,93.4,2034-12-07 05:30:00,2034-12-07 07:10:00,1.67,Belagavi Station 1,Normal,35,30.0,62.0,360,Green Mobility,Belagavi,Completed,Good,D3256,Rainy,22.5,76.0,26.32,Healthy
EV3257,BYD Atto 3,BYD,2023,60,94.8,2034-12-08 16:45:00,2034-12-08 18:59:00,2.23,Hubli Station 2,Normal,34,41.0,274.0,492,Green Mobility,Hubli,Completed,Good,D3257,Sunny,22.5,76.0,26.32,Healthy
EV3258,MG Comet EV,MG,2023,17,94.7,2034-12-09 07:00:00,2034-12-09 07:28:00,0.47,Belagavi Station 1,Normal,37,9.7,84.0,116.4,Premium Fleet,Belagavi,Completed,Good,D3258,Rainy,22.5,76.0,26.32,Healthy
EV3259,Tata Nexon EV,Tata,2023,40,95.2,2034-12-10 02:30:00,2034-12-10 03:05:00,0.58,Bangalore Station 1,Fast,30,22.9,68.0,274.8,Premium Fleet,Bangalore,Completed,Good,D3259,Rainy,22.5,76.0,26.32,Healthy
EV3260,Tata Nexon EV,Tata,2023,40,93.3,2034-12-11 01:45:00,2034-12-11 02:22:00,0.62,Mysore Station 2,Fast,27,27.0,212.0,324,Green Mobility,Mysore,Completed,Good,D3260,Cloudy,22.5,76.0,26.32,Healthy
EV3261,BYD Atto 3,BYD,2023,60,95.8,2034-12-12 10:30:00,2034-12-12 11:20:00,0.83,Hubli Station 2,Normal,39,14.1,147.0,169.2,Premium Fleet,Hubli,Completed,Good,D3261,Sunny,22.5,76.0,26.32,Healthy
EV3262,Mahindra XUV400,Mahindra,2023,39,94.7,2034-12-13 06:00:00,2034-12-13 06:30:00,0.5,Mysore Station 1,Fast,33,29.2,123.0,350.4,EV Fleet India,Mysore,Completed,Good,D3262,Rainy,22.5,76.0,26.32,Healthy
EV3263,Hyundai Kona EV,Hyundai,2023,39,91.9,2034-12-14 12:00:00,2034-12-14 12:36:00,0.6,Mangalore Station 1,Normal,28,10.5,312.0,126,Green Mobility,Mangalore,Completed,Good,D3263,Cloudy,22.5,76.0,26.32,Healthy
EV3264,MG Comet EV,MG,2023,17,94.9,2034-12-15 02:15:00,2034-12-15 02:31:00,0.27,Mysore Station 2,Fast,38,10.3,287.0,123.6,EV Fleet India,Mysore,Completed,Good,D3264,Sunny,22.5,76.0,26.32,Healthy
EV3265,MG ZS EV,MG,2023,50,94.7,2034-12-16 01:15:00,2034-12-16 02:57:00,1.7,Mangalore Station 2,Normal,30,31.5,176.0,378,Green Mobility,Mangalore,Completed,Good,D3265,Rainy,22.5,76.0,26.32,Healthy
EV3266,MG ZS EV,MG,2023,50,92.4,2034-12-17 04:45:00,2034-12-17 05:46:00,1.02,Hubli Station 1,Normal,31,16.9,343.0,202.8,Premium Fleet,Hubli,Completed,Good,D3266,Cloudy,22.5,76.0,26.32,Healthy
EV3267,Tata Punch EV,Tata,2023,35,92.3,2034-12-18 02:30:00,2034-12-18 02:53:00,0.38,Mangalore Station 2,Fast,29,19.7,93.0,236.4,Premium Fleet,Mangalore,Completed,Good,D3267,Rainy,22.5,76.0,26.32,Healthy
EV3268,MG Comet EV,MG,2023,17,95.3,2034-12-19 17:15:00,2034-12-19 17:55:00,0.67,Mangalore Station 1,Normal,30,9.8,207.0,117.6,Premium Fleet,Mangalore,Completed,Good,D3268,Cloudy,22.5,76.0,26.32,Healthy
EV3269,Hyundai Kona EV,Hyundai,2023,39,95.8,2034-12-20 21:45:00,2034-12-20 22:15:00,0.5,Belagavi Station 2,Fast,31,18.6,272.0,223.2,City EV,Belagavi,Completed,Good,D3269,Cloudy,22.5,76.0,26.32,Healthy
EV3270,Tata Punch EV,Tata,2023,35,95.4,2034-12-21 13:00:00,2034-12-21 13:35:00,0.58,Mysore Station 2,Fast,37,25.7,155.0,308.39999999999998,Green Mobility,Mysore,Completed,Good,D3270,Sunny,22.5,76.0,26.32,Healthy
EV3271,Hyundai Kona EV,Hyundai,2023,39,93.8,2034-12-22 03:15:00,2034-12-22 04:53:00,1.63,Bangalore Station 1,Normal,36,27.6,275.0,331.2,EV Fleet India,Bangalore,Completed,Good,D3271,Rainy,22.5,76.0,26.32,Healthy
EV3272,Tata Nexon EV,Tata,2023,40,92.3,2034-12-23 16:45:00,2034-12-23 17:50:00,1.08,Mangalore Station 1,Normal,37,18.7,89.0,224.4,City EV,Mangalore,Completed,Good,D3272,Cloudy,22.5,76.0,26.32,Healthy
EV3273,Hyundai Kona EV,Hyundai,2023,39,92.8,2034-12-24 07:15:00,2034-12-24 08:15:00,1.0,Hubli Station 1,Normal,31,17.1,195.0,205.2,EV Fleet India,Hubli,Completed,Good,D3273,Sunny,22.5,76.0,26.32,Healthy
EV3274,MG ZS EV,MG,2023,50,94.9,2034-12-25 20:00:00,2034-12-25 21:12:00,1.2,Belagavi Station 1,Normal,36,19.4,287.0,232.8,City EV,Belagavi,Completed,Good,D3274,Cloudy,22.5,76.0,26.32,Healthy
EV3275,Tata Curvv EV,Tata,2023,55,92.2,2034-12-26 20:30:00,2034-12-26 21:18:00,0.8,Hubli Station 1,Fast,30,42.7,282.0,512.4,City EV,Hubli,Completed,Good,D3275,Rainy,22.5,76.0,26.32,Healthy
EV3276,Hyundai Kona EV,Hyundai,2023,39,97.3,2034-12-27 00:30:00,2034-12-27 01:45:00,1.25,Hubli Station 2,Normal,27,23.8,323.0,285.60000000000002,Eco Drive,Hubli,Completed,Good,D3276,Cloudy,22.5,76.0,26.32,Healthy
EV3277,MG ZS EV,MG,2023,50,94.9,2034-12-28 04:30:00,2034-12-28 06:49:00,2.32,Belagavi Station 1,Normal,39,42.1,138.0,505.2,Green Mobility,Belagavi,Completed,Good,D3277,Rainy,22.5,76.0,26.32,Healthy
EV3278,Tata Nexon EV,Tata,2023,40,96.4,2034-12-29 03:30:00,2034-12-29 03:58:00,0.47,Belagavi Station 1,Fast,30,17.5,108.0,210,City EV,Belagavi,Completed,Good,D3278,Rainy,22.5,76.0,26.32,Healthy
EV3279,MG ZS EV,MG,2023,50,92.0,2034-12-30 04:00:00,2034-12-30 04:27:00,0.45,Bangalore Station 2,Fast,29,25.8,227.0,309.60000000000002,EV Fleet India,Bangalore,Completed,Good,D3279,Rainy,22.5,76.0,26.32,Healthy
EV3280,Tata Curvv EV,Tata,2023,55,95.3,2034-12-31 11:15:00,2034-12-31 12:00:00,0.75,Bangalore Station 2,Fast,27,36.5,205.0,438,Premium Fleet,Bangalore,Completed,Good,D3280,Rainy,22.5,76.0,26.32,Healthy
EV3281,MG ZS EV,MG,2023,50,91.9,2035-01-01 09:15:00,2035-01-01 09:56:00,0.68,Bangalore Station 2,Fast,37,35.2,91.0,422.4,Green Mobility,Bangalore,Completed,Good,D3281,Sunny,22.5,76.0,26.32,Healthy
EV3282,Tata Curvv EV,Tata,2023,55,96.8,2035-01-02 09:15:00,2035-01-02 11:17:00,2.03,Mysore Station 1,Normal,34,36.6,108.0,439.2,Green Mobility,Mysore,Completed,Good,D3282,Sunny,22.5,76.0,26.32,Healthy
EV3283,BYD Seal,BYD,2023,82,92.0,2035-01-03 00:00:00,2035-01-03 00:43:00,0.72,Hubli Station 1,Fast,33,33.0,326.0,396,Premium Fleet,Hubli,Completed,Good,D3283,Cloudy,22.5,76.0,26.32,Healthy
EV3284,MG ZS EV,MG,2023,50,91.5,2035-01-04 16:00:00,2035-01-04 16:36:00,0.6,Bangalore Station 1,Fast,27,26.3,134.0,315.60000000000002,Eco Drive,Bangalore,Completed,Good,D3284,Cloudy,22.5,76.0,26.32,Healthy
EV3285,Hyundai Kona EV,Hyundai,2023,39,94.7,2035-01-05 22:45:00,2035-01-05 23:34:00,0.82,Mangalore Station 2,Normal,36,16.1,156.0,193.2,Eco Drive,Mangalore,Completed,Good,D3285,Cloudy,22.5,76.0,26.32,Healthy
EV3286,Tata Nexon EV,Tata,2023,40,95.1,2035-01-06 18:15:00,2035-01-06 18:38:00,0.38,Bangalore Station 2,Fast,33,18.9,199.0,226.8,Green Mobility,Bangalore,Completed,Good,D3286,Sunny,22.5,76.0,26.32,Healthy
EV3287,MG Comet EV,MG,2023,17,94.9,2035-01-07 19:15:00,2035-01-07 19:24:00,0.15,Bangalore Station 2,Fast,36,8.2,192.0,98.4,EV Fleet India,Bangalore,Completed,Good,D3287,Sunny,22.5,76.0,26.32,Healthy
EV3288,BYD Seal,BYD,2023,82,93.4,2035-01-08 17:45:00,2035-01-08 18:59:00,1.23,Hubli Station 2,Fast,36,59.0,334.0,708,Green Mobility,Hubli,Completed,Good,D3288,Cloudy,22.5,76.0,26.32,Healthy
EV3289,Hyundai Kona EV,Hyundai,2023,39,97.0,2035-01-09 10:15:00,2035-01-09 10:29:00,0.23,Bangalore Station 2,Fast,39,12.3,349.0,147.6,Eco Drive,Bangalore,Completed,Good,D3289,Cloudy,22.5,76.0,26.32,Healthy
EV3290,BYD Seal,BYD,2023,82,94.9,2035-01-10 10:30:00,2035-01-10 10:57:00,0.45,Bangalore Station 1,Fast,32,25.7,290.0,308.39999999999998,City EV,Bangalore,Completed,Good,D3290,Sunny,22.5,76.0,26.32,Healthy
EV3291,MG Comet EV,MG,2023,17,93.1,2035-01-11 07:00:00,2035-01-11 07:14:00,0.23,Mangalore Station 2,Fast,36,8.4,124.0,100.8,Premium Fleet,Mangalore,Completed,Good,D3291,Sunny,22.5,76.0,26.32,Healthy
EV3292,Mahindra XUV400,Mahindra,2023,39,95.5,2035-01-12 04:15:00,2035-01-12 05:51:00,1.6,Bangalore Station 1,Normal,32,26.6,312.0,319.2,Green Mobility,Bangalore,Completed,Good,D3292,Rainy,22.5,76.0,26.32,Healthy
EV3293,MG ZS EV,MG,2023,50,91.5,2035-01-13 22:45:00,2035-01-13 23:22:00,0.62,Hubli Station 2,Fast,39,30.4,213.0,364.8,City EV,Hubli,Completed,Good,D3293,Rainy,22.5,76.0,26.32,Healthy
EV3294,BYD Atto 3,BYD,2023,60,91.7,2035-01-14 17:15:00,2035-01-14 17:42:00,0.45,Mangalore Station 1,Fast,32,24.8,203.0,297.60000000000002,EV Fleet India,Mangalore,Completed,Good,D3294,Sunny,22.5,76.0,26.32,Healthy
EV3295,Tata Punch EV,Tata,2023,35,94.6,2035-01-15 09:00:00,2035-01-15 09:26:00,0.43,Bangalore Station 2,Fast,36,22.5,312.0,270,EV Fleet India,Bangalore,Completed,Good,D3295,Rainy,22.5,76.0,26.32,Healthy
EV3296,BYD Atto 3,BYD,2023,60,95.2,2035-01-16 22:15:00,2035-01-16 22:38:00,0.38,Bangalore Station 2,Fast,31,21.8,251.0,261.60000000000002,City EV,Bangalore,Completed,Good,D3296,Rainy,22.5,76.0,26.32,Healthy
EV3297,MG ZS EV,MG,2023,50,95.1,2035-01-17 07:15:00,2035-01-17 07:45:00,0.5,Mysore Station 2,Fast,33,20.4,98.0,244.8,Premium Fleet,Mysore,Completed,Good,D3297,Cloudy,22.5,76.0,26.32,Healthy
EV3298,Tata Curvv EV,Tata,2023,55,93.4,2035-01-18 05:00:00,2035-01-18 05:45:00,0.75,Mysore Station 1,Fast,30,37.7,239.0,452.4,Premium Fleet,Mysore,Completed,Good,D3298,Sunny,22.5,76.0,26.32,Healthy
EV3299,Kia EV6,Kia,2023,77,91.4,2035-01-19 03:00:00,2035-01-19 04:04:00,1.07,Mysore Station 1,Fast,29,49.1,242.0,589.20000000000005,Green Mobility,Mysore,Completed,Good,D3299,Rainy,22.5,76.0,26.32,Healthy
EV3300,Kia EV6,Kia,2023,77,95.9,2035-01-20 11:30:00,2035-01-20 13:42:00,2.2,Belagavi Station 1,Normal,33,37.7,72.0,452.4,Green Mobility,Belagavi,Completed,Good,D3300,Cloudy,22.5,76.0,26.32,Healthy
EV3301,Tata Nexon EV,Tata,2023,40,94.2,2035-01-21 12:00:00,2035-01-21 12:34:00,0.57,Belagavi Station 2,Fast,36,24.4,149.0,292.8,Green Mobility,Belagavi,Completed,Good,D3301,Cloudy,22.5,76.0,26.32,Healthy
EV3302,Tata Punch EV,Tata,2023,35,92.1,2035-01-22 06:30:00,2035-01-22 07:28:00,0.97,Mangalore Station 2,Normal,33,19.1,67.0,229.2,Premium Fleet,Mangalore,Completed,Good,D3302,Sunny,22.5,76.0,26.32,Healthy
EV3303,Hyundai Kona EV,Hyundai,2023,39,93.8,2035-01-23 11:45:00,2035-01-23 12:20:00,0.58,Bangalore Station 2,Fast,37,24.9,270.0,298.8,Eco Drive,Bangalore,Completed,Good,D3303,Sunny,22.5,76.0,26.32,Healthy
EV3304,Mahindra XUV400,Mahindra,2023,39,92.2,2035-01-24 13:00:00,2035-01-24 14:37:00,1.62,Mangalore Station 1,Normal,28,28.7,300.0,344.4,Green Mobility,Mangalore,Completed,Good,D3304,Cloudy,22.5,76.0,26.32,Healthy
EV3305,BYD Atto 3,BYD,2023,60,96.8,2035-01-25 23:30:00,2035-01-26 00:24:00,0.9,Bangalore Station 2,Fast,36,44.1,254.0,529.20000000000005,Green Mobility,Bangalore,Completed,Good,D3305,Sunny,22.5,76.0,26.32,Healthy
EV3306,Hyundai Kona EV,Hyundai,2023,39,96.9,2035-01-26 02:00:00,2035-01-26 02:25:00,0.42,Belagavi Station 1,Fast,27,19.4,66.0,232.8,Green Mobility,Belagavi,Completed,Good,D3306,Rainy,22.5,76.0,26.32,Healthy
EV3307,MG ZS EV,MG,2023,50,94.4,2035-01-27 23:45:00,2035-01-28 02:08:00,2.38,Mysore Station 1,Normal,32,41.2,105.0,494.4,Green Mobility,Mysore,Completed,Good,D3307,Sunny,22.5,76.0,26.32,Healthy
EV3308,BYD Atto 3,BYD,2023,60,91.4,2035-01-28 06:15:00,2035-01-28 06:57:00,0.7,Hubli Station 2,Fast,31,36.2,221.0,434.4,Eco Drive,Hubli,Completed,Good,D3308,Rainy,22.5,76.0,26.32,Healthy
EV3309,Tata Curvv EV,Tata,2023,55,97.3,2035-01-29 09:00:00,2035-01-29 09:25:00,0.42,Mangalore Station 2,Fast,36,20.7,69.0,248.4,Premium Fleet,Mangalore,Completed,Good,D3309,Cloudy,22.5,76.0,26.32,Healthy
EV3310,MG Comet EV,MG,2023,17,94.3,2035-01-30 21:45:00,2035-01-30 21:59:00,0.23,Mysore Station 2,Fast,30,5.1,199.0,61.2,City EV,Mysore,Completed,Good,D3310,Cloudy,22.5,76.0,26.32,Healthy
EV3311,Tata Curvv EV,Tata,2023,55,94.0,2035-01-31 18:00:00,2035-01-31 18:23:00,0.38,Mysore Station 1,Fast,27,18.6,302.0,223.2,Green Mobility,Mysore,Completed,Good,D3311,Sunny,22.5,76.0,26.32,Healthy
EV3312,Tata Curvv EV,Tata,2023,55,97.0,2035-02-01 23:30:00,2035-02-02 01:17:00,1.78,Mysore Station 2,Normal,33,31.5,334.0,378,City EV,Mysore,Completed,Good,D3312,Cloudy,22.5,76.0,26.32,Healthy
EV3313,Hyundai Kona EV,Hyundai,2023,39,91.7,2035-02-02 08:45:00,2035-02-02 09:12:00,0.45,Bangalore Station 2,Fast,27,20.6,281.0,247.2,Eco Drive,Bangalore,Completed,Good,D3313,Sunny,22.5,76.0,26.32,Healthy
EV3314,Hyundai Kona EV,Hyundai,2023,39,92.8,2035-02-03 07:15:00,2035-02-03 07:41:00,0.43,Mysore Station 2,Fast,27,24.0,72.0,288,Eco Drive,Mysore,Completed,Good,D3314,Sunny,22.5,76.0,26.32,Healthy
EV3315,Tata Curvv EV,Tata,2023,55,96.2,2035-02-04 08:45:00,2035-02-04 10:54:00,2.15,Mangalore Station 2,Normal,34,39.3,188.0,471.6,Eco Drive,Mangalore,Completed,Good,D3315,Cloudy,22.5,76.0,26.32,Healthy
EV3316,Tata Curvv EV,Tata,2023,55,92.3,2035-02-05 13:30:00,2035-02-05 13:48:00,0.3,Hubli Station 2,Fast,33,16.2,162.0,194.4,City EV,Hubli,Completed,Good,D3316,Rainy,22.5,76.0,26.32,Healthy
EV3317,Tata Nexon EV,Tata,2023,40,93.4,2035-02-06 00:15:00,2035-02-06 01:26:00,1.18,Hubli Station 2,Normal,27,21.2,185.0,254.4,City EV,Hubli,Completed,Good,D3317,Sunny,22.5,76.0,26.32,Healthy
EV3318,MG ZS EV,MG,2023,50,95.7,2035-02-07 00:45:00,2035-02-07 01:08:00,0.38,Belagavi Station 2,Fast,39,14.3,325.0,171.6,City EV,Belagavi,Completed,Good,D3318,Rainy,22.5,76.0,26.32,Healthy
EV3319,Tata Punch EV,Tata,2023,35,95.4,2035-02-08 14:45:00,2035-02-08 15:08:00,0.38,Hubli Station 1,Fast,37,14.7,279.0,176.4,Eco Drive,Hubli,Completed,Good,D3319,Cloudy,22.5,76.0,26.32,Healthy
EV3320,MG Comet EV,MG,2023,17,95.8,2035-02-09 06:00:00,2035-02-09 06:00:00,0.0,Bangalore Station 1,Fast,31,4.0,164.0,48,Premium Fleet,Bangalore,Completed,Good,D3320,Cloudy,22.5,76.0,26.32,Healthy
EV3321,MG ZS EV,MG,2023,50,93.2,2035-02-10 09:30:00,2035-02-10 09:56:00,0.43,Belagavi Station 2,Fast,33,21.5,223.0,258,EV Fleet India,Belagavi,Completed,Good,D3321,Sunny,22.5,76.0,26.32,Healthy
EV3322,MG Comet EV,MG,2023,17,94.4,2035-02-11 22:15:00,2035-02-11 22:25:00,0.17,Bangalore Station 2,Fast,36,6.7,314.0,80.400000000000006,Premium Fleet,Bangalore,Completed,Good,D3322,Cloudy,22.5,76.0,26.32,Healthy
EV3323,BYD Atto 3,BYD,2023,60,94.0,2035-02-12 01:30:00,2035-02-12 02:28:00,0.97,Belagavi Station 1,Fast,33,49.0,290.0,588,Premium Fleet,Belagavi,Completed,Good,D3323,Rainy,22.5,76.0,26.32,Healthy
EV3324,MG ZS EV,MG,2023,50,96.4,2035-02-13 07:15:00,2035-02-13 07:46:00,0.52,Mangalore Station 2,Fast,38,19.7,238.0,236.4,Green Mobility,Mangalore,Completed,Good,D3324,Sunny,22.5,76.0,26.32,Healthy
EV3325,Tata Curvv EV,Tata,2023,55,96.2,2035-02-14 04:45:00,2035-02-14 06:57:00,2.2,Mangalore Station 1,Normal,30,40.1,280.0,481.2,Premium Fleet,Mangalore,Completed,Good,D3325,Sunny,22.5,76.0,26.32,Healthy
EV3326,Tata Punch EV,Tata,2023,35,95.8,2035-02-15 04:30:00,2035-02-15 05:36:00,1.1,Bangalore Station 1,Normal,29,21.1,347.0,253.2,Eco Drive,Bangalore,Completed,Good,D3326,Cloudy,22.5,76.0,26.32,Healthy
EV3327,MG ZS EV,MG,2023,50,93.3,2035-02-16 11:00:00,2035-02-16 12:34:00,1.57,Mysore Station 2,Normal,35,27.4,328.0,328.8,City EV,Mysore,Completed,Good,D3327,Cloudy,22.5,76.0,26.32,Healthy
EV3328,Tata Nexon EV,Tata,2023,40,91.6,2035-02-17 01:30:00,2035-02-17 01:51:00,0.35,Hubli Station 2,Fast,39,18.4,196.0,220.8,Premium Fleet,Hubli,Completed,Good,D3328,Rainy,22.5,76.0,26.32,Healthy
EV3329,MG ZS EV,MG,2023,50,97.2,2035-02-18 20:30:00,2035-02-18 22:19:00,1.82,Belagavi Station 2,Normal,38,32.3,340.0,387.6,Green Mobility,Belagavi,Completed,Good,D3329,Rainy,22.5,76.0,26.32,Healthy
EV3330,Tata Nexon EV,Tata,2023,40,96.1,2035-02-19 05:45:00,2035-02-19 06:24:00,0.65,Mysore Station 1,Normal,36,12.6,292.0,151.19999999999999,City EV,Mysore,Completed,Good,D3330,Rainy,22.5,76.0,26.32,Healthy
EV3331,Mahindra XUV400,Mahindra,2023,39,93.6,2035-02-20 08:45:00,2035-02-20 09:42:00,0.95,Hubli Station 1,Normal,34,15.1,161.0,181.2,Premium Fleet,Hubli,Completed,Good,D3331,Sunny,22.5,76.0,26.32,Healthy
EV3332,BYD Seal,BYD,2023,82,94.2,2035-02-21 10:30:00,2035-02-21 13:02:00,2.53,Belagavi Station 1,Normal,38,43.7,349.0,524.4,Green Mobility,Belagavi,Completed,Good,D3332,Sunny,22.5,76.0,26.32,Healthy
EV3333,Hyundai Kona EV,Hyundai,2023,39,96.5,2035-02-22 19:30:00,2035-02-22 20:05:00,0.58,Belagavi Station 1,Fast,39,31.5,311.0,378,Green Mobility,Belagavi,Completed,Good,D3333,Rainy,22.5,76.0,26.32,Healthy
EV3334,MG Comet EV,MG,2023,17,97.1,2035-02-23 19:45:00,2035-02-23 20:19:00,0.57,Bangalore Station 2,Normal,27,11.3,89.0,135.6,EV Fleet India,Bangalore,Completed,Good,D3334,Cloudy,22.5,76.0,26.32,Healthy
EV3335,BYD Seal,BYD,2023,82,97.3,2035-02-24 21:15:00,2035-02-25 00:08:00,2.88,Mangalore Station 1,Normal,31,53.5,175.0,642,Green Mobility,Mangalore,Completed,Good,D3335,Rainy,22.5,76.0,26.32,Healthy
EV3336,Kia EV6,Kia,2023,77,93.5,2035-02-25 17:15:00,2035-02-25 17:58:00,0.72,Mangalore Station 2,Fast,28,40.2,144.0,482.4,Green Mobility,Mangalore,Completed,Good,D3336,Sunny,22.5,76.0,26.32,Healthy
EV3337,Mahindra XUV400,Mahindra,2023,39,95.0,2035-02-26 22:45:00,2035-02-26 23:17:00,0.53,Mysore Station 2,Fast,34,21.6,317.0,259.2,EV Fleet India,Mysore,Completed,Good,D3337,Sunny,22.5,76.0,26.32,Healthy
EV3338,BYD Atto 3,BYD,2023,60,94.1,2035-02-27 04:15:00,2035-02-27 04:49:00,0.57,Bangalore Station 1,Fast,27,24.0,292.0,288,Premium Fleet,Bangalore,Completed,Good,D3338,Cloudy,22.5,76.0,26.32,Healthy
EV3339,Hyundai Kona EV,Hyundai,2023,39,94.7,2035-02-28 10:30:00,2035-02-28 10:59:00,0.48,Belagavi Station 1,Fast,30,22.1,123.0,265.2,EV Fleet India,Belagavi,Completed,Good,D3339,Rainy,22.5,76.0,26.32,Healthy
EV3340,BYD Seal,BYD,2023,82,94.0,2035-03-01 06:45:00,2035-03-01 08:28:00,1.72,Bangalore Station 2,Normal,33,29.1,76.0,349.2,EV Fleet India,Bangalore,Completed,Good,D3340,Cloudy,22.5,76.0,26.32,Healthy
EV3341,MG Comet EV,MG,2023,17,97.1,2035-03-02 00:30:00,2035-03-02 00:40:00,0.17,Bangalore Station 2,Fast,37,9.2,123.0,110.4,City EV,Bangalore,Completed,Good,D3341,Cloudy,22.5,76.0,26.32,Healthy
EV3342,BYD Atto 3,BYD,2023,60,97.1,2035-03-03 00:15:00,2035-03-03 00:52:00,0.62,Bangalore Station 2,Fast,34,34.1,111.0,409.2,Green Mobility,Bangalore,Completed,Good,D3342,Sunny,22.5,76.0,26.32,Healthy
EV3343,Mahindra XUV400,Mahindra,2023,39,97.3,2035-03-04 14:00:00,2035-03-04 14:14:00,0.23,Mangalore Station 1,Fast,33,13.6,181.0,163.19999999999999,Green Mobility,Mangalore,Completed,Good,D3343,Sunny,22.5,76.0,26.32,Healthy
EV3344,Mahindra XUV400,Mahindra,2023,39,91.4,2035-03-05 22:15:00,2035-03-05 23:24:00,1.15,Hubli Station 2,Normal,34,19.3,295.0,231.6,Eco Drive,Hubli,Completed,Good,D3344,Rainy,22.5,76.0,26.32,Healthy
EV3345,Hyundai Kona EV,Hyundai,2023,39,96.7,2035-03-06 00:30:00,2035-03-06 01:01:00,0.52,Belagavi Station 1,Fast,31,28.4,323.0,340.8,EV Fleet India,Belagavi,Completed,Good,D3345,Cloudy,22.5,76.0,26.32,Healthy
EV3346,MG ZS EV,MG,2023,50,91.9,2035-03-07 21:45:00,2035-03-07 22:12:00,0.45,Mysore Station 2,Fast,38,16.8,171.0,201.6,City EV,Mysore,Completed,Good,D3346,Sunny,22.5,76.0,26.32,Healthy
EV3347,BYD Seal,BYD,2023,82,95.7,2035-03-08 04:15:00,2035-03-08 05:09:00,0.9,Hubli Station 2,Fast,39,44.7,130.0,536.4,Premium Fleet,Hubli,Completed,Good,D3347,Rainy,22.5,76.0,26.32,Healthy
EV3348,Tata Nexon EV,Tata,2023,40,94.9,2035-03-09 03:30:00,2035-03-09 05:05:00,1.58,Bangalore Station 1,Normal,32,27.6,283.0,331.2,City EV,Bangalore,Completed,Good,D3348,Rainy,22.5,76.0,26.32,Healthy
EV3349,BYD Atto 3,BYD,2023,60,93.5,2035-03-10 13:15:00,2035-03-10 13:34:00,0.32,Mysore Station 2,Fast,29,19.5,201.0,234,Eco Drive,Mysore,Completed,Good,D3349,Rainy,22.5,76.0,26.32,Healthy
EV3350,BYD Seal,BYD,2023,82,93.2,2035-03-11 15:45:00,2035-03-11 16:08:00,0.38,Belagavi Station 2,Fast,27,15.8,169.0,189.6,City EV,Belagavi,Completed,Good,D3350,Sunny,22.5,76.0,26.32,Healthy
EV3351,BYD Atto 3,BYD,2023,60,92.9,2035-03-12 21:45:00,2035-03-12 22:38:00,0.88,Hubli Station 2,Fast,27,46.2,335.0,554.4,Eco Drive,Hubli,Completed,Good,D3351,Rainy,22.5,76.0,26.32,Healthy
EV3352,Tata Punch EV,Tata,2023,35,96.5,2035-03-13 23:30:00,2035-03-14 00:48:00,1.3,Mangalore Station 1,Normal,32,21.0,108.0,252,Premium Fleet,Mangalore,Completed,Good,D3352,Rainy,22.5,76.0,26.32,Healthy
EV3353,Tata Punch EV,Tata,2023,35,93.3,2035-03-14 00:45:00,2035-03-14 01:10:00,0.42,Bangalore Station 2,Fast,32,15.9,292.0,190.8,City EV,Bangalore,Completed,Good,D3353,Cloudy,22.5,76.0,26.32,Healthy
EV3354,Hyundai Kona EV,Hyundai,2023,39,96.8,2035-03-15 01:00:00,2035-03-15 01:33:00,0.55,Hubli Station 2,Fast,33,22.7,307.0,272.39999999999998,Green Mobility,Hubli,Completed,Good,D3354,Cloudy,22.5,76.0,26.32,Healthy
EV3355,Hyundai Kona EV,Hyundai,2023,39,95.6,2035-03-16 01:00:00,2035-03-16 01:09:00,0.15,Belagavi Station 2,Fast,27,10.1,191.0,121.2,City EV,Belagavi,Completed,Good,D3355,Cloudy,22.5,76.0,26.32,Healthy
EV3356,MG ZS EV,MG,2023,50,96.8,2035-03-17 09:00:00,2035-03-17 10:17:00,1.28,Mangalore Station 2,Normal,29,20.7,170.0,248.4,Eco Drive,Mangalore,Completed,Good,D3356,Rainy,22.5,76.0,26.32,Healthy
EV3357,Tata Punch EV,Tata,2023,35,92.5,2035-03-18 01:00:00,2035-03-18 02:23:00,1.38,Mysore Station 1,Normal,31,23.6,138.0,283.2,Green Mobility,Mysore,Completed,Good,D3357,Rainy,22.5,76.0,26.32,Healthy
EV3358,BYD Atto 3,BYD,2023,60,96.3,2035-03-19 07:15:00,2035-03-19 08:56:00,1.68,Mangalore Station 1,Normal,39,29.7,64.0,356.4,City EV,Mangalore,Completed,Good,D3358,Rainy,22.5,76.0,26.32,Healthy
EV3359,Hyundai Kona EV,Hyundai,2023,39,96.5,2035-03-20 15:30:00,2035-03-20 15:56:00,0.43,Mangalore Station 2,Fast,30,15.5,177.0,186,Eco Drive,Mangalore,Completed,Good,D3359,Rainy,22.5,76.0,26.32,Healthy
EV3360,Tata Punch EV,Tata,2023,35,96.1,2035-03-21 04:45:00,2035-03-21 05:07:00,0.37,Mangalore Station 1,Fast,30,21.5,137.0,258,Green Mobility,Mangalore,Completed,Good,D3360,Rainy,22.5,76.0,26.32,Healthy
EV3361,MG Comet EV,MG,2023,17,96.6,2035-03-22 10:45:00,2035-03-22 10:56:00,0.18,Hubli Station 1,Fast,28,6.6,103.0,79.2,City EV,Hubli,Completed,Good,D3361,Sunny,22.5,76.0,26.32,Healthy
EV3362,MG ZS EV,MG,2023,50,96.0,2035-03-23 10:45:00,2035-03-23 11:17:00,0.53,Bangalore Station 1,Fast,37,26.1,280.0,313.2,Eco Drive,Bangalore,Completed,Good,D3362,Sunny,22.5,76.0,26.32,Healthy
EV3363,BYD Atto 3,BYD,2023,60,93.5,2035-03-24 14:15:00,2035-03-24 15:24:00,1.15,Hubli Station 1,Normal,38,18.5,100.0,222,City EV,Hubli,Completed,Good,D3363,Rainy,22.5,76.0,26.32,Healthy
EV3364,Hyundai Kona EV,Hyundai,2023,39,91.7,2035-03-25 10:30:00,2035-03-25 12:04:00,1.57,Bangalore Station 2,Normal,32,27.5,179.0,330,Green Mobility,Bangalore,Completed,Good,D3364,Cloudy,22.5,76.0,26.32,Healthy
EV3365,MG Comet EV,MG,2023,17,92.4,2035-03-26 20:30:00,2035-03-26 20:40:00,0.17,Belagavi Station 1,Fast,28,12.8,69.0,153.6,City EV,Belagavi,Completed,Good,D3365,Cloudy,22.5,76.0,26.32,Healthy
EV3366,Tata Punch EV,Tata,2023,35,93.0,2035-03-27 20:30:00,2035-03-27 20:48:00,0.3,Mysore Station 1,Fast,37,13.5,95.0,162,Eco Drive,Mysore,Completed,Good,D3366,Sunny,22.5,76.0,26.32,Healthy
EV3367,MG Comet EV,MG,2023,17,94.3,2035-03-28 07:15:00,2035-03-28 07:59:00,0.73,Mangalore Station 2,Normal,32,12.1,105.0,145.19999999999999,City EV,Mangalore,Completed,Good,D3367,Rainy,22.5,76.0,26.32,Healthy
EV3368,Hyundai Kona EV,Hyundai,2023,39,95.1,2035-03-29 04:00:00,2035-03-29 05:00:00,1.0,Mysore Station 2,Normal,34,18.7,116.0,224.4,Premium Fleet,Mysore,Completed,Good,D3368,Sunny,22.5,76.0,26.32,Healthy
EV3369,Kia EV6,Kia,2023,77,93.6,2035-03-30 08:30:00,2035-03-30 09:16:00,0.77,Mysore Station 2,Fast,39,36.6,347.0,439.2,Premium Fleet,Mysore,Completed,Good,D3369,Cloudy,22.5,76.0,26.32,Healthy
EV3370,Tata Punch EV,Tata,2023,35,93.6,2035-03-31 03:15:00,2035-03-31 03:40:00,0.42,Mysore Station 2,Fast,34,21.1,230.0,253.2,City EV,Mysore,Completed,Good,D3370,Rainy,22.5,76.0,26.32,Healthy
EV3371,Tata Curvv EV,Tata,2023,55,91.5,2035-04-01 10:15:00,2035-04-01 11:15:00,1.0,Mysore Station 2,Normal,30,18.5,341.0,222,Eco Drive,Mysore,Completed,Good,D3371,Rainy,22.5,76.0,26.32,Healthy
EV3372,Tata Curvv EV,Tata,2023,55,94.0,2035-04-02 18:45:00,2035-04-02 19:22:00,0.62,Mangalore Station 2,Fast,32,33.3,61.0,399.6,Premium Fleet,Mangalore,Completed,Good,D3372,Sunny,22.5,76.0,26.32,Healthy
EV3373,MG Comet EV,MG,2023,17,95.4,2035-04-03 08:15:00,2035-04-03 08:27:00,0.2,Belagavi Station 2,Fast,37,5.5,137.0,66,Premium Fleet,Belagavi,Completed,Good,D3373,Cloudy,22.5,76.0,26.32,Healthy
EV3374,Kia EV6,Kia,2023,77,94.6,2035-04-04 15:00:00,2035-04-04 16:06:00,1.1,Mysore Station 2,Fast,31,49.2,255.0,590.4,EV Fleet India,Mysore,Completed,Good,D3374,Rainy,22.5,76.0,26.32,Healthy
EV3375,Kia EV6,Kia,2023,77,95.6,2035-04-05 23:00:00,2035-04-06 00:55:00,1.92,Mysore Station 1,Normal,39,35.6,346.0,427.2,Green Mobility,Mysore,Completed,Good,D3375,Rainy,22.5,76.0,26.32,Healthy
EV3376,Hyundai Kona EV,Hyundai,2023,39,94.8,2035-04-06 10:00:00,2035-04-06 10:19:00,0.32,Mangalore Station 1,Fast,28,9.9,135.0,118.8,Premium Fleet,Mangalore,Completed,Good,D3376,Cloudy,22.5,76.0,26.32,Healthy
EV3377,Hyundai Kona EV,Hyundai,2023,39,93.7,2035-04-07 23:15:00,2035-04-07 23:41:00,0.43,Bangalore Station 1,Fast,27,23.1,268.0,277.2,Eco Drive,Bangalore,Completed,Good,D3377,Cloudy,22.5,76.0,26.32,Healthy
EV3378,Tata Nexon EV,Tata,2023,40,96.0,2035-04-08 07:30:00,2035-04-08 08:47:00,1.28,Hubli Station 1,Normal,27,24.6,152.0,295.2,EV Fleet India,Hubli,Completed,Good,D3378,Cloudy,22.5,76.0,26.32,Healthy
EV3379,MG ZS EV,MG,2023,50,96.4,2035-04-09 19:30:00,2035-04-09 19:57:00,0.45,Bangalore Station 2,Fast,34,21.4,257.0,256.8,Eco Drive,Bangalore,Completed,Good,D3379,Cloudy,22.5,76.0,26.32,Healthy
EV3380,Tata Punch EV,Tata,2023,35,94.8,2035-04-10 08:30:00,2035-04-10 08:59:00,0.48,Mangalore Station 2,Fast,33,20.0,189.0,240,City EV,Mangalore,Completed,Good,D3380,Cloudy,22.5,76.0,26.32,Healthy
EV3381,Mahindra XUV400,Mahindra,2023,39,94.5,2035-04-11 18:45:00,2035-04-11 20:20:00,1.58,Mysore Station 1,Normal,35,26.6,67.0,319.2,EV Fleet India,Mysore,Completed,Good,D3381,Sunny,22.5,76.0,26.32,Healthy
EV3382,Tata Punch EV,Tata,2023,35,96.2,2035-04-12 08:15:00,2035-04-12 09:27:00,1.2,Mysore Station 1,Normal,36,22.1,335.0,265.2,City EV,Mysore,Completed,Good,D3382,Cloudy,22.5,76.0,26.32,Healthy
EV3383,Hyundai Kona EV,Hyundai,2023,39,96.3,2035-04-13 18:00:00,2035-04-13 19:10:00,1.17,Hubli Station 1,Normal,31,19.0,166.0,228,Green Mobility,Hubli,Completed,Good,D3383,Rainy,22.5,76.0,26.32,Healthy
EV3384,Mahindra XUV400,Mahindra,2023,39,94.3,2035-04-14 20:00:00,2035-04-14 21:18:00,1.3,Bangalore Station 1,Normal,30,22.2,94.0,266.39999999999998,EV Fleet India,Bangalore,Completed,Good,D3384,Cloudy,22.5,76.0,26.32,Healthy
EV3385,Tata Nexon EV,Tata,2023,40,95.2,2035-04-15 05:00:00,2035-04-15 05:19:00,0.32,Hubli Station 1,Fast,35,13.9,252.0,166.8,EV Fleet India,Hubli,Completed,Good,D3385,Rainy,22.5,76.0,26.32,Healthy
EV3386,Kia EV6,Kia,2023,77,93.4,2035-04-16 02:30:00,2035-04-16 05:43:00,3.22,Mangalore Station 2,Normal,39,57.6,312.0,691.2,EV Fleet India,Mangalore,Completed,Good,D3386,Sunny,22.5,76.0,26.32,Healthy
EV3387,Kia EV6,Kia,2023,77,93.6,2035-04-17 23:15:00,2035-04-18 00:14:00,0.98,Hubli Station 2,Fast,36,47.3,78.0,567.6,Green Mobility,Hubli,Completed,Good,D3387,Cloudy,22.5,76.0,26.32,Healthy
EV3388,BYD Seal,BYD,2023,82,95.5,2035-04-18 10:30:00,2035-04-18 12:22:00,1.87,Hubli Station 1,Normal,30,33.8,61.0,405.6,Green Mobility,Hubli,Completed,Good,D3388,Cloudy,22.5,76.0,26.32,Healthy
EV3389,MG Comet EV,MG,2023,17,91.4,2035-04-19 00:30:00,2035-04-19 00:40:00,0.17,Belagavi Station 1,Fast,34,10.3,329.0,123.6,City EV,Belagavi,Completed,Good,D3389,Rainy,22.5,76.0,26.32,Healthy
EV3390,BYD Atto 3,BYD,2023,60,94.8,2035-04-20 19:45:00,2035-04-20 20:27:00,0.7,Bangalore Station 1,Fast,33,39.7,102.0,476.4,Premium Fleet,Bangalore,Completed,Good,D3390,Sunny,22.5,76.0,26.32,Healthy
EV3391,Tata Punch EV,Tata,2023,35,92.7,2035-04-21 13:45:00,2035-04-21 14:38:00,0.88,Bangalore Station 2,Normal,31,16.4,309.0,196.8,Premium Fleet,Bangalore,Completed,Good,D3391,Cloudy,22.5,76.0,26.32,Healthy
EV3392,BYD Seal,BYD,2023,82,93.3,2035-04-22 04:00:00,2035-04-22 04:58:00,0.97,Mysore Station 2,Fast,39,46.1,214.0,553.20000000000005,Premium Fleet,Mysore,Completed,Good,D3392,Rainy,22.5,76.0,26.32,Healthy
EV3393,Mahindra XUV400,Mahindra,2023,39,96.9,2035-04-23 19:45:00,2035-04-23 21:02:00,1.28,Hubli Station 1,Normal,32,23.0,205.0,276,Eco Drive,Hubli,Completed,Good,D3393,Rainy,22.5,76.0,26.32,Healthy
EV3394,MG Comet EV,MG,2023,17,91.9,2035-04-24 03:15:00,2035-04-24 03:22:00,0.12,Mangalore Station 2,Fast,34,7.0,240.0,84,Eco Drive,Mangalore,Completed,Good,D3394,Cloudy,22.5,76.0,26.32,Healthy
EV3395,Tata Punch EV,Tata,2023,35,96.3,2035-04-25 04:30:00,2035-04-25 05:22:00,0.87,Mangalore Station 2,Normal,32,17.1,208.0,205.2,Premium Fleet,Mangalore,Completed,Good,D3395,Sunny,22.5,76.0,26.32,Healthy
EV3396,BYD Seal,BYD,2023,82,96.2,2035-04-26 23:15:00,2035-04-27 01:37:00,2.37,Mangalore Station 2,Normal,28,43.8,223.0,525.6,City EV,Mangalore,Completed,Good,D3396,Cloudy,22.5,76.0,26.32,Healthy
EV3397,Tata Punch EV,Tata,2023,35,96.2,2035-04-27 17:00:00,2035-04-27 18:30:00,1.5,Belagavi Station 1,Normal,34,27.7,184.0,332.4,Green Mobility,Belagavi,Completed,Good,D3397,Rainy,22.5,76.0,26.32,Healthy
EV3398,Tata Punch EV,Tata,2023,35,94.2,2035-04-28 21:15:00,2035-04-28 22:43:00,1.47,Mangalore Station 2,Normal,36,24.7,176.0,296.39999999999998,Green Mobility,Mangalore,Completed,Good,D3398,Sunny,22.5,76.0,26.32,Healthy
EV3399,Hyundai Kona EV,Hyundai,2023,39,96.4,2035-04-29 17:30:00,2035-04-29 18:07:00,0.62,Mangalore Station 1,Fast,28,25.7,266.0,308.39999999999998,Premium Fleet,Mangalore,Completed,Good,D3399,Rainy,22.5,76.0,26.32,Healthy
EV3400,Kia EV6,Kia,2023,77,95.5,2035-04-30 03:15:00,2035-04-30 03:58:00,0.72,Mangalore Station 1,Fast,29,32.8,242.0,393.6,Premium Fleet,Mangalore,Completed,Good,D3400,Cloudy,22.5,76.0,26.32,Healthy
EV3401,Tata Curvv EV,Tata,2023,55,91.5,2035-05-01 23:15:00,2035-05-02 00:51:00,1.6,Mangalore Station 1,Normal,31,26.9,299.0,322.8,Green Mobility,Mangalore,Completed,Good,D3401,Rainy,22.5,76.0,26.32,Healthy
EV3402,Kia EV6,Kia,2023,77,95.6,2035-05-02 05:00:00,2035-05-02 07:08:00,2.13,Bangalore Station 2,Normal,36,38.3,126.0,459.6,Premium Fleet,Bangalore,Completed,Good,D3402,Cloudy,22.5,76.0,26.32,Healthy
EV3403,MG ZS EV,MG,2023,50,95.1,2035-05-03 00:00:00,2035-05-03 00:20:00,0.33,Mysore Station 2,Fast,34,16.9,134.0,202.8,Eco Drive,Mysore,Completed,Good,D3403,Sunny,22.5,76.0,26.32,Healthy
EV3404,MG ZS EV,MG,2023,50,95.6,2035-05-04 11:15:00,2035-05-04 11:43:00,0.47,Bangalore Station 2,Fast,36,23.6,254.0,283.2,EV Fleet India,Bangalore,Completed,Good,D3404,Cloudy,22.5,76.0,26.32,Healthy
EV3405,MG Comet EV,MG,2023,17,91.4,2035-05-05 19:15:00,2035-05-05 19:45:00,0.5,Bangalore Station 2,Normal,31,10.0,125.0,120,Green Mobility,Bangalore,Completed,Good,D3405,Rainy,22.5,76.0,26.32,Healthy
EV3406,Tata Nexon EV,Tata,2023,40,92.2,2035-05-06 18:30:00,2035-05-06 19:01:00,0.52,Bangalore Station 1,Normal,33,10.7,320.0,128.4,Eco Drive,Bangalore,Completed,Good,D3406,Sunny,22.5,76.0,26.32,Healthy
EV3407,MG ZS EV,MG,2023,50,96.1,2035-05-07 12:00:00,2035-05-07 12:22:00,0.37,Mangalore Station 1,Fast,37,20.4,320.0,244.8,Eco Drive,Mangalore,Completed,Good,D3407,Sunny,22.5,76.0,26.32,Healthy
EV3408,Tata Nexon EV,Tata,2023,40,94.6,2035-05-08 22:15:00,2035-05-08 23:32:00,1.28,Hubli Station 1,Normal,35,20.8,155.0,249.6,Green Mobility,Hubli,Completed,Good,D3408,Rainy,22.5,76.0,26.32,Healthy
EV3409,BYD Seal,BYD,2023,82,92.9,2035-05-09 13:00:00,2035-05-09 15:44:00,2.73,Mangalore Station 1,Normal,27,49.8,300.0,597.6,Green Mobility,Mangalore,Completed,Good,D3409,Rainy,22.5,76.0,26.32,Healthy
EV3410,Tata Nexon EV,Tata,2023,40,92.2,2035-05-10 21:15:00,2035-05-10 22:40:00,1.42,Hubli Station 2,Normal,35,25.9,118.0,310.8,City EV,Hubli,Completed,Good,D3410,Sunny,22.5,76.0,26.32,Healthy
EV3411,Tata Nexon EV,Tata,2023,40,91.5,2035-05-11 23:00:00,2035-05-12 00:08:00,1.13,Hubli Station 2,Normal,28,19.9,212.0,238.8,Premium Fleet,Hubli,Completed,Good,D3411,Cloudy,22.5,76.0,26.32,Healthy
EV3412,Tata Nexon EV,Tata,2023,40,94.1,2035-05-12 04:00:00,2035-05-12 04:35:00,0.58,Mysore Station 1,Fast,30,26.2,296.0,314.39999999999998,Green Mobility,Mysore,Completed,Good,D3412,Rainy,22.5,76.0,26.32,Healthy
EV3413,Kia EV6,Kia,2023,77,96.8,2035-05-13 10:30:00,2035-05-13 12:05:00,1.58,Bangalore Station 1,Normal,32,29.5,121.0,354,Premium Fleet,Bangalore,Completed,Good,D3413,Cloudy,22.5,76.0,26.32,Healthy
EV3414,MG Comet EV,MG,2023,17,91.9,2035-05-14 00:00:00,2035-05-14 00:10:00,0.17,Belagavi Station 2,Fast,36,6.1,258.0,73.2,EV Fleet India,Belagavi,Completed,Good,D3414,Cloudy,22.5,76.0,26.32,Healthy
EV3415,MG ZS EV,MG,2023,50,96.2,2035-05-15 09:30:00,2035-05-15 10:28:00,0.97,Hubli Station 1,Normal,36,18.2,188.0,218.4,EV Fleet India,Hubli,Completed,Good,D3415,Cloudy,22.5,76.0,26.32,Healthy
EV3416,BYD Atto 3,BYD,2023,60,97.1,2035-05-16 20:15:00,2035-05-16 20:42:00,0.45,Belagavi Station 1,Fast,33,16.8,195.0,201.6,EV Fleet India,Belagavi,Completed,Good,D3416,Cloudy,22.5,76.0,26.32,Healthy
EV3417,Hyundai Kona EV,Hyundai,2023,39,96.8,2035-05-17 15:45:00,2035-05-17 16:15:00,0.5,Hubli Station 1,Fast,32,22.3,162.0,267.60000000000002,Premium Fleet,Hubli,Completed,Good,D3417,Sunny,22.5,76.0,26.32,Healthy
EV3418,Kia EV6,Kia,2023,77,93.0,2035-05-18 07:00:00,2035-05-18 07:47:00,0.78,Mangalore Station 1,Fast,34,38.4,110.0,460.8,EV Fleet India,Mangalore,Completed,Good,D3418,Cloudy,22.5,76.0,26.32,Healthy
EV3419,Hyundai Kona EV,Hyundai,2023,39,95.9,2035-05-19 05:45:00,2035-05-19 06:17:00,0.53,Belagavi Station 2,Fast,28,25.6,246.0,307.2,EV Fleet India,Belagavi,Completed,Good,D3419,Rainy,22.5,76.0,26.32,Healthy
EV3420,Mahindra XUV400,Mahindra,2023,39,95.9,2035-05-20 08:15:00,2035-05-20 09:02:00,0.78,Belagavi Station 2,Normal,29,14.5,148.0,174,Eco Drive,Belagavi,Completed,Good,D3420,Cloudy,22.5,76.0,26.32,Healthy
EV3421,MG Comet EV,MG,2023,17,96.0,2035-05-21 02:45:00,2035-05-21 03:24:00,0.65,Mangalore Station 2,Normal,32,12.5,76.0,150,Green Mobility,Mangalore,Completed,Good,D3421,Rainy,22.5,76.0,26.32,Healthy
EV3422,BYD Atto 3,BYD,2023,60,93.8,2035-05-22 20:45:00,2035-05-22 21:19:00,0.57,Belagavi Station 1,Fast,35,26.1,246.0,313.2,Eco Drive,Belagavi,Completed,Good,D3422,Sunny,22.5,76.0,26.32,Healthy
EV3423,Tata Punch EV,Tata,2023,35,92.7,2035-05-23 12:45:00,2035-05-23 14:10:00,1.42,Mangalore Station 2,Normal,32,24.4,71.0,292.8,Premium Fleet,Mangalore,Completed,Good,D3423,Rainy,22.5,76.0,26.32,Healthy
EV3424,Mahindra XUV400,Mahindra,2023,39,93.9,2035-05-24 01:15:00,2035-05-24 02:48:00,1.55,Belagavi Station 1,Normal,27,26.6,98.0,319.2,Premium Fleet,Belagavi,Completed,Good,D3424,Cloudy,22.5,76.0,26.32,Healthy
EV3425,Tata Punch EV,Tata,2023,35,96.2,2035-05-25 04:00:00,2035-05-25 04:21:00,0.35,Mysore Station 2,Fast,33,13.8,200.0,165.6,Premium Fleet,Mysore,Completed,Good,D3425,Rainy,22.5,76.0,26.32,Healthy
EV3426,Tata Punch EV,Tata,2023,35,97.2,2035-05-26 09:15:00,2035-05-26 09:23:00,0.13,Mysore Station 1,Fast,27,10.2,211.0,122.4,EV Fleet India,Mysore,Completed,Good,D3426,Rainy,22.5,76.0,26.32,Healthy
EV3427,MG Comet EV,MG,2023,17,92.9,2035-05-27 07:30:00,2035-05-27 07:38:00,0.13,Belagavi Station 2,Fast,39,10.5,173.0,126,Green Mobility,Belagavi,Completed,Good,D3427,Sunny,22.5,76.0,26.32,Healthy
EV3428,MG ZS EV,MG,2023,50,95.0,2035-05-28 14:15:00,2035-05-28 15:56:00,1.68,Belagavi Station 2,Normal,33,28.2,212.0,338.4,Premium Fleet,Belagavi,Completed,Good,D3428,Sunny,22.5,76.0,26.32,Healthy
EV3429,Hyundai Kona EV,Hyundai,2023,39,94.0,2035-05-29 09:15:00,2035-05-29 09:36:00,0.35,Mangalore Station 2,Fast,37,17.1,347.0,205.2,Green Mobility,Mangalore,Completed,Good,D3429,Sunny,22.5,76.0,26.32,Healthy
EV3430,Hyundai Kona EV,Hyundai,2023,39,96.2,2035-05-30 07:15:00,2035-05-30 07:43:00,0.47,Belagavi Station 2,Fast,31,27.3,97.0,327.60000000000002,EV Fleet India,Belagavi,Completed,Good,D3430,Cloudy,22.5,76.0,26.32,Healthy
EV3431,MG Comet EV,MG,2023,17,92.7,2035-05-31 22:45:00,2035-05-31 23:00:00,0.25,Bangalore Station 2,Fast,28,8.8,311.0,105.6,Premium Fleet,Bangalore,Completed,Good,D3431,Rainy,22.5,76.0,26.32,Healthy
EV3432,BYD Seal,BYD,2023,82,96.0,2035-06-01 12:45:00,2035-06-01 13:37:00,0.87,Belagavi Station 1,Fast,38,39.1,318.0,469.2,Eco Drive,Belagavi,Completed,Good,D3432,Sunny,22.5,76.0,26.32,Healthy
EV3433,Tata Punch EV,Tata,2023,35,91.9,2035-06-02 19:15:00,2035-06-02 20:01:00,0.77,Hubli Station 1,Normal,32,14.2,175.0,170.4,City EV,Hubli,Completed,Good,D3433,Cloudy,22.5,76.0,26.32,Healthy
EV3434,Kia EV6,Kia,2023,77,92.4,2035-06-03 18:15:00,2035-06-03 20:05:00,1.83,Mysore Station 2,Normal,36,33.3,290.0,399.6,Green Mobility,Mysore,Completed,Good,D3434,Sunny,22.5,76.0,26.32,Healthy
EV3435,BYD Atto 3,BYD,2023,60,96.5,2035-06-04 16:30:00,2035-06-04 17:05:00,0.58,Belagavi Station 2,Fast,35,32.9,111.0,394.8,Premium Fleet,Belagavi,Completed,Good,D3435,Cloudy,22.5,76.0,26.32,Healthy
EV3436,Mahindra XUV400,Mahindra,2023,39,91.6,2035-06-05 14:45:00,2035-06-05 15:09:00,0.4,Bangalore Station 1,Fast,34,14.8,342.0,177.6,Green Mobility,Bangalore,Completed,Good,D3436,Rainy,22.5,76.0,26.32,Healthy
EV3437,Kia EV6,Kia,2023,77,96.5,2035-06-06 11:30:00,2035-06-06 14:12:00,2.7,Hubli Station 1,Normal,36,47.1,207.0,565.20000000000005,EV Fleet India,Hubli,Completed,Good,D3437,Rainy,22.5,76.0,26.32,Healthy
EV3438,Tata Curvv EV,Tata,2023,55,94.7,2035-06-07 07:00:00,2035-06-07 07:46:00,0.77,Bangalore Station 1,Fast,37,40.1,258.0,481.2,Eco Drive,Bangalore,Completed,Good,D3438,Sunny,22.5,76.0,26.32,Healthy
EV3439,BYD Atto 3,BYD,2023,60,91.4,2035-06-08 09:45:00,2035-06-08 10:04:00,0.32,Mysore Station 2,Fast,33,19.6,178.0,235.2,City EV,Mysore,Completed,Good,D3439,Sunny,22.5,76.0,26.32,Healthy
EV3440,Kia EV6,Kia,2023,77,97.0,2035-06-09 18:30:00,2035-06-09 20:58:00,2.47,Hubli Station 2,Normal,33,43.9,270.0,526.79999999999995,Eco Drive,Hubli,Completed,Good,D3440,Sunny,22.5,76.0,26.32,Healthy
EV3441,Kia EV6,Kia,2023,77,92.3,2035-06-10 20:15:00,2035-06-10 21:45:00,1.5,Hubli Station 2,Normal,33,26.9,288.0,322.8,Premium Fleet,Hubli,Completed,Good,D3441,Cloudy,22.5,76.0,26.32,Healthy
EV3442,Mahindra XUV400,Mahindra,2023,39,97.1,2035-06-11 03:45:00,2035-06-11 05:03:00,1.3,Hubli Station 1,Normal,36,23.6,263.0,283.2,Eco Drive,Hubli,Completed,Good,D3442,Rainy,22.5,76.0,26.32,Healthy
EV3443,BYD Atto 3,BYD,2023,60,95.1,2035-06-12 02:30:00,2035-06-12 04:21:00,1.85,Hubli Station 2,Normal,29,34.4,343.0,412.8,City EV,Hubli,Completed,Good,D3443,Rainy,22.5,76.0,26.32,Healthy
EV3444,Mahindra XUV400,Mahindra,2023,39,94.6,2035-06-13 05:45:00,2035-06-13 07:15:00,1.5,Mysore Station 1,Normal,39,26.6,186.0,319.2,City EV,Mysore,Completed,Good,D3444,Sunny,22.5,76.0,26.32,Healthy
EV3445,BYD Seal,BYD,2023,82,95.4,2035-06-14 01:30:00,2035-06-14 02:14:00,0.73,Bangalore Station 2,Fast,37,33.8,110.0,405.6,City EV,Bangalore,Completed,Good,D3445,Cloudy,22.5,76.0,26.32,Healthy
EV3446,MG Comet EV,MG,2023,17,93.8,2035-06-15 05:00:00,2035-06-15 05:14:00,0.23,Mangalore Station 1,Fast,37,6.4,215.0,76.8,Premium Fleet,Mangalore,Completed,Good,D3446,Rainy,22.5,76.0,26.32,Healthy
EV3447,Hyundai Kona EV,Hyundai,2023,39,95.7,2035-06-16 18:15:00,2035-06-16 18:43:00,0.47,Belagavi Station 2,Fast,39,21.0,98.0,252,Premium Fleet,Belagavi,Completed,Good,D3447,Cloudy,22.5,76.0,26.32,Healthy
EV3448,Tata Punch EV,Tata,2023,35,96.1,2035-06-17 06:30:00,2035-06-17 07:58:00,1.47,Belagavi Station 1,Normal,34,26.8,141.0,321.60000000000002,Green Mobility,Belagavi,Completed,Good,D3448,Sunny,22.5,76.0,26.32,Healthy
EV3449,MG Comet EV,MG,2023,17,96.0,2035-06-18 23:15:00,2035-06-18 23:28:00,0.22,Bangalore Station 2,Fast,28,6.8,254.0,81.599999999999994,Green Mobility,Bangalore,Completed,Good,D3449,Cloudy,22.5,76.0,26.32,Healthy
EV3450,MG Comet EV,MG,2023,17,95.9,2035-06-19 07:45:00,2035-06-19 07:58:00,0.22,Mangalore Station 1,Fast,36,12.6,245.0,151.19999999999999,Eco Drive,Mangalore,Completed,Good,D3450,Rainy,22.5,76.0,26.32,Healthy
EV3451,Tata Nexon EV,Tata,2023,40,96.3,2035-06-20 05:00:00,2035-06-20 05:37:00,0.62,Mangalore Station 2,Normal,33,10.8,279.0,129.6,Green Mobility,Mangalore,Completed,Good,D3451,Rainy,22.5,76.0,26.32,Healthy
EV3452,BYD Seal,BYD,2023,82,95.2,2035-06-21 10:45:00,2035-06-21 11:29:00,0.73,Hubli Station 1,Fast,39,37.4,204.0,448.8,Eco Drive,Hubli,Completed,Good,D3452,Sunny,22.5,76.0,26.32,Healthy
EV3453,MG ZS EV,MG,2023,50,91.3,2035-06-22 09:00:00,2035-06-22 10:34:00,1.57,Belagavi Station 1,Normal,37,27.2,72.0,326.39999999999998,Green Mobility,Belagavi,Completed,Good,D3453,Rainy,22.5,76.0,26.32,Healthy
EV3454,MG ZS EV,MG,2023,50,92.8,2035-06-23 19:15:00,2035-06-23 19:33:00,0.3,Bangalore Station 2,Fast,30,16.7,293.0,200.4,EV Fleet India,Bangalore,Completed,Good,D3454,Rainy,22.5,76.0,26.32,Healthy
EV3455,Hyundai Kona EV,Hyundai,2023,39,91.4,2035-06-24 18:15:00,2035-06-24 18:44:00,0.48,Hubli Station 1,Fast,31,22.4,123.0,268.8,Green Mobility,Hubli,Completed,Good,D3455,Sunny,22.5,76.0,26.32,Healthy
EV3456,Hyundai Kona EV,Hyundai,2023,39,92.1,2035-06-25 07:30:00,2035-06-25 07:54:00,0.4,Bangalore Station 1,Fast,32,18.0,202.0,216,Premium Fleet,Bangalore,Completed,Good,D3456,Sunny,22.5,76.0,26.32,Healthy
EV3457,Mahindra XUV400,Mahindra,2023,39,92.2,2035-06-26 12:15:00,2035-06-26 12:39:00,0.4,Mysore Station 1,Fast,30,15.6,127.0,187.2,Eco Drive,Mysore,Completed,Good,D3457,Cloudy,22.5,76.0,26.32,Healthy
EV3458,BYD Seal,BYD,2023,82,96.4,2035-06-27 04:45:00,2035-06-27 06:33:00,1.8,Mangalore Station 2,Normal,34,30.1,241.0,361.2,Eco Drive,Mangalore,Completed,Good,D3458,Cloudy,22.5,76.0,26.32,Healthy
EV3459,Tata Nexon EV,Tata,2023,40,96.5,2035-06-28 05:45:00,2035-06-28 06:14:00,0.48,Mysore Station 2,Fast,31,24.5,275.0,294,City EV,Mysore,Completed,Good,D3459,Cloudy,22.5,76.0,26.32,Healthy
EV3460,MG Comet EV,MG,2023,17,94.0,2035-06-29 03:15:00,2035-06-29 03:22:00,0.12,Belagavi Station 2,Fast,34,3.9,123.0,46.8,Eco Drive,Belagavi,Completed,Good,D3460,Cloudy,22.5,76.0,26.32,Healthy
EV3461,Tata Curvv EV,Tata,2023,55,92.9,2035-06-30 02:00:00,2035-06-30 03:29:00,1.48,Mysore Station 1,Normal,34,25.1,344.0,301.2,EV Fleet India,Mysore,Completed,Good,D3461,Sunny,22.5,76.0,26.32,Healthy
EV3462,Tata Nexon EV,Tata,2023,40,96.3,2035-07-01 16:45:00,2035-07-01 17:10:00,0.42,Mangalore Station 2,Fast,35,24.9,327.0,298.8,Green Mobility,Mangalore,Completed,Good,D3462,Rainy,22.5,76.0,26.32,Healthy
EV3463,MG ZS EV,MG,2023,50,91.4,2035-07-02 23:15:00,2035-07-02 23:43:00,0.47,Mysore Station 1,Fast,32,24.0,271.0,288,Green Mobility,Mysore,Completed,Good,D3463,Rainy,22.5,76.0,26.32,Healthy
EV3464,Tata Punch EV,Tata,2023,35,91.7,2035-07-03 04:45:00,2035-07-03 05:28:00,0.72,Belagavi Station 1,Normal,29,11.2,297.0,134.4,Premium Fleet,Belagavi,Completed,Good,D3464,Sunny,22.5,76.0,26.32,Healthy
EV3465,Mahindra XUV400,Mahindra,2023,39,96.5,2035-07-04 01:00:00,2035-07-04 02:02:00,1.03,Mangalore Station 2,Normal,27,16.3,215.0,195.6,Eco Drive,Mangalore,Completed,Good,D3465,Rainy,22.5,76.0,26.32,Healthy
EV3466,BYD Seal,BYD,2023,82,95.2,2035-07-05 22:00:00,2035-07-05 22:39:00,0.65,Belagavi Station 2,Fast,30,30.7,67.0,368.4,Green Mobility,Belagavi,Completed,Good,D3466,Rainy,22.5,76.0,26.32,Healthy
EV3467,Kia EV6,Kia,2023,77,91.7,2035-07-06 01:45:00,2035-07-06 04:32:00,2.78,Hubli Station 2,Normal,29,50.0,69.0,600,Premium Fleet,Hubli,Completed,Good,D3467,Cloudy,22.5,76.0,26.32,Healthy
EV3468,BYD Atto 3,BYD,2023,60,92.6,2035-07-07 18:00:00,2035-07-07 18:21:00,0.35,Mangalore Station 1,Fast,30,22.3,247.0,267.60000000000002,Green Mobility,Mangalore,Completed,Good,D3468,Sunny,22.5,76.0,26.32,Healthy
EV3469,Mahindra XUV400,Mahindra,2023,39,92.7,2035-07-08 18:15:00,2035-07-08 18:43:00,0.47,Bangalore Station 2,Fast,37,26.4,67.0,316.8,City EV,Bangalore,Completed,Good,D3469,Rainy,22.5,76.0,26.32,Healthy
EV3470,Kia EV6,Kia,2023,77,92.2,2035-07-09 20:00:00,2035-07-09 20:20:00,0.33,Belagavi Station 1,Fast,28,20.5,332.0,246,Eco Drive,Belagavi,Completed,Good,D3470,Cloudy,22.5,76.0,26.32,Healthy
EV3471,Tata Curvv EV,Tata,2023,55,94.0,2035-07-10 06:30:00,2035-07-10 06:51:00,0.35,Belagavi Station 1,Fast,39,17.9,266.0,214.8,City EV,Belagavi,Completed,Good,D3471,Sunny,22.5,76.0,26.32,Healthy
EV3472,BYD Seal,BYD,2023,82,94.6,2035-07-11 22:15:00,2035-07-11 23:21:00,1.1,Bangalore Station 1,Fast,35,51.8,201.0,621.6,Green Mobility,Bangalore,Completed,Good,D3472,Cloudy,22.5,76.0,26.32,Healthy
EV3473,Mahindra XUV400,Mahindra,2023,39,94.6,2035-07-12 22:45:00,2035-07-12 23:07:00,0.37,Mysore Station 1,Fast,39,19.5,119.0,234,City EV,Mysore,Completed,Good,D3473,Rainy,22.5,76.0,26.32,Healthy
EV3474,BYD Atto 3,BYD,2023,60,93.6,2035-07-13 15:45:00,2035-07-13 16:18:00,0.55,Hubli Station 2,Fast,31,26.7,204.0,320.39999999999998,City EV,Hubli,Completed,Good,D3474,Cloudy,22.5,76.0,26.32,Healthy
EV3475,Mahindra XUV400,Mahindra,2023,39,96.2,2035-07-14 12:00:00,2035-07-14 12:19:00,0.32,Hubli Station 2,Fast,30,16.1,120.0,193.2,EV Fleet India,Hubli,Completed,Good,D3475,Rainy,22.5,76.0,26.32,Healthy
EV3476,BYD Seal,BYD,2023,82,95.1,2035-07-15 06:00:00,2035-07-15 06:40:00,0.67,Bangalore Station 2,Fast,37,36.5,267.0,438,Eco Drive,Bangalore,Completed,Good,D3476,Cloudy,22.5,76.0,26.32,Healthy
EV3477,Kia EV6,Kia,2023,77,93.6,2035-07-16 08:15:00,2035-07-16 09:30:00,1.25,Bangalore Station 1,Fast,31,58.3,172.0,699.6,Eco Drive,Bangalore,Completed,Good,D3477,Cloudy,22.5,76.0,26.32,Healthy
EV3478,BYD Atto 3,BYD,2023,60,91.9,2035-07-17 13:30:00,2035-07-17 14:12:00,0.7,Mysore Station 1,Fast,33,39.4,202.0,472.8,City EV,Mysore,Completed,Good,D3478,Rainy,22.5,76.0,26.32,Healthy
EV3479,MG ZS EV,MG,2023,50,93.8,2035-07-18 02:15:00,2035-07-18 03:59:00,1.73,Mysore Station 1,Normal,37,29.5,121.0,354,EV Fleet India,Mysore,Completed,Good,D3479,Rainy,22.5,76.0,26.32,Healthy
EV3480,Tata Nexon EV,Tata,2023,40,93.4,2035-07-19 06:15:00,2035-07-19 07:51:00,1.6,Belagavi Station 1,Normal,39,27.1,124.0,325.2,Eco Drive,Belagavi,Completed,Good,D3480,Cloudy,22.5,76.0,26.32,Healthy
EV3481,MG ZS EV,MG,2023,50,92.0,2035-07-20 09:45:00,2035-07-20 11:52:00,2.12,Belagavi Station 1,Normal,29,36.1,135.0,433.2,City EV,Belagavi,Completed,Good,D3481,Sunny,22.5,76.0,26.32,Healthy
EV3482,MG Comet EV,MG,2023,17,96.7,2035-07-21 23:15:00,2035-07-21 23:26:00,0.18,Belagavi Station 1,Fast,36,10.5,80.0,126,Eco Drive,Belagavi,Completed,Good,D3482,Sunny,22.5,76.0,26.32,Healthy
EV3483,Tata Punch EV,Tata,2023,35,96.8,2035-07-22 18:30:00,2035-07-22 18:48:00,0.3,Hubli Station 2,Fast,39,10.8,215.0,129.6,Premium Fleet,Hubli,Completed,Good,D3483,Sunny,22.5,76.0,26.32,Healthy
EV3484,BYD Seal,BYD,2023,82,97.0,2035-07-23 22:45:00,2035-07-24 01:10:00,2.42,Mangalore Station 1,Normal,31,43.0,200.0,516,Eco Drive,Mangalore,Completed,Good,D3484,Sunny,22.5,76.0,26.32,Healthy
EV3485,MG Comet EV,MG,2023,17,91.4,2035-07-24 08:45:00,2035-07-24 09:29:00,0.73,Mangalore Station 2,Normal,35,11.2,158.0,134.4,Green Mobility,Mangalore,Completed,Good,D3485,Rainy,22.5,76.0,26.32,Healthy
EV3486,BYD Atto 3,BYD,2023,60,93.7,2035-07-25 19:00:00,2035-07-25 19:44:00,0.73,Bangalore Station 1,Fast,39,35.6,343.0,427.2,EV Fleet India,Bangalore,Completed,Good,D3486,Sunny,22.5,76.0,26.32,Healthy
EV3487,Hyundai Kona EV,Hyundai,2023,39,97.1,2035-07-26 05:00:00,2035-07-26 05:14:00,0.23,Mysore Station 2,Fast,38,15.6,284.0,187.2,Eco Drive,Mysore,Completed,Good,D3487,Rainy,22.5,76.0,26.32,Healthy
EV3488,BYD Seal,BYD,2023,82,96.7,2035-07-27 00:15:00,2035-07-27 00:46:00,0.52,Mysore Station 1,Fast,34,27.8,311.0,333.6,Eco Drive,Mysore,Completed,Good,D3488,Rainy,22.5,76.0,26.32,Healthy
EV3489,Tata Nexon EV,Tata,2023,40,94.2,2035-07-28 18:30:00,2035-07-28 18:39:00,0.15,Bangalore Station 1,Fast,35,11.6,228.0,139.19999999999999,City EV,Bangalore,Completed,Good,D3489,Cloudy,22.5,76.0,26.32,Healthy
EV3490,MG ZS EV,MG,2023,50,96.1,2035-07-29 05:30:00,2035-07-29 05:59:00,0.48,Mysore Station 1,Normal,35,10.0,272.0,120,EV Fleet India,Mysore,Completed,Good,D3490,Cloudy,22.5,76.0,26.32,Healthy
EV3491,Tata Nexon EV,Tata,2023,40,95.5,2035-07-30 05:00:00,2035-07-30 06:14:00,1.23,Hubli Station 2,Normal,37,21.8,134.0,261.60000000000002,City EV,Hubli,Completed,Good,D3491,Rainy,22.5,76.0,26.32,Healthy
EV3492,Tata Nexon EV,Tata,2023,40,93.1,2035-07-31 20:15:00,2035-07-31 20:54:00,0.65,Bangalore Station 1,Normal,28,13.2,101.0,158.4,Green Mobility,Bangalore,Completed,Good,D3492,Sunny,22.5,76.0,26.32,Healthy
EV3493,MG ZS EV,MG,2023,50,96.8,2035-08-01 06:15:00,2035-08-01 07:10:00,0.92,Hubli Station 2,Fast,27,39.9,250.0,478.8,City EV,Hubli,Completed,Good,D3493,Cloudy,22.5,76.0,26.32,Healthy
EV3494,Tata Punch EV,Tata,2023,35,95.4,2035-08-02 21:00:00,2035-08-02 21:21:00,0.35,Mangalore Station 1,Fast,31,20.5,70.0,246,Green Mobility,Mangalore,Completed,Good,D3494,Rainy,22.5,76.0,26.32,Healthy
EV3495,Hyundai Kona EV,Hyundai,2023,39,93.9,2035-08-03 11:15:00,2035-08-03 11:35:00,0.33,Bangalore Station 2,Fast,32,13.8,159.0,165.6,Green Mobility,Bangalore,Completed,Good,D3495,Rainy,22.5,76.0,26.32,Healthy
EV3496,Mahindra XUV400,Mahindra,2023,39,95.4,2035-08-04 00:30:00,2035-08-04 01:36:00,1.1,Bangalore Station 2,Normal,30,18.1,208.0,217.2,EV Fleet India,Bangalore,Completed,Good,D3496,Rainy,22.5,76.0,26.32,Healthy
EV3497,MG Comet EV,MG,2023,17,92.3,2035-08-05 12:00:00,2035-08-05 12:01:00,0.02,Mangalore Station 2,Fast,34,5.5,249.0,66,Green Mobility,Mangalore,Completed,Good,D3497,Sunny,22.5,76.0,26.32,Healthy
EV3498,Tata Punch EV,Tata,2023,35,93.7,2035-08-06 21:00:00,2035-08-06 21:27:00,0.45,Mangalore Station 2,Fast,31,24.6,287.0,295.2,Eco Drive,Mangalore,Completed,Good,D3498,Sunny,22.5,76.0,26.32,Healthy
EV3499,Mahindra XUV400,Mahindra,2023,39,94.7,2035-08-07 00:30:00,2035-08-07 00:59:00,0.48,Mysore Station 2,Fast,32,20.9,222.0,250.8,Premium Fleet,Mysore,Completed,Good,D3499,Cloudy,22.5,76.0,26.32,Healthy
EV3500,Kia EV6,Kia,2023,77,93.5,2035-08-08 14:15:00,2035-08-08 15:41:00,1.43,Belagavi Station 2,Normal,36,24.0,96.0,288,Eco Drive,Belagavi,Completed,Good,D3500,Sunny,22.5,76.0,26.32,Healthy
EV3501,Mahindra XUV400,Mahindra,2023,39,96.6,2035-08-09 07:15:00,2035-08-09 07:38:00,0.38,Mangalore Station 1,Fast,39,15.2,143.0,182.4,City EV,Mangalore,Completed,Good,D3501,Cloudy,22.5,76.0,26.32,Healthy
EV3502,BYD Atto 3,BYD,2023,60,93.3,2035-08-10 00:15:00,2035-08-10 02:23:00,2.13,Belagavi Station 2,Normal,39,40.1,287.0,481.2,Premium Fleet,Belagavi,Completed,Good,D3502,Cloudy,22.5,76.0,26.32,Healthy
EV3503,Hyundai Kona EV,Hyundai,2023,39,93.6,2035-08-11 12:15:00,2035-08-11 12:54:00,0.65,Bangalore Station 2,Fast,28,27.4,220.0,328.8,Premium Fleet,Bangalore,Completed,Good,D3503,Cloudy,22.5,76.0,26.32,Healthy
EV3504,Tata Punch EV,Tata,2023,35,93.0,2035-08-12 10:45:00,2035-08-12 11:12:00,0.45,Bangalore Station 1,Fast,27,21.1,142.0,253.2,Green Mobility,Bangalore,Completed,Good,D3504,Cloudy,22.5,76.0,26.32,Healthy
EV3505,Tata Nexon EV,Tata,2023,40,95.3,2035-08-13 03:45:00,2035-08-13 04:03:00,0.3,Bangalore Station 2,Fast,38,14.9,100.0,178.8,Green Mobility,Bangalore,Completed,Good,D3505,Sunny,22.5,76.0,26.32,Healthy
EV3506,BYD Seal,BYD,2023,82,95.5,2035-08-14 13:45:00,2035-08-14 14:23:00,0.63,Mysore Station 2,Fast,28,35.9,295.0,430.8,EV Fleet India,Mysore,Completed,Good,D3506,Cloudy,22.5,76.0,26.32,Healthy
EV3507,Tata Nexon EV,Tata,2023,40,95.8,2035-08-15 16:15:00,2035-08-15 16:46:00,0.52,Hubli Station 2,Fast,37,19.2,349.0,230.4,Green Mobility,Hubli,Completed,Good,D3507,Rainy,22.5,76.0,26.32,Healthy
EV3508,MG ZS EV,MG,2023,50,92.5,2035-08-16 15:00:00,2035-08-16 15:31:00,0.52,Belagavi Station 1,Fast,31,22.8,331.0,273.60000000000002,Eco Drive,Belagavi,Completed,Good,D3508,Cloudy,22.5,76.0,26.32,Healthy
EV3509,BYD Seal,BYD,2023,82,93.9,2035-08-17 19:00:00,2035-08-17 21:14:00,2.23,Mysore Station 2,Normal,33,38.9,217.0,466.8,Green Mobility,Mysore,Completed,Good,D3509,Rainy,22.5,76.0,26.32,Healthy
EV3510,Hyundai Kona EV,Hyundai,2023,39,93.1,2035-08-18 07:00:00,2035-08-18 07:24:00,0.4,Bangalore Station 2,Fast,37,14.7,228.0,176.4,Eco Drive,Bangalore,Completed,Good,D3510,Rainy,22.5,76.0,26.32,Healthy
EV3511,Mahindra XUV400,Mahindra,2023,39,92.8,2035-08-19 23:45:00,2035-08-20 00:09:00,0.4,Hubli Station 1,Fast,37,19.0,343.0,228,EV Fleet India,Hubli,Completed,Good,D3511,Sunny,22.5,76.0,26.32,Healthy
EV3512,Kia EV6,Kia,2023,77,94.5,2035-08-20 19:00:00,2035-08-20 20:41:00,1.68,Bangalore Station 1,Normal,31,30.6,145.0,367.2,Eco Drive,Bangalore,Completed,Good,D3512,Rainy,22.5,76.0,26.32,Healthy
EV3513,Kia EV6,Kia,2023,77,95.1,2035-08-21 23:00:00,2035-08-21 23:54:00,0.9,Mysore Station 1,Fast,29,43.1,81.0,517.20000000000005,EV Fleet India,Mysore,Completed,Good,D3513,Sunny,22.5,76.0,26.32,Healthy
EV3514,Mahindra XUV400,Mahindra,2023,39,96.9,2035-08-22 04:00:00,2035-08-22 04:43:00,0.72,Mysore Station 2,Fast,31,29.8,302.0,357.6,EV Fleet India,Mysore,Completed,Good,D3514,Cloudy,22.5,76.0,26.32,Healthy
EV3515,MG Comet EV,MG,2023,17,92.8,2035-08-23 23:15:00,2035-08-23 23:24:00,0.15,Bangalore Station 2,Fast,35,10.1,82.0,121.2,EV Fleet India,Bangalore,Completed,Good,D3515,Rainy,22.5,76.0,26.32,Healthy
EV3516,Kia EV6,Kia,2023,77,94.9,2035-08-24 23:15:00,2035-08-25 00:36:00,1.35,Belagavi Station 2,Normal,29,22.1,240.0,265.2,EV Fleet India,Belagavi,Completed,Good,D3516,Cloudy,22.5,76.0,26.32,Healthy
EV3517,MG ZS EV,MG,2023,50,92.7,2035-08-25 15:15:00,2035-08-25 15:37:00,0.37,Belagavi Station 2,Fast,35,15.3,139.0,183.6,City EV,Belagavi,Completed,Good,D3517,Sunny,22.5,76.0,26.32,Healthy
EV3518,MG Comet EV,MG,2023,17,93.7,2035-08-26 18:30:00,2035-08-26 18:56:00,0.43,Hubli Station 2,Normal,37,7.7,165.0,92.4,Green Mobility,Hubli,Completed,Good,D3518,Cloudy,22.5,76.0,26.32,Healthy
EV3519,MG Comet EV,MG,2023,17,91.6,2035-08-27 16:00:00,2035-08-27 16:07:00,0.12,Hubli Station 2,Fast,27,9.0,213.0,108,Premium Fleet,Hubli,Completed,Good,D3519,Rainy,22.5,76.0,26.32,Healthy
EV3520,Mahindra XUV400,Mahindra,2023,39,93.2,2035-08-28 21:30:00,2035-08-28 22:13:00,0.72,Mangalore Station 2,Normal,32,14.0,249.0,168,Premium Fleet,Mangalore,Completed,Good,D3520,Rainy,22.5,76.0,26.32,Healthy
EV3521,Tata Nexon EV,Tata,2023,40,92.3,2035-08-29 22:15:00,2035-08-29 22:34:00,0.32,Mangalore Station 2,Fast,38,20.4,340.0,244.8,City EV,Mangalore,Completed,Good,D3521,Sunny,22.5,76.0,26.32,Healthy
EV3522,MG Comet EV,MG,2023,17,96.4,2035-08-30 08:00:00,2035-08-30 08:13:00,0.22,Bangalore Station 2,Normal,37,5.1,294.0,61.2,Green Mobility,Bangalore,Completed,Good,D3522,Sunny,22.5,76.0,26.32,Healthy
EV3523,Tata Curvv EV,Tata,2023,55,94.9,2035-08-31 00:30:00,2035-08-31 02:37:00,2.12,Mangalore Station 1,Normal,29,37.9,288.0,454.8,Premium Fleet,Mangalore,Completed,Good,D3523,Rainy,22.5,76.0,26.32,Healthy
EV3524,Mahindra XUV400,Mahindra,2023,39,97.0,2035-09-01 06:45:00,2035-09-01 07:15:00,0.5,Bangalore Station 1,Fast,38,29.9,70.0,358.8,Premium Fleet,Bangalore,Completed,Good,D3524,Cloudy,22.5,76.0,26.32,Healthy
EV3525,Tata Curvv EV,Tata,2023,55,94.7,2035-09-02 09:45:00,2035-09-02 12:06:00,2.35,Belagavi Station 2,Normal,36,41.8,111.0,501.6,Green Mobility,Belagavi,Completed,Good,D3525,Sunny,22.5,76.0,26.32,Healthy
EV3526,BYD Seal,BYD,2023,82,91.9,2035-09-03 13:30:00,2035-09-03 15:43:00,2.22,Bangalore Station 1,Normal,39,41.1,97.0,493.2,EV Fleet India,Bangalore,Completed,Good,D3526,Rainy,22.5,76.0,26.32,Healthy
EV3527,BYD Atto 3,BYD,2023,60,95.0,2035-09-04 08:15:00,2035-09-04 08:34:00,0.32,Bangalore Station 1,Fast,27,17.4,184.0,208.8,Green Mobility,Bangalore,Completed,Good,D3527,Rainy,22.5,76.0,26.32,Healthy
EV3528,BYD Atto 3,BYD,2023,60,97.1,2035-09-05 19:45:00,2035-09-05 21:06:00,1.35,Mangalore Station 2,Normal,37,25.9,312.0,310.8,EV Fleet India,Mangalore,Completed,Good,D3528,Sunny,22.5,76.0,26.32,Healthy
EV3529,Hyundai Kona EV,Hyundai,2023,39,91.3,2035-09-06 05:45:00,2035-09-06 06:01:00,0.27,Belagavi Station 1,Fast,35,10.0,286.0,120,Premium Fleet,Belagavi,Completed,Good,D3529,Sunny,22.5,76.0,26.32,Healthy
EV3530,Hyundai Kona EV,Hyundai,2023,39,95.5,2035-09-07 13:30:00,2035-09-07 15:02:00,1.53,Belagavi Station 2,Normal,38,27.7,331.0,332.4,EV Fleet India,Belagavi,Completed,Good,D3530,Sunny,22.5,76.0,26.32,Healthy
EV3531,MG ZS EV,MG,2023,50,91.7,2035-09-08 06:15:00,2035-09-08 07:42:00,1.45,Mysore Station 2,Normal,38,24.6,80.0,295.2,Premium Fleet,Mysore,Completed,Good,D3531,Rainy,22.5,76.0,26.32,Healthy
EV3532,Kia EV6,Kia,2023,77,96.7,2035-09-09 09:45:00,2035-09-09 11:08:00,1.38,Hubli Station 2,Normal,31,24.5,301.0,294,Eco Drive,Hubli,Completed,Good,D3532,Sunny,22.5,76.0,26.32,Healthy
EV3533,Kia EV6,Kia,2023,77,93.5,2035-09-10 02:45:00,2035-09-10 04:45:00,2.0,Hubli Station 2,Normal,39,37.8,289.0,453.6,EV Fleet India,Hubli,Completed,Good,D3533,Cloudy,22.5,76.0,26.32,Healthy
EV3534,Kia EV6,Kia,2023,77,91.9,2035-09-11 03:00:00,2035-09-11 03:51:00,0.85,Bangalore Station 2,Fast,27,39.6,151.0,475.2,Eco Drive,Bangalore,Completed,Good,D3534,Rainy,22.5,76.0,26.32,Healthy
EV3535,BYD Atto 3,BYD,2023,60,94.5,2035-09-12 07:00:00,2035-09-12 07:50:00,0.83,Belagavi Station 2,Fast,30,39.5,313.0,474,Green Mobility,Belagavi,Completed,Good,D3535,Sunny,22.5,76.0,26.32,Healthy
EV3536,Hyundai Kona EV,Hyundai,2023,39,96.8,2035-09-13 22:30:00,2035-09-13 22:59:00,0.48,Mangalore Station 1,Fast,35,22.6,196.0,271.2,EV Fleet India,Mangalore,Completed,Good,D3536,Rainy,22.5,76.0,26.32,Healthy
EV3537,BYD Seal,BYD,2023,82,92.9,2035-09-14 10:00:00,2035-09-14 12:43:00,2.72,Mangalore Station 2,Normal,36,49.2,137.0,590.4,Green Mobility,Mangalore,Completed,Good,D3537,Sunny,22.5,76.0,26.32,Healthy
EV3538,Tata Punch EV,Tata,2023,35,95.3,2035-09-15 18:30:00,2035-09-15 19:46:00,1.27,Mysore Station 1,Normal,39,24.1,328.0,289.2,EV Fleet India,Mysore,Completed,Good,D3538,Rainy,22.5,76.0,26.32,Healthy
EV3539,Tata Curvv EV,Tata,2023,55,93.1,2035-09-16 00:30:00,2035-09-16 00:56:00,0.43,Mangalore Station 2,Fast,34,25.6,341.0,307.2,Premium Fleet,Mangalore,Completed,Good,D3539,Sunny,22.5,76.0,26.32,Healthy
EV3540,MG ZS EV,MG,2023,50,92.2,2035-09-17 11:45:00,2035-09-17 13:12:00,1.45,Mysore Station 1,Normal,33,24.3,264.0,291.60000000000002,Premium Fleet,Mysore,Completed,Good,D3540,Rainy,22.5,76.0,26.32,Healthy
EV3541,Tata Nexon EV,Tata,2023,40,96.4,2035-09-18 15:15:00,2035-09-18 15:39:00,0.4,Mangalore Station 1,Fast,34,24.0,234.0,288,Premium Fleet,Mangalore,Completed,Good,D3541,Sunny,22.5,76.0,26.32,Healthy
EV3542,MG ZS EV,MG,2023,50,96.2,2035-09-19 18:30:00,2035-09-19 19:03:00,0.55,Mangalore Station 2,Fast,39,28.8,175.0,345.6,Green Mobility,Mangalore,Completed,Good,D3542,Rainy,22.5,76.0,26.32,Healthy
EV3543,Tata Nexon EV,Tata,2023,40,96.7,2035-09-20 10:45:00,2035-09-20 10:59:00,0.23,Bangalore Station 2,Fast,31,12.6,280.0,151.19999999999999,Premium Fleet,Bangalore,Completed,Good,D3543,Cloudy,22.5,76.0,26.32,Healthy
EV3544,BYD Atto 3,BYD,2023,60,93.5,2035-09-21 12:30:00,2035-09-21 13:57:00,1.45,Bangalore Station 1,Normal,33,27.2,67.0,326.39999999999998,EV Fleet India,Bangalore,Completed,Good,D3544,Sunny,22.5,76.0,26.32,Healthy
EV3545,Tata Nexon EV,Tata,2023,40,96.1,2035-09-22 10:15:00,2035-09-22 10:31:00,0.27,Hubli Station 1,Fast,34,17.1,70.0,205.2,Premium Fleet,Hubli,Completed,Good,D3545,Rainy,22.5,76.0,26.32,Healthy
EV3546,Kia EV6,Kia,2023,77,91.4,2035-09-23 08:00:00,2035-09-23 08:58:00,0.97,Mangalore Station 1,Fast,31,45.3,146.0,543.6,Green Mobility,Mangalore,Completed,Good,D3546,Cloudy,22.5,76.0,26.32,Healthy
EV3547,Tata Punch EV,Tata,2023,35,97.1,2035-09-24 15:30:00,2035-09-24 16:29:00,0.98,Bangalore Station 2,Normal,35,16.2,142.0,194.4,City EV,Bangalore,Completed,Good,D3547,Sunny,22.5,76.0,26.32,Healthy
EV3548,BYD Atto 3,BYD,2023,60,96.3,2035-09-25 00:00:00,2035-09-25 02:05:00,2.08,Hubli Station 1,Normal,37,36.6,152.0,439.2,Premium Fleet,Hubli,Completed,Good,D3548,Cloudy,22.5,76.0,26.32,Healthy
EV3549,Tata Punch EV,Tata,2023,35,97.1,2035-09-26 23:00:00,2035-09-26 23:34:00,0.57,Mangalore Station 1,Fast,30,27.1,196.0,325.2,City EV,Mangalore,Completed,Good,D3549,Rainy,22.5,76.0,26.32,Healthy
EV3550,Mahindra XUV400,Mahindra,2023,39,94.6,2035-09-27 12:00:00,2035-09-27 13:19:00,1.32,Bangalore Station 2,Normal,28,23.8,336.0,285.60000000000002,Green Mobility,Bangalore,Completed,Good,D3550,Cloudy,22.5,76.0,26.32,Healthy
EV3551,BYD Atto 3,BYD,2023,60,96.2,2035-09-28 08:00:00,2035-09-28 08:36:00,0.6,Belagavi Station 2,Fast,32,31.8,83.0,381.6,EV Fleet India,Belagavi,Completed,Good,D3551,Sunny,22.5,76.0,26.32,Healthy
EV3552,Mahindra XUV400,Mahindra,2023,39,91.4,2035-09-29 06:30:00,2035-09-29 07:30:00,1.0,Mangalore Station 1,Normal,31,16.2,223.0,194.4,EV Fleet India,Mangalore,Completed,Good,D3552,Sunny,22.5,76.0,26.32,Healthy
EV3553,Mahindra XUV400,Mahindra,2023,39,94.2,2035-09-30 18:30:00,2035-09-30 20:01:00,1.52,Hubli Station 1,Normal,29,27.7,249.0,332.4,Eco Drive,Hubli,Completed,Good,D3553,Rainy,22.5,76.0,26.32,Healthy
EV3554,Tata Nexon EV,Tata,2023,40,93.9,2035-10-01 18:00:00,2035-10-01 18:28:00,0.47,Bangalore Station 1,Fast,34,20.5,337.0,246,Premium Fleet,Bangalore,Completed,Good,D3554,Sunny,22.5,76.0,26.32,Healthy
EV3555,BYD Seal,BYD,2023,82,91.7,2035-10-02 22:00:00,2035-10-02 22:37:00,0.62,Mysore Station 2,Fast,31,31.5,140.0,378,City EV,Mysore,Completed,Good,D3555,Cloudy,22.5,76.0,26.32,Healthy
EV3556,BYD Atto 3,BYD,2023,60,94.8,2035-10-03 08:45:00,2035-10-03 09:22:00,0.62,Mangalore Station 1,Fast,29,33.6,271.0,403.2,Eco Drive,Mangalore,Completed,Good,D3556,Sunny,22.5,76.0,26.32,Healthy
EV3557,Tata Curvv EV,Tata,2023,55,96.3,2035-10-04 08:30:00,2035-10-04 09:27:00,0.95,Mysore Station 2,Normal,37,16.4,103.0,196.8,Eco Drive,Mysore,Completed,Good,D3557,Rainy,22.5,76.0,26.32,Healthy
EV3558,MG Comet EV,MG,2023,17,95.8,2035-10-05 07:15:00,2035-10-05 07:24:00,0.15,Belagavi Station 2,Fast,36,5.3,330.0,63.6,Eco Drive,Belagavi,Completed,Good,D3558,Cloudy,22.5,76.0,26.32,Healthy
EV3559,BYD Seal,BYD,2023,82,93.4,2035-10-06 00:45:00,2035-10-06 01:45:00,1.0,Mysore Station 1,Fast,29,52.1,100.0,625.20000000000005,EV Fleet India,Mysore,Completed,Good,D3559,Cloudy,22.5,76.0,26.32,Healthy
EV3560,Tata Curvv EV,Tata,2023,55,93.8,2035-10-07 11:30:00,2035-10-07 13:27:00,1.95,Mangalore Station 1,Normal,39,35.0,189.0,420,EV Fleet India,Mangalore,Completed,Good,D3560,Sunny,22.5,76.0,26.32,Healthy
EV3561,MG Comet EV,MG,2023,17,91.4,2035-10-08 12:45:00,2035-10-08 13:30:00,0.75,Mysore Station 2,Normal,31,11.6,253.0,139.19999999999999,EV Fleet India,Mysore,Completed,Good,D3561,Cloudy,22.5,76.0,26.32,Healthy
EV3562,Mahindra XUV400,Mahindra,2023,39,91.8,2035-10-09 13:15:00,2035-10-09 13:36:00,0.35,Mangalore Station 2,Fast,34,20.5,119.0,246,Green Mobility,Mangalore,Completed,Good,D3562,Cloudy,22.5,76.0,26.32,Healthy
EV3563,BYD Seal,BYD,2023,82,92.4,2035-10-10 05:45:00,2035-10-10 06:38:00,0.88,Mysore Station 2,Fast,29,39.8,103.0,477.6,EV Fleet India,Mysore,Completed,Good,D3563,Rainy,22.5,76.0,26.32,Healthy
EV3564,Mahindra XUV400,Mahindra,2023,39,93.7,2035-10-11 22:15:00,2035-10-11 22:40:00,0.42,Mysore Station 2,Fast,35,22.9,152.0,274.8,Eco Drive,Mysore,Completed,Good,D3564,Rainy,22.5,76.0,26.32,Healthy
EV3565,MG Comet EV,MG,2023,17,91.3,2035-10-12 19:45:00,2035-10-12 20:20:00,0.58,Belagavi Station 1,Normal,36,9.8,252.0,117.6,City EV,Belagavi,Completed,Good,D3565,Sunny,22.5,76.0,26.32,Healthy
EV3566,Hyundai Kona EV,Hyundai,2023,39,94.5,2035-10-13 20:15:00,2035-10-13 21:44:00,1.48,Bangalore Station 2,Normal,33,24.5,248.0,294,Eco Drive,Bangalore,Completed,Good,D3566,Rainy,22.5,76.0,26.32,Healthy
EV3567,BYD Seal,BYD,2023,82,95.0,2035-10-14 01:00:00,2035-10-14 02:04:00,1.07,Mangalore Station 2,Fast,35,50.6,236.0,607.20000000000005,City EV,Mangalore,Completed,Good,D3567,Cloudy,22.5,76.0,26.32,Healthy
EV3568,Tata Punch EV,Tata,2023,35,93.1,2035-10-15 18:45:00,2035-10-15 18:52:00,0.12,Bangalore Station 1,Fast,35,10.1,302.0,121.2,Eco Drive,Bangalore,Completed,Good,D3568,Rainy,22.5,76.0,26.32,Healthy
EV3569,Tata Punch EV,Tata,2023,35,95.7,2035-10-16 09:00:00,2035-10-16 09:30:00,0.5,Mysore Station 1,Fast,37,19.1,272.0,229.2,City EV,Mysore,Completed,Good,D3569,Sunny,22.5,76.0,26.32,Healthy
EV3570,BYD Atto 3,BYD,2023,60,96.7,2035-10-17 23:45:00,2035-10-18 00:39:00,0.9,Mysore Station 1,Fast,38,47.1,205.0,565.20000000000005,City EV,Mysore,Completed,Good,D3570,Cloudy,22.5,76.0,26.32,Healthy
EV3571,MG ZS EV,MG,2023,50,95.4,2035-10-18 16:45:00,2035-10-18 17:35:00,0.83,Mysore Station 2,Fast,35,35.6,130.0,427.2,Premium Fleet,Mysore,Completed,Good,D3571,Sunny,22.5,76.0,26.32,Healthy
EV3572,Tata Punch EV,Tata,2023,35,92.7,2035-10-19 21:45:00,2035-10-19 22:14:00,0.48,Hubli Station 2,Fast,32,18.7,98.0,224.4,Green Mobility,Hubli,Completed,Good,D3572,Rainy,22.5,76.0,26.32,Healthy
EV3573,Tata Curvv EV,Tata,2023,55,96.0,2035-10-20 23:30:00,2035-10-21 00:15:00,0.75,Mangalore Station 1,Fast,33,42.3,234.0,507.6,Green Mobility,Mangalore,Completed,Good,D3573,Cloudy,22.5,76.0,26.32,Healthy
EV3574,MG Comet EV,MG,2023,17,94.3,2035-10-21 05:15:00,2035-10-21 05:30:00,0.25,Bangalore Station 2,Fast,31,11.4,274.0,136.80000000000001,City EV,Bangalore,Completed,Good,D3574,Rainy,22.5,76.0,26.32,Healthy
EV3575,MG ZS EV,MG,2023,50,92.8,2035-10-22 03:15:00,2035-10-22 03:38:00,0.38,Mysore Station 2,Fast,34,23.4,128.0,280.8,Eco Drive,Mysore,Completed,Good,D3575,Cloudy,22.5,76.0,26.32,Healthy
EV3576,MG Comet EV,MG,2023,17,96.6,2035-10-23 07:45:00,2035-10-23 07:52:00,0.12,Belagavi Station 2,Fast,32,4.7,130.0,56.4,City EV,Belagavi,Completed,Good,D3576,Sunny,22.5,76.0,26.32,Healthy
EV3577,Hyundai Kona EV,Hyundai,2023,39,92.3,2035-10-24 09:30:00,2035-10-24 10:17:00,0.78,Mangalore Station 2,Normal,35,15.8,237.0,189.6,Premium Fleet,Mangalore,Completed,Good,D3577,Rainy,22.5,76.0,26.32,Healthy
EV3578,Kia EV6,Kia,2023,77,91.5,2035-10-25 14:15:00,2035-10-25 16:33:00,2.3,Bangalore Station 2,Normal,27,42.1,183.0,505.2,EV Fleet India,Bangalore,Completed,Good,D3578,Cloudy,22.5,76.0,26.32,Healthy
EV3579,MG ZS EV,MG,2023,50,95.7,2035-10-26 11:45:00,2035-10-26 12:31:00,0.77,Mangalore Station 2,Fast,27,34.7,263.0,416.4,City EV,Mangalore,Completed,Good,D3579,Cloudy,22.5,76.0,26.32,Healthy
EV3580,Tata Punch EV,Tata,2023,35,92.0,2035-10-27 12:00:00,2035-10-27 12:39:00,0.65,Bangalore Station 2,Normal,31,12.8,278.0,153.6,Premium Fleet,Bangalore,Completed,Good,D3580,Cloudy,22.5,76.0,26.32,Healthy
EV3581,Tata Punch EV,Tata,2023,35,91.2,2035-10-28 12:30:00,2035-10-28 13:51:00,1.35,Belagavi Station 2,Normal,34,24.6,257.0,295.2,City EV,Belagavi,Completed,Good,D3581,Sunny,22.5,76.0,26.32,Healthy
EV3582,Tata Nexon EV,Tata,2023,40,95.7,2035-10-29 07:00:00,2035-10-29 07:17:00,0.28,Bangalore Station 2,Fast,37,13.6,169.0,163.19999999999999,Green Mobility,Bangalore,Completed,Good,D3582,Rainy,22.5,76.0,26.32,Healthy
EV3583,Tata Punch EV,Tata,2023,35,94.6,2035-10-30 16:30:00,2035-10-30 16:55:00,0.42,Mysore Station 1,Fast,39,18.6,210.0,223.2,Green Mobility,Mysore,Completed,Good,D3583,Sunny,22.5,76.0,26.32,Healthy
EV3584,Tata Curvv EV,Tata,2023,55,93.9,2035-10-31 22:00:00,2035-10-31 22:21:00,0.35,Mysore Station 1,Fast,32,14.2,176.0,170.4,Premium Fleet,Mysore,Completed,Good,D3584,Sunny,22.5,76.0,26.32,Healthy
EV3585,MG ZS EV,MG,2023,50,93.6,2035-11-01 12:45:00,2035-11-01 13:27:00,0.7,Mangalore Station 1,Normal,34,14.3,194.0,171.6,City EV,Mangalore,Completed,Good,D3585,Rainy,22.5,76.0,26.32,Healthy
EV3586,Tata Punch EV,Tata,2023,35,93.9,2035-11-02 07:00:00,2035-11-02 07:22:00,0.37,Hubli Station 1,Fast,37,17.2,140.0,206.4,Eco Drive,Hubli,Completed,Good,D3586,Rainy,22.5,76.0,26.32,Healthy
EV3587,MG Comet EV,MG,2023,17,95.6,2035-11-03 17:45:00,2035-11-03 18:37:00,0.87,Mangalore Station 1,Normal,39,13.7,164.0,164.4,Green Mobility,Mangalore,Completed,Good,D3587,Sunny,22.5,76.0,26.32,Healthy
EV3588,MG Comet EV,MG,2023,17,95.8,2035-11-04 10:15:00,2035-11-04 10:42:00,0.45,Bangalore Station 1,Normal,38,7.8,308.0,93.6,EV Fleet India,Bangalore,Completed,Good,D3588,Cloudy,22.5,76.0,26.32,Healthy
EV3589,Hyundai Kona EV,Hyundai,2023,39,95.1,2035-11-05 20:30:00,2035-11-05 20:47:00,0.28,Hubli Station 2,Fast,28,16.2,113.0,194.4,City EV,Hubli,Completed,Good,D3589,Rainy,22.5,76.0,26.32,Healthy
EV3590,Hyundai Kona EV,Hyundai,2023,39,96.0,2035-11-06 21:00:00,2035-11-06 21:30:00,0.5,Belagavi Station 1,Fast,36,20.0,107.0,240,Premium Fleet,Belagavi,Completed,Good,D3590,Rainy,22.5,76.0,26.32,Healthy
EV3591,Kia EV6,Kia,2023,77,92.5,2035-11-07 20:45:00,2035-11-07 22:17:00,1.53,Mangalore Station 2,Normal,29,28.5,104.0,342,EV Fleet India,Mangalore,Completed,Good,D3591,Rainy,22.5,76.0,26.32,Healthy
EV3592,Hyundai Kona EV,Hyundai,2023,39,95.9,2035-11-08 14:15:00,2035-11-08 14:48:00,0.55,Bangalore Station 1,Fast,39,25.9,142.0,310.8,Eco Drive,Bangalore,Completed,Good,D3592,Cloudy,22.5,76.0,26.32,Healthy
EV3593,BYD Seal,BYD,2023,82,94.4,2035-11-09 10:15:00,2035-11-09 10:34:00,0.32,Mysore Station 1,Fast,37,19.7,171.0,236.4,Green Mobility,Mysore,Completed,Good,D3593,Cloudy,22.5,76.0,26.32,Healthy
EV3594,Tata Curvv EV,Tata,2023,55,92.6,2035-11-10 02:45:00,2035-11-10 03:04:00,0.32,Hubli Station 2,Fast,33,19.6,232.0,235.2,EV Fleet India,Hubli,Completed,Good,D3594,Sunny,22.5,76.0,26.32,Healthy
EV3595,MG ZS EV,MG,2023,50,94.6,2035-11-11 12:00:00,2035-11-11 12:33:00,0.55,Hubli Station 2,Fast,31,25.6,282.0,307.2,EV Fleet India,Hubli,Completed,Good,D3595,Cloudy,22.5,76.0,26.32,Healthy
EV3596,BYD Atto 3,BYD,2023,60,94.1,2035-11-12 19:30:00,2035-11-12 21:41:00,2.18,Mysore Station 2,Normal,37,38.8,105.0,465.6,Premium Fleet,Mysore,Completed,Good,D3596,Sunny,22.5,76.0,26.32,Healthy
EV3597,BYD Atto 3,BYD,2023,60,95.2,2035-11-13 22:30:00,2035-11-13 23:36:00,1.1,Hubli Station 1,Normal,30,20.9,76.0,250.8,City EV,Hubli,Completed,Good,D3597,Sunny,22.5,76.0,26.32,Healthy
EV3598,Tata Punch EV,Tata,2023,35,96.8,2035-11-14 13:15:00,2035-11-14 14:16:00,1.02,Mangalore Station 2,Normal,31,18.2,69.0,218.4,EV Fleet India,Mangalore,Completed,Good,D3598,Sunny,22.5,76.0,26.32,Healthy
EV3599,Tata Nexon EV,Tata,2023,40,95.9,2035-11-15 08:00:00,2035-11-15 08:28:00,0.47,Mangalore Station 1,Fast,28,23.2,172.0,278.39999999999998,Premium Fleet,Mangalore,Completed,Good,D3599,Sunny,22.5,76.0,26.32,Healthy
EV3600,MG ZS EV,MG,2023,50,93.2,2035-11-16 21:15:00,2035-11-16 21:47:00,0.53,Mangalore Station 1,Fast,30,20.2,241.0,242.4,EV Fleet India,Mangalore,Completed,Good,D3600,Cloudy,22.5,76.0,26.32,Healthy
EV3601,Mahindra XUV400,Mahindra,2023,39,94.8,2035-11-17 18:15:00,2035-11-17 18:43:00,0.47,Mangalore Station 2,Fast,33,21.4,188.0,256.8,Green Mobility,Mangalore,Completed,Good,D3601,Cloudy,22.5,76.0,26.32,Healthy
EV3602,MG Comet EV,MG,2023,17,94.0,2035-11-18 10:30:00,2035-11-18 10:40:00,0.17,Belagavi Station 2,Fast,37,3.9,243.0,46.8,City EV,Belagavi,Completed,Good,D3602,Sunny,22.5,76.0,26.32,Healthy
EV3603,MG Comet EV,MG,2023,17,96.6,2035-11-19 23:15:00,2035-11-19 23:27:00,0.2,Bangalore Station 2,Fast,37,10.8,135.0,129.6,Premium Fleet,Bangalore,Completed,Good,D3603,Sunny,22.5,76.0,26.32,Healthy
EV3604,Tata Nexon EV,Tata,2023,40,96.8,2035-11-20 01:30:00,2035-11-20 02:19:00,0.82,Bangalore Station 1,Normal,38,16.4,269.0,196.8,Green Mobility,Bangalore,Completed,Good,D3604,Cloudy,22.5,76.0,26.32,Healthy
EV3605,Tata Curvv EV,Tata,2023,55,96.8,2035-11-21 12:45:00,2035-11-21 13:00:00,0.25,Bangalore Station 2,Fast,39,15.5,101.0,186,EV Fleet India,Bangalore,Completed,Good,D3605,Sunny,22.5,76.0,26.32,Healthy
EV3606,Tata Punch EV,Tata,2023,35,93.2,2035-11-22 01:00:00,2035-11-22 01:51:00,0.85,Hubli Station 2,Normal,37,13.4,106.0,160.80000000000001,EV Fleet India,Hubli,Completed,Good,D3606,Rainy,22.5,76.0,26.32,Healthy
EV3607,BYD Seal,BYD,2023,82,96.3,2035-11-23 04:15:00,2035-11-23 06:52:00,2.62,Mysore Station 2,Normal,28,44.7,144.0,536.4,Eco Drive,Mysore,Completed,Good,D3607,Rainy,22.5,76.0,26.32,Healthy
EV3608,Tata Punch EV,Tata,2023,35,94.0,2035-11-24 06:15:00,2035-11-24 06:30:00,0.25,Hubli Station 2,Fast,29,13.5,188.0,162,Premium Fleet,Hubli,Completed,Good,D3608,Sunny,22.5,76.0,26.32,Healthy
EV3609,Hyundai Kona EV,Hyundai,2023,39,93.7,2035-11-25 11:00:00,2035-11-25 12:14:00,1.23,Hubli Station 1,Normal,39,21.8,67.0,261.60000000000002,Eco Drive,Hubli,Completed,Good,D3609,Sunny,22.5,76.0,26.32,Healthy
EV3610,Tata Punch EV,Tata,2023,35,92.7,2035-11-26 10:45:00,2035-11-26 11:51:00,1.1,Hubli Station 1,Normal,36,18.9,98.0,226.8,Premium Fleet,Hubli,Completed,Good,D3610,Cloudy,22.5,76.0,26.32,Healthy
EV3611,BYD Atto 3,BYD,2023,60,92.3,2035-11-27 19:45:00,2035-11-27 20:18:00,0.55,Bangalore Station 1,Fast,38,28.4,199.0,340.8,City EV,Bangalore,Completed,Good,D3611,Cloudy,22.5,76.0,26.32,Healthy
EV3612,Kia EV6,Kia,2023,77,91.6,2035-11-28 12:00:00,2035-11-28 12:48:00,0.8,Mangalore Station 2,Fast,36,42.9,322.0,514.79999999999995,Premium Fleet,Mangalore,Completed,Good,D3612,Sunny,22.5,76.0,26.32,Healthy
EV3613,Tata Punch EV,Tata,2023,35,97.0,2035-11-29 21:00:00,2035-11-29 22:35:00,1.58,Mangalore Station 2,Normal,30,26.5,210.0,318,EV Fleet India,Mangalore,Completed,Good,D3613,Rainy,22.5,76.0,26.32,Healthy
EV3614,Tata Nexon EV,Tata,2023,40,97.1,2035-11-30 11:00:00,2035-11-30 11:34:00,0.57,Mysore Station 2,Fast,32,24.3,347.0,291.60000000000002,City EV,Mysore,Completed,Good,D3614,Sunny,22.5,76.0,26.32,Healthy
EV3615,BYD Atto 3,BYD,2023,60,92.6,2035-12-01 05:45:00,2035-12-01 06:18:00,0.55,Mysore Station 2,Fast,34,30.0,130.0,360,Green Mobility,Mysore,Completed,Good,D3615,Cloudy,22.5,76.0,26.32,Healthy
EV3616,Tata Nexon EV,Tata,2023,40,91.5,2035-12-02 22:45:00,2035-12-02 23:17:00,0.53,Mangalore Station 1,Fast,38,27.6,260.0,331.2,City EV,Mangalore,Completed,Good,D3616,Cloudy,22.5,76.0,26.32,Healthy
EV3617,BYD Seal,BYD,2023,82,96.6,2035-12-03 01:15:00,2035-12-03 02:25:00,1.17,Mysore Station 1,Normal,36,19.8,102.0,237.6,City EV,Mysore,Completed,Good,D3617,Cloudy,22.5,76.0,26.32,Healthy
EV3618,Tata Punch EV,Tata,2023,35,94.9,2035-12-04 01:15:00,2035-12-04 02:14:00,0.98,Belagavi Station 2,Normal,37,18.7,273.0,224.4,Eco Drive,Belagavi,Completed,Good,D3618,Rainy,22.5,76.0,26.32,Healthy
EV3619,Tata Nexon EV,Tata,2023,40,94.2,2035-12-05 07:00:00,2035-12-05 07:22:00,0.37,Bangalore Station 2,Fast,28,14.4,166.0,172.8,Eco Drive,Bangalore,Completed,Good,D3619,Sunny,22.5,76.0,26.32,Healthy
EV3620,Hyundai Kona EV,Hyundai,2023,39,95.2,2035-12-06 21:15:00,2035-12-06 21:32:00,0.28,Mysore Station 1,Fast,37,14.2,280.0,170.4,City EV,Mysore,Completed,Good,D3620,Sunny,22.5,76.0,26.32,Healthy
EV3621,Tata Curvv EV,Tata,2023,55,94.3,2035-12-07 09:30:00,2035-12-07 09:51:00,0.35,Mysore Station 1,Fast,38,19.4,329.0,232.8,Eco Drive,Mysore,Completed,Good,D3621,Sunny,22.5,76.0,26.32,Healthy
EV3622,Tata Nexon EV,Tata,2023,40,95.7,2035-12-08 20:45:00,2035-12-08 21:04:00,0.32,Bangalore Station 2,Fast,38,18.7,63.0,224.4,Green Mobility,Bangalore,Completed,Good,D3622,Rainy,22.5,76.0,26.32,Healthy
EV3623,Tata Nexon EV,Tata,2023,40,96.9,2035-12-09 15:15:00,2035-12-09 15:43:00,0.47,Hubli Station 2,Fast,39,26.6,174.0,319.2,EV Fleet India,Hubli,Completed,Good,D3623,Cloudy,22.5,76.0,26.32,Healthy
EV3624,BYD Atto 3,BYD,2023,60,91.2,2035-12-10 08:45:00,2035-12-10 09:18:00,0.55,Bangalore Station 2,Normal,27,10.9,232.0,130.80000000000001,Green Mobility,Bangalore,Completed,Good,D3624,Sunny,22.5,76.0,26.32,Healthy
EV3625,MG ZS EV,MG,2023,50,94.6,2035-12-11 22:45:00,2035-12-11 23:10:00,0.42,Hubli Station 2,Fast,29,19.7,116.0,236.4,Premium Fleet,Hubli,Completed,Good,D3625,Cloudy,22.5,76.0,26.32,Healthy
EV3626,MG Comet EV,MG,2023,17,94.5,2035-12-12 08:00:00,2035-12-12 08:05:00,0.08,Bangalore Station 2,Fast,38,3.7,241.0,44.4,Premium Fleet,Bangalore,Completed,Good,D3626,Cloudy,22.5,76.0,26.32,Healthy
EV3627,MG ZS EV,MG,2023,50,97.0,2035-12-13 05:15:00,2035-12-13 05:43:00,0.47,Hubli Station 1,Fast,28,19.9,192.0,238.8,City EV,Hubli,Completed,Good,D3627,Sunny,22.5,76.0,26.32,Healthy
EV3628,Tata Punch EV,Tata,2023,35,91.7,2035-12-14 12:00:00,2035-12-14 12:30:00,0.5,Mysore Station 2,Fast,28,21.0,71.0,252,Eco Drive,Mysore,Completed,Good,D3628,Rainy,22.5,76.0,26.32,Healthy
EV3629,Tata Curvv EV,Tata,2023,55,92.2,2035-12-15 18:00:00,2035-12-15 18:30:00,0.5,Mysore Station 1,Fast,31,28.2,292.0,338.4,City EV,Mysore,Completed,Good,D3629,Cloudy,22.5,76.0,26.32,Healthy
EV3630,MG Comet EV,MG,2023,17,95.5,2035-12-16 08:30:00,2035-12-16 09:07:00,0.62,Mysore Station 2,Normal,38,12.6,251.0,151.19999999999999,Eco Drive,Mysore,Completed,Good,D3630,Sunny,22.5,76.0,26.32,Healthy
EV3631,Tata Curvv EV,Tata,2023,55,92.3,2035-12-17 06:30:00,2035-12-17 07:43:00,1.22,Mysore Station 2,Normal,36,23.0,291.0,276,Premium Fleet,Mysore,Completed,Good,D3631,Cloudy,22.5,76.0,26.32,Healthy
EV3632,Tata Punch EV,Tata,2023,35,91.7,2035-12-18 12:45:00,2035-12-18 13:30:00,0.75,Bangalore Station 1,Normal,30,13.8,277.0,165.6,Eco Drive,Bangalore,Completed,Good,D3632,Sunny,22.5,76.0,26.32,Healthy
EV3633,Tata Curvv EV,Tata,2023,55,93.9,2035-12-19 06:15:00,2035-12-19 06:49:00,0.57,Mysore Station 1,Fast,34,27.6,315.0,331.2,Premium Fleet,Mysore,Completed,Good,D3633,Cloudy,22.5,76.0,26.32,Healthy
EV3634,BYD Atto 3,BYD,2023,60,94.9,2035-12-20 06:00:00,2035-12-20 06:39:00,0.65,Belagavi Station 2,Fast,27,27.8,120.0,333.6,Green Mobility,Belagavi,Completed,Good,D3634,Rainy,22.5,76.0,26.32,Healthy
EV3635,Tata Nexon EV,Tata,2023,40,92.8,2035-12-21 03:00:00,2035-12-21 03:15:00,0.25,Bangalore Station 1,Fast,36,15.5,241.0,186,City EV,Bangalore,Completed,Good,D3635,Rainy,22.5,76.0,26.32,Healthy
EV3636,Hyundai Kona EV,Hyundai,2023,39,95.4,2035-12-22 10:45:00,2035-12-22 11:13:00,0.47,Belagavi Station 2,Fast,30,24.5,268.0,294,EV Fleet India,Belagavi,Completed,Good,D3636,Cloudy,22.5,76.0,26.32,Healthy
EV3637,Tata Curvv EV,Tata,2023,55,95.0,2035-12-23 22:30:00,2035-12-23 23:08:00,0.63,Belagavi Station 2,Fast,36,27.0,175.0,324,Green Mobility,Belagavi,Completed,Good,D3637,Cloudy,22.5,76.0,26.32,Healthy
EV3638,Tata Curvv EV,Tata,2023,55,96.3,2035-12-24 09:45:00,2035-12-24 10:05:00,0.33,Mangalore Station 1,Fast,35,21.5,135.0,258,City EV,Mangalore,Completed,Good,D3638,Cloudy,22.5,76.0,26.32,Healthy
EV3639,Tata Curvv EV,Tata,2023,55,91.3,2035-12-25 13:45:00,2035-12-25 14:30:00,0.75,Mysore Station 1,Fast,33,32.4,178.0,388.8,Premium Fleet,Mysore,Completed,Good,D3639,Cloudy,22.5,76.0,26.32,Healthy
EV3640,MG ZS EV,MG,2023,50,96.5,2035-12-26 12:45:00,2035-12-26 14:59:00,2.23,Hubli Station 1,Normal,38,39.3,164.0,471.6,Premium Fleet,Hubli,Completed,Good,D3640,Sunny,22.5,76.0,26.32,Healthy
EV3641,Kia EV6,Kia,2023,77,95.3,2035-12-27 18:15:00,2035-12-27 19:18:00,1.05,Hubli Station 2,Fast,29,45.9,178.0,550.79999999999995,Eco Drive,Hubli,Completed,Good,D3641,Sunny,22.5,76.0,26.32,Healthy
EV3642,Hyundai Kona EV,Hyundai,2023,39,94.2,2035-12-28 06:15:00,2035-12-28 06:53:00,0.63,Mangalore Station 2,Fast,29,27.3,347.0,327.60000000000002,Eco Drive,Mangalore,Completed,Good,D3642,Sunny,22.5,76.0,26.32,Healthy
EV3643,Mahindra XUV400,Mahindra,2023,39,96.8,2035-12-29 12:00:00,2035-12-29 12:34:00,0.57,Bangalore Station 2,Fast,36,25.7,245.0,308.39999999999998,Premium Fleet,Bangalore,Completed,Good,D3643,Rainy,22.5,76.0,26.32,Healthy
EV3644,Tata Curvv EV,Tata,2023,55,91.9,2035-12-30 03:45:00,2035-12-30 04:14:00,0.48,Mangalore Station 1,Fast,27,23.0,311.0,276,EV Fleet India,Mangalore,Completed,Good,D3644,Sunny,22.5,76.0,26.32,Healthy
EV3645,BYD Atto 3,BYD,2023,60,95.2,2035-12-31 16:45:00,2035-12-31 17:27:00,0.7,Mangalore Station 1,Fast,37,39.4,313.0,472.8,Premium Fleet,Mangalore,Completed,Good,D3645,Rainy,22.5,76.0,26.32,Healthy
EV3646,Kia EV6,Kia,2023,77,92.8,2036-01-01 22:45:00,2036-01-02 01:35:00,2.83,Bangalore Station 1,Normal,32,52.5,296.0,630,EV Fleet India,Bangalore,Completed,Good,D3646,Cloudy,22.5,76.0,26.32,Healthy
EV3647,BYD Atto 3,BYD,2023,60,93.0,2036-01-02 13:30:00,2036-01-02 14:16:00,0.77,Bangalore Station 1,Fast,30,37.9,123.0,454.8,City EV,Bangalore,Completed,Good,D3647,Cloudy,22.5,76.0,26.32,Healthy
EV3648,MG ZS EV,MG,2023,50,92.5,2036-01-03 04:15:00,2036-01-03 04:50:00,0.58,Hubli Station 2,Fast,27,31.0,149.0,372,Green Mobility,Hubli,Completed,Good,D3648,Cloudy,22.5,76.0,26.32,Healthy
EV3649,Tata Nexon EV,Tata,2023,40,92.6,2036-01-04 17:45:00,2036-01-04 18:02:00,0.28,Mysore Station 2,Fast,37,13.2,116.0,158.4,Premium Fleet,Mysore,Completed,Good,D3649,Sunny,22.5,76.0,26.32,Healthy
EV3650,Mahindra XUV400,Mahindra,2023,39,94.7,2036-01-05 21:15:00,2036-01-05 22:18:00,1.05,Mysore Station 2,Normal,38,18.9,314.0,226.8,EV Fleet India,Mysore,Completed,Good,D3650,Sunny,22.5,76.0,26.32,Healthy
EV3651,BYD Atto 3,BYD,2023,60,95.7,2036-01-06 21:45:00,2036-01-06 22:13:00,0.47,Hubli Station 2,Fast,28,24.6,308.0,295.2,Premium Fleet,Hubli,Completed,Good,D3651,Cloudy,22.5,76.0,26.32,Healthy
EV3652,Mahindra XUV400,Mahindra,2023,39,94.4,2036-01-07 22:15:00,2036-01-07 23:13:00,0.97,Bangalore Station 1,Normal,30,15.3,91.0,183.6,Eco Drive,Bangalore,Completed,Good,D3652,Cloudy,22.5,76.0,26.32,Healthy
EV3653,Tata Curvv EV,Tata,2023,55,97.1,2036-01-08 20:15:00,2036-01-08 22:06:00,1.85,Hubli Station 1,Normal,33,31.1,78.0,373.2,City EV,Hubli,Completed,Good,D3653,Sunny,22.5,76.0,26.32,Healthy
EV3654,MG Comet EV,MG,2023,17,92.3,2036-01-09 08:30:00,2036-01-09 08:47:00,0.28,Mangalore Station 2,Fast,29,10.6,276.0,127.2,City EV,Mangalore,Completed,Good,D3654,Cloudy,22.5,76.0,26.32,Healthy
EV3655,Hyundai Kona EV,Hyundai,2023,39,94.4,2036-01-10 22:45:00,2036-01-10 23:54:00,1.15,Mangalore Station 1,Normal,27,21.7,91.0,260.39999999999998,Premium Fleet,Mangalore,Completed,Good,D3655,Cloudy,22.5,76.0,26.32,Healthy
EV3656,MG ZS EV,MG,2023,50,96.1,2036-01-11 12:30:00,2036-01-11 13:03:00,0.55,Belagavi Station 1,Fast,27,30.9,227.0,370.8,Eco Drive,Belagavi,Completed,Good,D3656,Cloudy,22.5,76.0,26.32,Healthy
EV3657,Tata Nexon EV,Tata,2023,40,93.9,2036-01-12 17:45:00,2036-01-12 18:06:00,0.35,Hubli Station 1,Fast,28,17.6,96.0,211.2,City EV,Hubli,Completed,Good,D3657,Rainy,22.5,76.0,26.32,Healthy
EV3658,MG Comet EV,MG,2023,17,94.3,2036-01-13 23:30:00,2036-01-13 23:49:00,0.32,Mysore Station 1,Normal,31,6.1,175.0,73.2,Eco Drive,Mysore,Completed,Good,D3658,Cloudy,22.5,76.0,26.32,Healthy
EV3659,BYD Seal,BYD,2023,82,91.4,2036-01-14 21:45:00,2036-01-14 22:23:00,0.63,Mangalore Station 1,Fast,34,27.7,124.0,332.4,EV Fleet India,Mangalore,Completed,Good,D3659,Rainy,22.5,76.0,26.32,Healthy
EV3660,MG Comet EV,MG,2023,17,93.8,2036-01-15 18:45:00,2036-01-15 18:55:00,0.17,Mangalore Station 1,Fast,36,12.3,120.0,147.6,Green Mobility,Mangalore,Completed,Good,D3660,Rainy,22.5,76.0,26.32,Healthy
EV3661,Hyundai Kona EV,Hyundai,2023,39,91.7,2036-01-16 16:45:00,2036-01-16 17:46:00,1.02,Hubli Station 1,Normal,31,16.3,239.0,195.6,Eco Drive,Hubli,Completed,Good,D3661,Cloudy,22.5,76.0,26.32,Healthy
EV3662,Tata Nexon EV,Tata,2023,40,97.0,2036-01-17 04:15:00,2036-01-17 04:58:00,0.72,Mysore Station 2,Normal,36,14.1,340.0,169.2,EV Fleet India,Mysore,Completed,Good,D3662,Cloudy,22.5,76.0,26.32,Healthy
EV3663,Tata Curvv EV,Tata,2023,55,93.2,2036-01-18 00:30:00,2036-01-18 03:04:00,2.57,Hubli Station 1,Normal,27,43.8,272.0,525.6,Premium Fleet,Hubli,Completed,Good,D3663,Rainy,22.5,76.0,26.32,Healthy
EV3664,MG ZS EV,MG,2023,50,93.6,2036-01-19 04:45:00,2036-01-19 05:22:00,0.62,Mangalore Station 2,Fast,30,25.5,124.0,306,Eco Drive,Mangalore,Completed,Good,D3664,Cloudy,22.5,76.0,26.32,Healthy
EV3665,MG ZS EV,MG,2023,50,93.9,2036-01-20 18:00:00,2036-01-20 18:33:00,0.55,Mysore Station 1,Fast,28,30.4,80.0,364.8,Eco Drive,Mysore,Completed,Good,D3665,Sunny,22.5,76.0,26.32,Healthy
EV3666,Hyundai Kona EV,Hyundai,2023,39,96.5,2036-01-21 21:30:00,2036-01-21 21:56:00,0.43,Hubli Station 2,Fast,37,26.1,173.0,313.2,City EV,Hubli,Completed,Good,D3666,Cloudy,22.5,76.0,26.32,Healthy
EV3667,Mahindra XUV400,Mahindra,2023,39,95.9,2036-01-22 07:30:00,2036-01-22 08:07:00,0.62,Bangalore Station 1,Normal,30,10.9,314.0,130.80000000000001,City EV,Bangalore,Completed,Good,D3667,Sunny,22.5,76.0,26.32,Healthy
EV3668,Tata Punch EV,Tata,2023,35,94.8,2036-01-23 19:45:00,2036-01-23 20:55:00,1.17,Mangalore Station 1,Normal,39,20.3,85.0,243.6,Eco Drive,Mangalore,Completed,Good,D3668,Rainy,22.5,76.0,26.32,Healthy
EV3669,Mahindra XUV400,Mahindra,2023,39,93.7,2036-01-24 12:45:00,2036-01-24 13:15:00,0.5,Hubli Station 1,Fast,30,25.2,315.0,302.39999999999998,EV Fleet India,Hubli,Completed,Good,D3669,Rainy,22.5,76.0,26.32,Healthy
EV3670,BYD Seal,BYD,2023,82,91.6,2036-01-25 07:45:00,2036-01-25 10:48:00,3.05,Mysore Station 1,Normal,37,54.1,242.0,649.20000000000005,City EV,Mysore,Completed,Good,D3670,Cloudy,22.5,76.0,26.32,Healthy
EV3671,Mahindra XUV400,Mahindra,2023,39,91.1,2036-01-26 16:00:00,2036-01-26 16:24:00,0.4,Mangalore Station 1,Fast,39,20.4,127.0,244.8,City EV,Mangalore,Completed,Good,D3671,Rainy,22.5,76.0,26.32,Healthy
EV3672,Kia EV6,Kia,2023,77,95.5,2036-01-27 16:00:00,2036-01-27 17:03:00,1.05,Bangalore Station 2,Fast,39,55.3,217.0,663.6,Eco Drive,Bangalore,Completed,Good,D3672,Cloudy,22.5,76.0,26.32,Healthy
EV3673,Mahindra XUV400,Mahindra,2023,39,94.8,2036-01-28 09:15:00,2036-01-28 09:36:00,0.35,Mysore Station 1,Fast,36,14.9,81.0,178.8,Green Mobility,Mysore,Completed,Good,D3673,Rainy,22.5,76.0,26.32,Healthy
EV3674,Mahindra XUV400,Mahindra,2023,39,96.1,2036-01-29 17:45:00,2036-01-29 19:14:00,1.48,Bangalore Station 1,Normal,36,26.6,312.0,319.2,Eco Drive,Bangalore,Completed,Good,D3674,Cloudy,22.5,76.0,26.32,Healthy
EV3675,Kia EV6,Kia,2023,77,93.2,2036-01-30 07:00:00,2036-01-30 10:09:00,3.15,Bangalore Station 1,Normal,39,55.2,144.0,662.4,Green Mobility,Bangalore,Completed,Good,D3675,Cloudy,22.5,76.0,26.32,Healthy
EV3676,Kia EV6,Kia,2023,77,96.7,2036-01-31 01:45:00,2036-01-31 04:44:00,2.98,Hubli Station 1,Normal,36,52.6,89.0,631.20000000000005,EV Fleet India,Hubli,Completed,Good,D3676,Sunny,22.5,76.0,26.32,Healthy
EV3677,Hyundai Kona EV,Hyundai,2023,39,94.3,2036-02-01 02:00:00,2036-02-01 03:02:00,1.03,Mysore Station 1,Normal,31,18.6,236.0,223.2,Eco Drive,Mysore,Completed,Good,D3677,Cloudy,22.5,76.0,26.32,Healthy
EV3678,Tata Curvv EV,Tata,2023,55,95.2,2036-02-02 01:30:00,2036-02-02 01:46:00,0.27,Hubli Station 2,Fast,28,13.7,135.0,164.4,EV Fleet India,Hubli,Completed,Good,D3678,Cloudy,22.5,76.0,26.32,Healthy
EV3679,BYD Atto 3,BYD,2023,60,94.5,2036-02-03 14:15:00,2036-02-03 15:16:00,1.02,Bangalore Station 1,Fast,28,51.7,125.0,620.4,Premium Fleet,Bangalore,Completed,Good,D3679,Rainy,22.5,76.0,26.32,Healthy
EV3680,BYD Atto 3,BYD,2023,60,93.5,2036-02-04 00:00:00,2036-02-04 00:18:00,0.3,Mysore Station 2,Fast,35,19.2,247.0,230.4,Green Mobility,Mysore,Completed,Good,D3680,Cloudy,22.5,76.0,26.32,Healthy
EV3681,MG ZS EV,MG,2023,50,93.8,2036-02-05 01:45:00,2036-02-05 02:17:00,0.53,Hubli Station 1,Fast,27,29.9,249.0,358.8,EV Fleet India,Hubli,Completed,Good,D3681,Rainy,22.5,76.0,26.32,Healthy
EV3682,Mahindra XUV400,Mahindra,2023,39,92.1,2036-02-06 07:45:00,2036-02-06 08:05:00,0.33,Hubli Station 2,Fast,30,15.1,155.0,181.2,Green Mobility,Hubli,Completed,Good,D3682,Cloudy,22.5,76.0,26.32,Healthy
EV3683,MG Comet EV,MG,2023,17,94.8,2036-02-07 19:45:00,2036-02-07 20:00:00,0.25,Belagavi Station 2,Fast,28,10.3,350.0,123.6,Green Mobility,Belagavi,Completed,Good,D3683,Cloudy,22.5,76.0,26.32,Healthy
EV3684,Tata Nexon EV,Tata,2023,40,93.6,2036-02-08 06:45:00,2036-02-08 07:13:00,0.47,Belagavi Station 1,Fast,31,18.7,88.0,224.4,Green Mobility,Belagavi,Completed,Good,D3684,Rainy,22.5,76.0,26.32,Healthy
EV3685,Tata Punch EV,Tata,2023,35,94.0,2036-02-09 23:15:00,2036-02-09 23:48:00,0.55,Bangalore Station 1,Fast,37,24.1,302.0,289.2,Eco Drive,Bangalore,Completed,Good,D3685,Sunny,22.5,76.0,26.32,Healthy
EV3686,Tata Punch EV,Tata,2023,35,95.4,2036-02-10 17:45:00,2036-02-10 19:03:00,1.3,Hubli Station 1,Normal,34,22.0,160.0,264,EV Fleet India,Hubli,Completed,Good,D3686,Sunny,22.5,76.0,26.32,Healthy
EV3687,Hyundai Kona EV,Hyundai,2023,39,94.9,2036-02-11 02:00:00,2036-02-11 02:32:00,0.53,Mangalore Station 1,Fast,30,22.0,92.0,264,EV Fleet India,Mangalore,Completed,Good,D3687,Sunny,22.5,76.0,26.32,Healthy
EV3688,Hyundai Kona EV,Hyundai,2023,39,94.3,2036-02-12 17:00:00,2036-02-12 17:32:00,0.53,Bangalore Station 2,Fast,38,22.0,132.0,264,Green Mobility,Bangalore,Completed,Good,D3688,Sunny,22.5,76.0,26.32,Healthy
EV3689,Tata Curvv EV,Tata,2023,55,93.4,2036-02-13 05:45:00,2036-02-13 06:12:00,0.45,Mangalore Station 2,Fast,28,15.9,196.0,190.8,Premium Fleet,Mangalore,Completed,Good,D3689,Sunny,22.5,76.0,26.32,Healthy
EV3690,Hyundai Kona EV,Hyundai,2023,39,93.1,2036-02-14 21:00:00,2036-02-14 21:12:00,0.2,Mysore Station 2,Fast,31,13.7,139.0,164.4,EV Fleet India,Mysore,Completed,Good,D3690,Sunny,22.5,76.0,26.32,Healthy
EV3691,Kia EV6,Kia,2023,77,92.6,2036-02-15 13:00:00,2036-02-15 14:07:00,1.12,Mangalore Station 2,Fast,35,52.0,160.0,624,Eco Drive,Mangalore,Completed,Good,D3691,Sunny,22.5,76.0,26.32,Healthy
EV3692,Tata Nexon EV,Tata,2023,40,92.3,2036-02-16 12:00:00,2036-02-16 12:22:00,0.37,Belagavi Station 1,Fast,32,20.5,247.0,246,EV Fleet India,Belagavi,Completed,Good,D3692,Cloudy,22.5,76.0,26.32,Healthy
EV3693,BYD Atto 3,BYD,2023,60,96.6,2036-02-17 00:15:00,2036-02-17 02:05:00,1.83,Belagavi Station 1,Normal,37,33.7,77.0,404.4,City EV,Belagavi,Completed,Good,D3693,Rainy,22.5,76.0,26.32,Healthy
EV3694,Tata Punch EV,Tata,2023,35,94.3,2036-02-18 21:45:00,2036-02-18 22:13:00,0.47,Hubli Station 1,Fast,33,26.4,302.0,316.8,Green Mobility,Hubli,Completed,Good,D3694,Sunny,22.5,76.0,26.32,Healthy
EV3695,BYD Atto 3,BYD,2023,60,93.8,2036-02-19 23:00:00,2036-02-20 01:11:00,2.18,Hubli Station 1,Normal,29,37.4,333.0,448.8,Green Mobility,Hubli,Completed,Good,D3695,Cloudy,22.5,76.0,26.32,Healthy
EV3696,MG ZS EV,MG,2023,50,95.7,2036-02-20 15:45:00,2036-02-20 16:17:00,0.53,Mysore Station 2,Fast,34,25.9,135.0,310.8,Premium Fleet,Mysore,Completed,Good,D3696,Cloudy,22.5,76.0,26.32,Healthy
EV3697,Kia EV6,Kia,2023,77,93.1,2036-02-21 08:45:00,2036-02-21 09:21:00,0.6,Hubli Station 2,Fast,37,30.7,196.0,368.4,EV Fleet India,Hubli,Completed,Good,D3697,Rainy,22.5,76.0,26.32,Healthy
EV3698,MG Comet EV,MG,2023,17,91.8,2036-02-22 12:00:00,2036-02-22 12:28:00,0.47,Belagavi Station 2,Normal,27,8.4,192.0,100.8,City EV,Belagavi,Completed,Good,D3698,Sunny,22.5,76.0,26.32,Healthy
EV3699,Tata Curvv EV,Tata,2023,55,93.3,2036-02-23 20:15:00,2036-02-23 21:02:00,0.78,Bangalore Station 2,Normal,37,14.3,77.0,171.6,EV Fleet India,Bangalore,Completed,Good,D3699,Cloudy,22.5,76.0,26.32,Healthy
EV3700,Kia EV6,Kia,2023,77,93.3,2036-02-24 23:00:00,2036-02-24 23:40:00,0.67,Mangalore Station 2,Fast,34,37.8,194.0,453.6,Eco Drive,Mangalore,Completed,Good,D3700,Cloudy,22.5,76.0,26.32,Healthy
EV3701,Tata Punch EV,Tata,2023,35,92.9,2036-02-25 15:00:00,2036-02-25 16:21:00,1.35,Bangalore Station 2,Normal,28,23.1,73.0,277.2,Eco Drive,Bangalore,Completed,Good,D3701,Cloudy,22.5,76.0,26.32,Healthy
EV3702,Kia EV6,Kia,2023,77,93.3,2036-02-26 15:45:00,2036-02-26 16:48:00,1.05,Mangalore Station 1,Fast,34,47.4,275.0,568.79999999999995,EV Fleet India,Mangalore,Completed,Good,D3702,Rainy,22.5,76.0,26.32,Healthy
EV3703,Tata Nexon EV,Tata,2023,40,94.2,2036-02-27 09:15:00,2036-02-27 09:51:00,0.6,Mysore Station 1,Fast,32,26.3,138.0,315.60000000000002,Eco Drive,Mysore,Completed,Good,D3703,Cloudy,22.5,76.0,26.32,Healthy
EV3704,Hyundai Kona EV,Hyundai,2023,39,91.2,2036-02-28 08:15:00,2036-02-28 08:59:00,0.73,Bangalore Station 1,Normal,31,13.1,209.0,157.19999999999999,EV Fleet India,Bangalore,Completed,Good,D3704,Sunny,22.5,76.0,26.32,Healthy
EV3705,Tata Punch EV,Tata,2023,35,95.1,2036-02-29 02:45:00,2036-02-29 03:06:00,0.35,Hubli Station 2,Fast,37,14.3,277.0,171.6,City EV,Hubli,Completed,Good,D3705,Rainy,22.5,76.0,26.32,Healthy
EV3706,MG ZS EV,MG,2023,50,93.3,2036-03-01 12:00:00,2036-03-01 13:31:00,1.52,Mangalore Station 2,Normal,38,26.5,176.0,318,City EV,Mangalore,Completed,Good,D3706,Rainy,22.5,76.0,26.32,Healthy
EV3707,Tata Punch EV,Tata,2023,35,94.7,2036-03-02 15:45:00,2036-03-02 16:03:00,0.3,Hubli Station 1,Fast,32,18.3,212.0,219.6,EV Fleet India,Hubli,Completed,Good,D3707,Cloudy,22.5,76.0,26.32,Healthy
EV3708,MG ZS EV,MG,2023,50,96.9,2036-03-03 21:15:00,2036-03-03 22:37:00,1.37,Mangalore Station 1,Normal,30,22.8,189.0,273.60000000000002,Premium Fleet,Mangalore,Completed,Good,D3708,Rainy,22.5,76.0,26.32,Healthy
EV3709,Hyundai Kona EV,Hyundai,2023,39,96.7,2036-03-04 10:30:00,2036-03-04 11:01:00,0.52,Bangalore Station 1,Fast,27,30.8,234.0,369.6,Premium Fleet,Bangalore,Completed,Good,D3709,Sunny,22.5,76.0,26.32,Healthy
EV3710,MG ZS EV,MG,2023,50,94.0,2036-03-05 10:45:00,2036-03-05 11:12:00,0.45,Mysore Station 1,Fast,28,22.6,175.0,271.2,Green Mobility,Mysore,Completed,Good,D3710,Sunny,22.5,76.0,26.32,Healthy
EV3711,Tata Nexon EV,Tata,2023,40,92.8,2036-03-06 05:30:00,2036-03-06 05:56:00,0.43,Mangalore Station 2,Fast,34,24.3,81.0,291.60000000000002,City EV,Mangalore,Completed,Good,D3711,Rainy,22.5,76.0,26.32,Healthy
EV3712,Kia EV6,Kia,2023,77,94.3,2036-03-07 19:30:00,2036-03-07 20:21:00,0.85,Mangalore Station 1,Fast,27,41.0,226.0,492,Premium Fleet,Mangalore,Completed,Good,D3712,Sunny,22.5,76.0,26.32,Healthy
EV3713,Kia EV6,Kia,2023,77,95.9,2036-03-08 10:15:00,2036-03-08 10:47:00,0.53,Bangalore Station 1,Fast,36,31.5,76.0,378,EV Fleet India,Bangalore,Completed,Good,D3713,Cloudy,22.5,76.0,26.32,Healthy
EV3714,Tata Nexon EV,Tata,2023,40,92.4,2036-03-09 14:15:00,2036-03-09 14:45:00,0.5,Mysore Station 1,Fast,31,18.4,102.0,220.8,Eco Drive,Mysore,Completed,Good,D3714,Cloudy,22.5,76.0,26.32,Healthy
EV3715,Tata Nexon EV,Tata,2023,40,92.7,2036-03-10 07:00:00,2036-03-10 08:13:00,1.22,Mysore Station 2,Normal,38,21.2,114.0,254.4,City EV,Mysore,Completed,Good,D3715,Sunny,22.5,76.0,26.32,Healthy
EV3716,Tata Punch EV,Tata,2023,35,95.3,2036-03-11 04:45:00,2036-03-11 05:06:00,0.35,Mysore Station 2,Fast,37,11.1,115.0,133.19999999999999,Premium Fleet,Mysore,Completed,Good,D3716,Sunny,22.5,76.0,26.32,Healthy
EV3717,BYD Seal,BYD,2023,82,96.8,2036-03-12 00:00:00,2036-03-12 01:14:00,1.23,Mysore Station 2,Fast,33,56.7,317.0,680.4,Premium Fleet,Mysore,Completed,Good,D3717,Sunny,22.5,76.0,26.32,Healthy
EV3718,Tata Punch EV,Tata,2023,35,95.1,2036-03-13 13:30:00,2036-03-13 14:07:00,0.62,Mangalore Station 2,Fast,31,28.3,325.0,339.6,Eco Drive,Mangalore,Completed,Good,D3718,Rainy,22.5,76.0,26.32,Healthy
EV3719,BYD Seal,BYD,2023,82,94.9,2036-03-14 11:00:00,2036-03-14 12:06:00,1.1,Mangalore Station 2,Fast,33,49.9,94.0,598.79999999999995,City EV,Mangalore,Completed,Good,D3719,Sunny,22.5,76.0,26.32,Healthy
EV3720,Tata Curvv EV,Tata,2023,55,95.4,2036-03-15 05:45:00,2036-03-15 07:46:00,2.02,Hubli Station 2,Normal,39,34.1,263.0,409.2,Premium Fleet,Hubli,Completed,Good,D3720,Cloudy,22.5,76.0,26.32,Healthy
EV3721,Mahindra XUV400,Mahindra,2023,39,96.2,2036-03-16 10:30:00,2036-03-16 10:50:00,0.33,Mangalore Station 1,Fast,33,20.8,334.0,249.6,City EV,Mangalore,Completed,Good,D3721,Rainy,22.5,76.0,26.32,Healthy
EV3722,Kia EV6,Kia,2023,77,91.8,2036-03-17 14:45:00,2036-03-17 15:20:00,0.58,Belagavi Station 1,Fast,35,30.2,292.0,362.4,Green Mobility,Belagavi,Completed,Good,D3722,Sunny,22.5,76.0,26.32,Healthy
EV3723,Mahindra XUV400,Mahindra,2023,39,96.7,2036-03-18 15:30:00,2036-03-18 16:59:00,1.48,Belagavi Station 1,Normal,35,27.3,110.0,327.60000000000002,Eco Drive,Belagavi,Completed,Good,D3723,Sunny,22.5,76.0,26.32,Healthy
EV3724,Hyundai Kona EV,Hyundai,2023,39,94.0,2036-03-19 23:00:00,2036-03-19 23:40:00,0.67,Mysore Station 1,Fast,37,29.5,240.0,354,Green Mobility,Mysore,Completed,Good,D3724,Rainy,22.5,76.0,26.32,Healthy
EV3725,BYD Atto 3,BYD,2023,60,95.0,2036-03-20 08:45:00,2036-03-20 11:01:00,2.27,Belagavi Station 1,Normal,39,38.8,141.0,465.6,Eco Drive,Belagavi,Completed,Good,D3725,Rainy,22.5,76.0,26.32,Healthy
EV3726,Mahindra XUV400,Mahindra,2023,39,94.5,2036-03-21 23:15:00,2036-03-21 23:51:00,0.6,Hubli Station 2,Normal,33,12.2,200.0,146.4,Eco Drive,Hubli,Completed,Good,D3726,Sunny,22.5,76.0,26.32,Healthy
EV3727,Tata Nexon EV,Tata,2023,40,92.7,2036-03-22 22:00:00,2036-03-22 22:33:00,0.55,Bangalore Station 1,Fast,29,23.8,345.0,285.60000000000002,Green Mobility,Bangalore,Completed,Good,D3727,Rainy,22.5,76.0,26.32,Healthy
EV3728,Tata Nexon EV,Tata,2023,40,93.9,2036-03-23 22:15:00,2036-03-23 22:50:00,0.58,Mangalore Station 2,Fast,35,28.0,78.0,336,Green Mobility,Mangalore,Completed,Good,D3728,Cloudy,22.5,76.0,26.32,Healthy
EV3729,Mahindra XUV400,Mahindra,2023,39,92.2,2036-03-24 13:15:00,2036-03-24 13:44:00,0.48,Mangalore Station 2,Fast,38,24.3,201.0,291.60000000000002,Green Mobility,Mangalore,Completed,Good,D3729,Cloudy,22.5,76.0,26.32,Healthy
EV3730,MG Comet EV,MG,2023,17,91.6,2036-03-25 18:15:00,2036-03-25 18:52:00,0.62,Mangalore Station 2,Normal,33,12.6,86.0,151.19999999999999,City EV,Mangalore,Completed,Good,D3730,Rainy,22.5,76.0,26.32,Healthy
EV3731,MG ZS EV,MG,2023,50,94.5,2036-03-26 19:00:00,2036-03-26 19:27:00,0.45,Hubli Station 1,Fast,33,19.9,107.0,238.8,Premium Fleet,Hubli,Completed,Good,D3731,Sunny,22.5,76.0,26.32,Healthy
EV3732,Mahindra XUV400,Mahindra,2023,39,91.7,2036-03-27 21:30:00,2036-03-27 22:05:00,0.58,Bangalore Station 1,Normal,37,10.6,251.0,127.2,Green Mobility,Bangalore,Completed,Good,D3732,Cloudy,22.5,76.0,26.32,Healthy
EV3733,Tata Nexon EV,Tata,2023,40,95.3,2036-03-28 23:00:00,2036-03-28 23:37:00,0.62,Belagavi Station 2,Fast,32,25.5,334.0,306,Premium Fleet,Belagavi,Completed,Good,D3733,Sunny,22.5,76.0,26.32,Healthy
EV3734,Tata Punch EV,Tata,2023,35,96.7,2036-03-29 14:45:00,2036-03-29 15:04:00,0.32,Hubli Station 1,Fast,34,17.2,104.0,206.4,EV Fleet India,Hubli,Completed,Good,D3734,Cloudy,22.5,76.0,26.32,Healthy
EV3735,Mahindra XUV400,Mahindra,2023,39,93.6,2036-03-30 13:00:00,2036-03-30 14:05:00,1.08,Hubli Station 1,Normal,33,19.2,322.0,230.4,City EV,Hubli,Completed,Good,D3735,Sunny,22.5,76.0,26.32,Healthy
EV3736,MG Comet EV,MG,2023,17,91.8,2036-03-31 10:00:00,2036-03-31 10:13:00,0.22,Mysore Station 2,Fast,31,5.7,155.0,68.400000000000006,Eco Drive,Mysore,Completed,Good,D3736,Cloudy,22.5,76.0,26.32,Healthy
EV3737,Kia EV6,Kia,2023,77,95.4,2036-04-01 21:30:00,2036-04-01 22:28:00,0.97,Bangalore Station 2,Fast,34,51.8,153.0,621.6,Eco Drive,Bangalore,Completed,Good,D3737,Sunny,22.5,76.0,26.32,Healthy
EV3738,BYD Atto 3,BYD,2023,60,91.3,2036-04-02 21:15:00,2036-04-02 23:13:00,1.97,Mangalore Station 1,Normal,29,36.6,184.0,439.2,City EV,Mangalore,Completed,Good,D3738,Cloudy,22.5,76.0,26.32,Healthy
EV3739,Tata Nexon EV,Tata,2023,40,94.3,2036-04-03 12:00:00,2036-04-03 13:32:00,1.53,Hubli Station 2,Normal,32,26.9,326.0,322.8,EV Fleet India,Hubli,Completed,Good,D3739,Rainy,22.5,76.0,26.32,Healthy
EV3740,Tata Punch EV,Tata,2023,35,92.1,2036-04-04 10:15:00,2036-04-04 10:46:00,0.52,Mangalore Station 2,Fast,36,21.6,321.0,259.2,Premium Fleet,Mangalore,Completed,Good,D3740,Rainy,22.5,76.0,26.32,Healthy
EV3741,Tata Curvv EV,Tata,2023,55,93.0,2036-04-05 16:00:00,2036-04-05 16:58:00,0.97,Belagavi Station 2,Normal,27,17.4,177.0,208.8,EV Fleet India,Belagavi,Completed,Good,D3741,Rainy,22.5,76.0,26.32,Healthy
EV3742,MG ZS EV,MG,2023,50,96.1,2036-04-06 22:45:00,2036-04-07 00:40:00,1.92,Bangalore Station 2,Normal,38,34.4,125.0,412.8,City EV,Bangalore,Completed,Good,D3742,Sunny,22.5,76.0,26.32,Healthy
EV3743,Hyundai Kona EV,Hyundai,2023,39,95.5,2036-04-07 13:00:00,2036-04-07 13:19:00,0.32,Hubli Station 1,Fast,37,9.2,257.0,110.4,City EV,Hubli,Completed,Good,D3743,Cloudy,22.5,76.0,26.32,Healthy
EV3744,Tata Punch EV,Tata,2023,35,96.7,2036-04-08 22:30:00,2036-04-08 22:44:00,0.23,Hubli Station 1,Fast,36,13.6,207.0,163.19999999999999,City EV,Hubli,Completed,Good,D3744,Sunny,22.5,76.0,26.32,Healthy
EV3745,MG ZS EV,MG,2023,50,92.5,2036-04-09 15:00:00,2036-04-09 16:58:00,1.97,Bangalore Station 1,Normal,27,34.9,121.0,418.8,Eco Drive,Bangalore,Completed,Good,D3745,Sunny,22.5,76.0,26.32,Healthy
EV3746,MG ZS EV,MG,2023,50,95.1,2036-04-10 00:00:00,2036-04-10 00:25:00,0.42,Belagavi Station 1,Fast,34,16.6,194.0,199.2,Eco Drive,Belagavi,Completed,Good,D3746,Sunny,22.5,76.0,26.32,Healthy
EV3747,BYD Seal,BYD,2023,82,94.5,2036-04-11 21:15:00,2036-04-11 23:37:00,2.37,Mangalore Station 2,Normal,38,43.7,164.0,524.4,Premium Fleet,Mangalore,Completed,Good,D3747,Sunny,22.5,76.0,26.32,Healthy
EV3748,MG ZS EV,MG,2023,50,94.1,2036-04-12 10:30:00,2036-04-12 11:01:00,0.52,Mangalore Station 1,Fast,34,24.6,182.0,295.2,Premium Fleet,Mangalore,Completed,Good,D3748,Rainy,22.5,76.0,26.32,Healthy
EV3749,Tata Curvv EV,Tata,2023,55,94.1,2036-04-13 21:45:00,2036-04-13 23:01:00,1.27,Mangalore Station 1,Normal,30,21.8,141.0,261.60000000000002,Premium Fleet,Mangalore,Completed,Good,D3749,Rainy,22.5,76.0,26.32,Healthy
EV3750,Tata Nexon EV,Tata,2023,40,93.9,2036-04-14 18:15:00,2036-04-14 18:44:00,0.48,Mysore Station 1,Fast,29,26.6,119.0,319.2,Eco Drive,Mysore,Completed,Good,D3750,Sunny,22.5,76.0,26.32,Healthy
EV3751,Tata Punch EV,Tata,2023,35,93.8,2036-04-15 17:15:00,2036-04-15 17:55:00,0.67,Hubli Station 2,Normal,35,10.3,199.0,123.6,Eco Drive,Hubli,Completed,Good,D3751,Sunny,22.5,76.0,26.32,Healthy
EV3752,Kia EV6,Kia,2023,77,92.5,2036-04-16 03:00:00,2036-04-16 04:05:00,1.08,Belagavi Station 1,Fast,28,51.6,335.0,619.20000000000005,City EV,Belagavi,Completed,Good,D3752,Rainy,22.5,76.0,26.32,Healthy
EV3753,BYD Seal,BYD,2023,82,94.4,2036-04-17 16:15:00,2036-04-17 16:55:00,0.67,Hubli Station 1,Fast,32,26.8,183.0,321.60000000000002,City EV,Hubli,Completed,Good,D3753,Sunny,22.5,76.0,26.32,Healthy
EV3754,Hyundai Kona EV,Hyundai,2023,39,94.0,2036-04-18 16:30:00,2036-04-18 16:57:00,0.45,Bangalore Station 2,Fast,39,25.9,203.0,310.8,Eco Drive,Bangalore,Completed,Good,D3754,Cloudy,22.5,76.0,26.32,Healthy
EV3755,BYD Seal,BYD,2023,82,95.1,2036-04-19 17:00:00,2036-04-19 17:32:00,0.53,Hubli Station 2,Fast,36,28.1,94.0,337.2,Premium Fleet,Hubli,Completed,Good,D3755,Rainy,22.5,76.0,26.32,Healthy
EV3756,Kia EV6,Kia,2023,77,94.3,2036-04-20 14:00:00,2036-04-20 14:48:00,0.8,Hubli Station 2,Fast,36,36.7,165.0,440.4,Green Mobility,Hubli,Completed,Good,D3756,Sunny,22.5,76.0,26.32,Healthy
EV3757,Kia EV6,Kia,2023,77,92.6,2036-04-21 08:30:00,2036-04-21 10:27:00,1.95,Belagavi Station 2,Normal,33,34.9,75.0,418.8,Eco Drive,Belagavi,Completed,Good,D3757,Sunny,22.5,76.0,26.32,Healthy
EV3758,Tata Punch EV,Tata,2023,35,96.1,2036-04-22 05:15:00,2036-04-22 05:42:00,0.45,Hubli Station 1,Fast,36,23.8,113.0,285.60000000000002,Green Mobility,Hubli,Completed,Good,D3758,Sunny,22.5,76.0,26.32,Healthy
EV3759,Tata Punch EV,Tata,2023,35,92.0,2036-04-23 10:45:00,2036-04-23 11:03:00,0.3,Bangalore Station 2,Fast,39,14.6,229.0,175.2,Eco Drive,Bangalore,Completed,Good,D3759,Cloudy,22.5,76.0,26.32,Healthy
EV3760,BYD Atto 3,BYD,2023,60,93.2,2036-04-24 00:00:00,2036-04-24 02:07:00,2.12,Mangalore Station 2,Normal,30,39.7,118.0,476.4,Green Mobility,Mangalore,Completed,Good,D3760,Cloudy,22.5,76.0,26.32,Healthy
EV3761,MG Comet EV,MG,2023,17,96.9,2036-04-25 16:45:00,2036-04-25 17:17:00,0.53,Mysore Station 1,Normal,37,9.0,244.0,108,Premium Fleet,Mysore,Completed,Good,D3761,Rainy,22.5,76.0,26.32,Healthy
EV3762,MG Comet EV,MG,2023,17,94.5,2036-04-26 18:00:00,2036-04-26 18:06:00,0.1,Bangalore Station 1,Fast,33,9.1,100.0,109.2,EV Fleet India,Bangalore,Completed,Good,D3762,Cloudy,22.5,76.0,26.32,Healthy
EV3763,MG ZS EV,MG,2023,50,96.5,2036-04-27 16:00:00,2036-04-27 17:14:00,1.23,Bangalore Station 1,Normal,35,23.9,186.0,286.8,City EV,Bangalore,Completed,Good,D3763,Rainy,22.5,76.0,26.32,Healthy
EV3764,Kia EV6,Kia,2023,77,96.4,2036-04-28 05:30:00,2036-04-28 06:06:00,0.6,Mysore Station 1,Fast,29,28.9,90.0,346.8,Eco Drive,Mysore,Completed,Good,D3764,Sunny,22.5,76.0,26.32,Healthy
EV3765,Hyundai Kona EV,Hyundai,2023,39,91.1,2036-04-29 19:15:00,2036-04-29 19:41:00,0.43,Mangalore Station 1,Fast,35,15.6,225.0,187.2,Premium Fleet,Mangalore,Completed,Good,D3765,Rainy,22.5,76.0,26.32,Healthy
EV3766,Tata Punch EV,Tata,2023,35,94.7,2036-04-30 10:30:00,2036-04-30 11:41:00,1.18,Bangalore Station 1,Normal,34,21.1,264.0,253.2,Eco Drive,Bangalore,Completed,Good,D3766,Sunny,22.5,76.0,26.32,Healthy
EV3767,Tata Nexon EV,Tata,2023,40,95.2,2036-05-01 13:30:00,2036-05-01 13:38:00,0.13,Mysore Station 1,Fast,32,9.4,285.0,112.8,Green Mobility,Mysore,Completed,Good,D3767,Cloudy,22.5,76.0,26.32,Healthy
EV3768,Hyundai Kona EV,Hyundai,2023,39,94.4,2036-05-02 15:45:00,2036-05-02 16:12:00,0.45,Mysore Station 2,Fast,35,21.4,94.0,256.8,Premium Fleet,Mysore,Completed,Good,D3768,Sunny,22.5,76.0,26.32,Healthy
EV3769,Tata Nexon EV,Tata,2023,40,94.8,2036-05-03 13:30:00,2036-05-03 14:00:00,0.5,Bangalore Station 1,Fast,29,20.0,118.0,240,Green Mobility,Bangalore,Completed,Good,D3769,Cloudy,22.5,76.0,26.32,Healthy
EV3770,Tata Curvv EV,Tata,2023,55,96.0,2036-05-04 09:00:00,2036-05-04 09:27:00,0.45,Belagavi Station 1,Fast,29,17.3,103.0,207.6,Green Mobility,Belagavi,Completed,Good,D3770,Sunny,22.5,76.0,26.32,Healthy
EV3771,MG Comet EV,MG,2023,17,93.6,2036-05-05 05:00:00,2036-05-05 05:09:00,0.15,Hubli Station 2,Fast,33,12.2,110.0,146.4,EV Fleet India,Hubli,Completed,Good,D3771,Cloudy,22.5,76.0,26.32,Healthy
EV3772,BYD Atto 3,BYD,2023,60,91.6,2036-05-06 15:30:00,2036-05-06 17:03:00,1.55,Hubli Station 2,Normal,28,28.5,109.0,342,EV Fleet India,Hubli,Completed,Good,D3772,Sunny,22.5,76.0,26.32,Healthy
EV3773,MG Comet EV,MG,2023,17,95.6,2036-05-07 18:00:00,2036-05-07 18:33:00,0.55,Mangalore Station 1,Normal,28,10.6,233.0,127.2,EV Fleet India,Mangalore,Completed,Good,D3773,Rainy,22.5,76.0,26.32,Healthy
EV3774,Hyundai Kona EV,Hyundai,2023,39,93.8,2036-05-08 05:45:00,2036-05-08 06:06:00,0.35,Mysore Station 1,Fast,33,14.9,109.0,178.8,City EV,Mysore,Completed,Good,D3774,Cloudy,22.5,76.0,26.32,Healthy
EV3775,Tata Curvv EV,Tata,2023,55,92.5,2036-05-09 18:45:00,2036-05-09 20:20:00,1.58,Belagavi Station 2,Normal,34,26.9,236.0,322.8,EV Fleet India,Belagavi,Completed,Good,D3775,Cloudy,22.5,76.0,26.32,Healthy
EV3776,BYD Atto 3,BYD,2023,60,91.5,2036-05-10 04:30:00,2036-05-10 05:44:00,1.23,Hubli Station 2,Normal,31,22.1,239.0,265.2,EV Fleet India,Hubli,Completed,Good,D3776,Sunny,22.5,76.0,26.32,Healthy
EV3777,Tata Punch EV,Tata,2023,35,93.0,2036-05-11 06:15:00,2036-05-11 07:18:00,1.05,Belagavi Station 1,Normal,31,17.3,62.0,207.6,Green Mobility,Belagavi,Completed,Good,D3777,Sunny,22.5,76.0,26.32,Healthy
EV3778,Kia EV6,Kia,2023,77,92.0,2036-05-12 14:30:00,2036-05-12 15:26:00,0.93,Belagavi Station 2,Normal,35,18.4,196.0,220.8,Green Mobility,Belagavi,Completed,Good,D3778,Rainy,22.5,76.0,26.32,Healthy
EV3779,Tata Curvv EV,Tata,2023,55,96.6,2036-05-13 09:15:00,2036-05-13 10:15:00,1.0,Bangalore Station 1,Normal,38,18.8,275.0,225.6,EV Fleet India,Bangalore,Completed,Good,D3779,Cloudy,22.5,76.0,26.32,Healthy
EV3780,BYD Atto 3,BYD,2023,60,96.5,2036-05-14 15:45:00,2036-05-14 16:04:00,0.32,Belagavi Station 1,Fast,28,18.3,127.0,219.6,Eco Drive,Belagavi,Completed,Good,D3780,Rainy,22.5,76.0,26.32,Healthy
EV3781,BYD Seal,BYD,2023,82,94.8,2036-05-15 10:00:00,2036-05-15 11:05:00,1.08,Mangalore Station 2,Fast,30,52.2,294.0,626.4,EV Fleet India,Mangalore,Completed,Good,D3781,Rainy,22.5,76.0,26.32,Healthy
EV3782,Mahindra XUV400,Mahindra,2023,39,92.8,2036-05-16 08:00:00,2036-05-16 08:25:00,0.42,Mysore Station 2,Fast,35,17.7,105.0,212.4,Green Mobility,Mysore,Completed,Good,D3782,Rainy,22.5,76.0,26.32,Healthy
EV3783,Tata Curvv EV,Tata,2023,55,96.2,2036-05-17 09:30:00,2036-05-17 11:00:00,1.5,Mysore Station 1,Normal,37,25.5,178.0,306,Premium Fleet,Mysore,Completed,Good,D3783,Rainy,22.5,76.0,26.32,Healthy
EV3784,Kia EV6,Kia,2023,77,93.9,2036-05-18 18:45:00,2036-05-18 19:22:00,0.62,Mysore Station 1,Fast,31,27.7,89.0,332.4,City EV,Mysore,Completed,Good,D3784,Cloudy,22.5,76.0,26.32,Healthy
EV3785,Tata Nexon EV,Tata,2023,40,94.0,2036-05-19 22:00:00,2036-05-19 22:25:00,0.42,Mysore Station 2,Fast,36,20.6,230.0,247.2,Eco Drive,Mysore,Completed,Good,D3785,Rainy,22.5,76.0,26.32,Healthy
EV3786,Tata Curvv EV,Tata,2023,55,91.2,2036-05-20 12:15:00,2036-05-20 13:33:00,1.3,Belagavi Station 2,Normal,30,22.4,317.0,268.8,Green Mobility,Belagavi,Completed,Good,D3786,Sunny,22.5,76.0,26.32,Healthy
EV3787,Tata Curvv EV,Tata,2023,55,93.1,2036-05-21 10:15:00,2036-05-21 11:10:00,0.92,Belagavi Station 1,Fast,35,41.6,347.0,499.2,City EV,Belagavi,Completed,Good,D3787,Rainy,22.5,76.0,26.32,Healthy
EV3788,Hyundai Kona EV,Hyundai,2023,39,92.5,2036-05-22 19:15:00,2036-05-22 19:47:00,0.53,Mangalore Station 1,Fast,30,21.0,153.0,252,EV Fleet India,Mangalore,Completed,Good,D3788,Sunny,22.5,76.0,26.32,Healthy
EV3789,Hyundai Kona EV,Hyundai,2023,39,95.4,2036-05-23 19:30:00,2036-05-23 19:46:00,0.27,Hubli Station 2,Fast,38,12.6,94.0,151.19999999999999,Green Mobility,Hubli,Completed,Good,D3789,Rainy,22.5,76.0,26.32,Healthy
EV3790,MG ZS EV,MG,2023,50,91.3,2036-05-24 04:00:00,2036-05-24 04:40:00,0.67,Belagavi Station 2,Fast,38,35.7,271.0,428.4,Premium Fleet,Belagavi,Completed,Good,D3790,Rainy,22.5,76.0,26.32,Healthy
EV3791,Hyundai Kona EV,Hyundai,2023,39,93.1,2036-05-25 16:30:00,2036-05-25 16:53:00,0.38,Mangalore Station 1,Fast,27,13.8,291.0,165.6,Eco Drive,Mangalore,Completed,Good,D3791,Rainy,22.5,76.0,26.32,Healthy
EV3792,BYD Seal,BYD,2023,82,94.3,2036-05-26 06:15:00,2036-05-26 08:03:00,1.8,Belagavi Station 1,Normal,36,34.0,288.0,408,EV Fleet India,Belagavi,Completed,Good,D3792,Sunny,22.5,76.0,26.32,Healthy
EV3793,Kia EV6,Kia,2023,77,93.7,2036-05-27 01:00:00,2036-05-27 02:12:00,1.2,Bangalore Station 2,Fast,28,55.8,72.0,669.6,Green Mobility,Bangalore,Completed,Good,D3793,Cloudy,22.5,76.0,26.32,Healthy
EV3794,Tata Punch EV,Tata,2023,35,95.7,2036-05-28 01:45:00,2036-05-28 02:47:00,1.03,Mysore Station 1,Normal,28,18.4,120.0,220.8,EV Fleet India,Mysore,Completed,Good,D3794,Sunny,22.5,76.0,26.32,Healthy
EV3795,MG ZS EV,MG,2023,50,95.3,2036-05-29 07:00:00,2036-05-29 07:38:00,0.63,Mangalore Station 1,Fast,30,33.6,116.0,403.2,EV Fleet India,Mangalore,Completed,Good,D3795,Cloudy,22.5,76.0,26.32,Healthy
EV3796,Mahindra XUV400,Mahindra,2023,39,93.1,2036-05-30 23:00:00,2036-05-31 00:13:00,1.22,Hubli Station 1,Normal,35,22.9,147.0,274.8,EV Fleet India,Hubli,Completed,Good,D3796,Sunny,22.5,76.0,26.32,Healthy
EV3797,BYD Seal,BYD,2023,82,94.8,2036-05-31 07:45:00,2036-05-31 09:00:00,1.25,Mysore Station 1,Fast,38,56.4,226.0,676.8,Premium Fleet,Mysore,Completed,Good,D3797,Rainy,22.5,76.0,26.32,Healthy
EV3798,MG Comet EV,MG,2023,17,94.7,2036-06-01 19:15:00,2036-06-01 19:31:00,0.27,Belagavi Station 2,Normal,30,5.9,93.0,70.8,EV Fleet India,Belagavi,Completed,Good,D3798,Rainy,22.5,76.0,26.32,Healthy
EV3799,Kia EV6,Kia,2023,77,92.7,2036-06-02 07:45:00,2036-06-02 08:13:00,0.47,Hubli Station 1,Fast,28,25.8,93.0,309.60000000000002,Premium Fleet,Hubli,Completed,Good,D3799,Rainy,22.5,76.0,26.32,Healthy
EV3800,MG Comet EV,MG,2023,17,96.8,2036-06-03 23:00:00,2036-06-03 23:15:00,0.25,Mangalore Station 2,Fast,37,9.6,177.0,115.2,City EV,Mangalore,Completed,Good,D3800,Cloudy,22.5,76.0,26.32,Healthy
EV3801,MG ZS EV,MG,2023,50,96.5,2036-06-04 22:30:00,2036-06-04 23:00:00,0.5,Belagavi Station 2,Fast,32,23.3,145.0,279.60000000000002,Premium Fleet,Belagavi,Completed,Good,D3801,Cloudy,22.5,76.0,26.32,Healthy
EV3802,Kia EV6,Kia,2023,77,92.7,2036-06-05 05:15:00,2036-06-05 06:09:00,0.9,Hubli Station 1,Fast,38,42.4,184.0,508.8,City EV,Hubli,Completed,Good,D3802,Cloudy,22.5,76.0,26.32,Healthy
EV3803,Tata Punch EV,Tata,2023,35,96.0,2036-06-06 23:15:00,2036-06-06 23:35:00,0.33,Mysore Station 2,Fast,35,13.0,178.0,156,Premium Fleet,Mysore,Completed,Good,D3803,Sunny,22.5,76.0,26.32,Healthy
EV3804,Mahindra XUV400,Mahindra,2023,39,92.1,2036-06-07 13:00:00,2036-06-07 14:30:00,1.5,Belagavi Station 2,Normal,32,26.7,118.0,320.39999999999998,Premium Fleet,Belagavi,Completed,Good,D3804,Sunny,22.5,76.0,26.32,Healthy
EV3805,Kia EV6,Kia,2023,77,96.6,2036-06-08 02:00:00,2036-06-08 03:08:00,1.13,Hubli Station 2,Fast,33,57.3,245.0,687.6,Premium Fleet,Hubli,Completed,Good,D3805,Sunny,22.5,76.0,26.32,Healthy
EV3806,Tata Punch EV,Tata,2023,35,96.7,2036-06-09 13:15:00,2036-06-09 13:37:00,0.37,Belagavi Station 1,Fast,38,15.6,161.0,187.2,Premium Fleet,Belagavi,Completed,Good,D3806,Rainy,22.5,76.0,26.32,Healthy
EV3807,Mahindra XUV400,Mahindra,2023,39,96.1,2036-06-10 14:15:00,2036-06-10 15:02:00,0.78,Mangalore Station 1,Normal,35,12.7,272.0,152.4,Green Mobility,Mangalore,Completed,Good,D3807,Sunny,22.5,76.0,26.32,Healthy
EV3808,BYD Atto 3,BYD,2023,60,95.9,2036-06-11 05:30:00,2036-06-11 07:37:00,2.12,Hubli Station 1,Normal,37,38.6,332.0,463.2,EV Fleet India,Hubli,Completed,Good,D3808,Cloudy,22.5,76.0,26.32,Healthy
EV3809,BYD Atto 3,BYD,2023,60,96.2,2036-06-12 22:45:00,2036-06-13 01:06:00,2.35,Bangalore Station 1,Normal,37,40.8,66.0,489.6,Eco Drive,Bangalore,Completed,Good,D3809,Rainy,22.5,76.0,26.32,Healthy
EV3810,Tata Curvv EV,Tata,2023,55,92.5,2036-06-13 22:00:00,2036-06-14 00:29:00,2.48,Bangalore Station 2,Normal,31,45.5,114.0,546,EV Fleet India,Bangalore,Completed,Good,D3810,Rainy,22.5,76.0,26.32,Healthy
EV3811,Tata Curvv EV,Tata,2023,55,93.2,2036-06-14 03:45:00,2036-06-14 05:31:00,1.77,Hubli Station 2,Normal,35,32.3,87.0,387.6,City EV,Hubli,Completed,Good,D3811,Cloudy,22.5,76.0,26.32,Healthy
EV3812,MG ZS EV,MG,2023,50,92.2,2036-06-15 11:00:00,2036-06-15 12:24:00,1.4,Mangalore Station 1,Normal,32,23.7,294.0,284.39999999999998,Premium Fleet,Mangalore,Completed,Good,D3812,Rainy,22.5,76.0,26.32,Healthy
EV3813,Tata Punch EV,Tata,2023,35,94.6,2036-06-16 12:30:00,2036-06-16 12:49:00,0.32,Mysore Station 1,Fast,39,9.4,271.0,112.8,EV Fleet India,Mysore,Completed,Good,D3813,Sunny,22.5,76.0,26.32,Healthy
EV3814,Tata Punch EV,Tata,2023,35,96.2,2036-06-17 10:30:00,2036-06-17 11:27:00,0.95,Belagavi Station 2,Normal,27,18.6,337.0,223.2,Green Mobility,Belagavi,Completed,Good,D3814,Rainy,22.5,76.0,26.32,Healthy
EV3815,Tata Nexon EV,Tata,2023,40,93.3,2036-06-18 14:15:00,2036-06-18 15:25:00,1.17,Mysore Station 2,Normal,39,19.8,161.0,237.6,City EV,Mysore,Completed,Good,D3815,Rainy,22.5,76.0,26.32,Healthy
EV3816,MG Comet EV,MG,2023,17,91.2,2036-06-19 17:00:00,2036-06-19 17:23:00,0.38,Mysore Station 2,Normal,28,7.5,338.0,90,EV Fleet India,Mysore,Completed,Good,D3816,Cloudy,22.5,76.0,26.32,Healthy
EV3817,Tata Curvv EV,Tata,2023,55,94.2,2036-06-20 20:45:00,2036-06-20 21:25:00,0.67,Mysore Station 1,Fast,30,32.4,157.0,388.8,City EV,Mysore,Completed,Good,D3817,Sunny,22.5,76.0,26.32,Healthy
EV3818,Kia EV6,Kia,2023,77,92.3,2036-06-21 14:45:00,2036-06-21 15:50:00,1.08,Bangalore Station 1,Fast,27,50.7,79.0,608.4,Premium Fleet,Bangalore,Completed,Good,D3818,Rainy,22.5,76.0,26.32,Healthy
EV3819,Tata Punch EV,Tata,2023,35,92.2,2036-06-22 05:30:00,2036-06-22 06:10:00,0.67,Bangalore Station 2,Normal,34,13.3,95.0,159.6,Green Mobility,Bangalore,Completed,Good,D3819,Sunny,22.5,76.0,26.32,Healthy
EV3820,Hyundai Kona EV,Hyundai,2023,39,96.5,2036-06-23 15:00:00,2036-06-23 16:05:00,1.08,Bangalore Station 2,Normal,31,17.6,63.0,211.2,Green Mobility,Bangalore,Completed,Good,D3820,Sunny,22.5,76.0,26.32,Healthy
EV3821,Tata Nexon EV,Tata,2023,40,94.5,2036-06-24 00:15:00,2036-06-24 01:45:00,1.5,Bangalore Station 2,Normal,38,28.3,138.0,339.6,City EV,Bangalore,Completed,Good,D3821,Cloudy,22.5,76.0,26.32,Healthy
EV3822,MG ZS EV,MG,2023,50,92.2,2036-06-25 07:15:00,2036-06-25 07:32:00,0.28,Bangalore Station 1,Fast,34,15.5,108.0,186,EV Fleet India,Bangalore,Completed,Good,D3822,Sunny,22.5,76.0,26.32,Healthy
EV3823,MG ZS EV,MG,2023,50,92.6,2036-06-26 02:30:00,2036-06-26 03:39:00,1.15,Mysore Station 2,Normal,38,21.2,136.0,254.4,Eco Drive,Mysore,Completed,Good,D3823,Sunny,22.5,76.0,26.32,Healthy
EV3824,MG Comet EV,MG,2023,17,92.3,2036-06-27 16:30:00,2036-06-27 17:12:00,0.7,Belagavi Station 2,Normal,34,11.1,109.0,133.19999999999999,Premium Fleet,Belagavi,Completed,Good,D3824,Sunny,22.5,76.0,26.32,Healthy
EV3825,Tata Nexon EV,Tata,2023,40,92.5,2036-06-28 20:15:00,2036-06-28 20:39:00,0.4,Mysore Station 1,Fast,36,20.3,346.0,243.6,City EV,Mysore,Completed,Good,D3825,Sunny,22.5,76.0,26.32,Healthy
EV3826,Hyundai Kona EV,Hyundai,2023,39,96.5,2036-06-29 23:15:00,2036-06-29 23:23:00,0.13,Mangalore Station 2,Fast,36,11.3,219.0,135.6,Premium Fleet,Mangalore,Completed,Good,D3826,Sunny,22.5,76.0,26.32,Healthy
EV3827,Kia EV6,Kia,2023,77,94.3,2036-06-30 22:45:00,2036-06-30 23:37:00,0.87,Mysore Station 2,Fast,27,36.7,145.0,440.4,Premium Fleet,Mysore,Completed,Good,D3827,Cloudy,22.5,76.0,26.32,Healthy
EV3828,MG ZS EV,MG,2023,50,91.1,2036-07-01 18:45:00,2036-07-01 19:12:00,0.45,Bangalore Station 1,Fast,31,24.2,75.0,290.39999999999998,Green Mobility,Bangalore,Completed,Good,D3828,Cloudy,22.5,76.0,26.32,Healthy
EV3829,MG ZS EV,MG,2023,50,93.9,2036-07-02 20:15:00,2036-07-02 20:59:00,0.73,Bangalore Station 2,Fast,38,37.4,84.0,448.8,City EV,Bangalore,Completed,Good,D3829,Cloudy,22.5,76.0,26.32,Healthy
EV3830,Mahindra XUV400,Mahindra,2023,39,95.5,2036-07-03 21:30:00,2036-07-03 22:25:00,0.92,Bangalore Station 2,Normal,35,18.2,297.0,218.4,City EV,Bangalore,Completed,Good,D3830,Cloudy,22.5,76.0,26.32,Healthy
EV3831,Tata Curvv EV,Tata,2023,55,92.5,2036-07-04 09:15:00,2036-07-04 09:41:00,0.43,Mangalore Station 1,Fast,37,20.0,347.0,240,City EV,Mangalore,Completed,Good,D3831,Sunny,22.5,76.0,26.32,Healthy
EV3832,BYD Atto 3,BYD,2023,60,91.9,2036-07-05 00:00:00,2036-07-05 00:14:00,0.23,Mysore Station 1,Fast,30,12.1,305.0,145.19999999999999,Eco Drive,Mysore,Completed,Good,D3832,Cloudy,22.5,76.0,26.32,Healthy
EV3833,Tata Nexon EV,Tata,2023,40,96.2,2036-07-06 17:45:00,2036-07-06 18:22:00,0.62,Hubli Station 1,Normal,34,11.2,271.0,134.4,City EV,Hubli,Completed,Good,D3833,Cloudy,22.5,76.0,26.32,Healthy
EV3834,BYD Atto 3,BYD,2023,60,91.2,2036-07-07 11:00:00,2036-07-07 11:18:00,0.3,Hubli Station 2,Fast,31,16.2,293.0,194.4,EV Fleet India,Hubli,Completed,Good,D3834,Cloudy,22.5,76.0,26.32,Healthy
EV3835,Tata Nexon EV,Tata,2023,40,95.0,2036-07-08 11:30:00,2036-07-08 12:30:00,1.0,Belagavi Station 1,Normal,32,16.5,286.0,198,City EV,Belagavi,Completed,Good,D3835,Sunny,22.5,76.0,26.32,Healthy
EV3836,Hyundai Kona EV,Hyundai,2023,39,93.1,2036-07-09 13:45:00,2036-07-09 15:05:00,1.33,Mangalore Station 2,Normal,33,25.2,247.0,302.39999999999998,Premium Fleet,Mangalore,Completed,Good,D3836,Sunny,22.5,76.0,26.32,Healthy
EV3837,Tata Punch EV,Tata,2023,35,91.1,2036-07-10 23:15:00,2036-07-11 00:03:00,0.8,Mysore Station 2,Normal,36,13.7,141.0,164.4,City EV,Mysore,Completed,Good,D3837,Rainy,22.5,76.0,26.32,Healthy
EV3838,Tata Nexon EV,Tata,2023,40,94.8,2036-07-11 21:00:00,2036-07-11 21:15:00,0.25,Mangalore Station 2,Fast,29,9.9,286.0,118.8,Eco Drive,Mangalore,Completed,Good,D3838,Sunny,22.5,76.0,26.32,Healthy
EV3839,Hyundai Kona EV,Hyundai,2023,39,92.9,2036-07-12 01:45:00,2036-07-12 02:07:00,0.37,Belagavi Station 1,Fast,32,21.2,126.0,254.4,City EV,Belagavi,Completed,Good,D3839,Sunny,22.5,76.0,26.32,Healthy
EV3840,BYD Atto 3,BYD,2023,60,91.9,2036-07-13 03:15:00,2036-07-13 03:45:00,0.5,Belagavi Station 1,Fast,32,26.9,149.0,322.8,Eco Drive,Belagavi,Completed,Good,D3840,Rainy,22.5,76.0,26.32,Healthy
EV3841,BYD Atto 3,BYD,2023,60,93.1,2036-07-14 16:30:00,2036-07-14 17:26:00,0.93,Belagavi Station 1,Fast,29,43.7,67.0,524.4,Green Mobility,Belagavi,Completed,Good,D3841,Cloudy,22.5,76.0,26.32,Healthy
EV3842,Kia EV6,Kia,2023,77,96.3,2036-07-15 07:00:00,2036-07-15 07:41:00,0.68,Bangalore Station 1,Fast,38,28.1,175.0,337.2,Green Mobility,Bangalore,Completed,Good,D3842,Sunny,22.5,76.0,26.32,Healthy
EV3843,Tata Curvv EV,Tata,2023,55,93.2,2036-07-16 16:00:00,2036-07-16 16:26:00,0.43,Belagavi Station 2,Fast,32,23.6,347.0,283.2,Eco Drive,Belagavi,Completed,Good,D3843,Rainy,22.5,76.0,26.32,Healthy
EV3844,Tata Punch EV,Tata,2023,35,95.5,2036-07-17 17:30:00,2036-07-17 17:55:00,0.42,Mysore Station 1,Fast,38,21.8,236.0,261.60000000000002,Eco Drive,Mysore,Completed,Good,D3844,Rainy,22.5,76.0,26.32,Healthy
EV3845,Tata Curvv EV,Tata,2023,55,94.1,2036-07-18 12:30:00,2036-07-18 14:08:00,1.63,Belagavi Station 2,Normal,32,30.7,174.0,368.4,EV Fleet India,Belagavi,Completed,Good,D3845,Rainy,22.5,76.0,26.32,Healthy
EV3846,Mahindra XUV400,Mahindra,2023,39,94.1,2036-07-19 22:30:00,2036-07-19 23:32:00,1.03,Mangalore Station 2,Normal,33,16.9,83.0,202.8,City EV,Mangalore,Completed,Good,D3846,Rainy,22.5,76.0,26.32,Healthy
EV3847,Hyundai Kona EV,Hyundai,2023,39,94.7,2036-07-20 06:30:00,2036-07-20 06:50:00,0.33,Bangalore Station 1,Fast,37,16.5,218.0,198,EV Fleet India,Bangalore,Completed,Good,D3847,Sunny,22.5,76.0,26.32,Healthy
EV3848,MG Comet EV,MG,2023,17,94.7,2036-07-21 21:30:00,2036-07-21 21:40:00,0.17,Mangalore Station 1,Fast,39,12.2,326.0,146.4,Green Mobility,Mangalore,Completed,Good,D3848,Cloudy,22.5,76.0,26.32,Healthy
EV3849,Tata Nexon EV,Tata,2023,40,95.4,2036-07-22 03:00:00,2036-07-22 03:38:00,0.63,Mangalore Station 2,Fast,39,29.5,310.0,354,EV Fleet India,Mangalore,Completed,Good,D3849,Sunny,22.5,76.0,26.32,Healthy
EV3850,MG ZS EV,MG,2023,50,92.4,2036-07-23 03:30:00,2036-07-23 03:45:00,0.25,Belagavi Station 1,Fast,30,14.1,245.0,169.2,City EV,Belagavi,Completed,Good,D3850,Sunny,22.5,76.0,26.32,Healthy
EV3851,Hyundai Kona EV,Hyundai,2023,39,94.4,2036-07-24 21:00:00,2036-07-24 21:31:00,0.52,Mangalore Station 2,Fast,33,25.9,233.0,310.8,Premium Fleet,Mangalore,Completed,Good,D3851,Cloudy,22.5,76.0,26.32,Healthy
EV3852,Tata Nexon EV,Tata,2023,40,93.4,2036-07-25 07:45:00,2036-07-25 08:14:00,0.48,Mysore Station 2,Fast,34,28.2,260.0,338.4,City EV,Mysore,Completed,Good,D3852,Cloudy,22.5,76.0,26.32,Healthy
EV3853,BYD Atto 3,BYD,2023,60,96.4,2036-07-26 21:30:00,2036-07-26 22:16:00,0.77,Bangalore Station 1,Fast,36,35.6,308.0,427.2,EV Fleet India,Bangalore,Completed,Good,D3853,Cloudy,22.5,76.0,26.32,Healthy
EV3854,BYD Atto 3,BYD,2023,60,93.2,2036-07-27 06:00:00,2036-07-27 06:53:00,0.88,Bangalore Station 2,Fast,27,43.6,103.0,523.20000000000005,City EV,Bangalore,Completed,Good,D3854,Rainy,22.5,76.0,26.32,Healthy
EV3855,BYD Seal,BYD,2023,82,91.1,2036-07-28 10:30:00,2036-07-28 11:31:00,1.02,Hubli Station 2,Fast,37,48.9,89.0,586.79999999999995,City EV,Hubli,Completed,Good,D3855,Rainy,22.5,76.0,26.32,Healthy
EV3856,Kia EV6,Kia,2023,77,91.9,2036-07-29 19:00:00,2036-07-29 21:34:00,2.57,Belagavi Station 2,Normal,34,43.9,343.0,526.79999999999995,Premium Fleet,Belagavi,Completed,Good,D3856,Cloudy,22.5,76.0,26.32,Healthy
EV3857,Tata Nexon EV,Tata,2023,40,93.3,2036-07-30 23:15:00,2036-07-30 23:34:00,0.32,Bangalore Station 1,Fast,35,13.7,346.0,164.4,Premium Fleet,Bangalore,Completed,Good,D3857,Cloudy,22.5,76.0,26.32,Healthy
EV3858,Mahindra XUV400,Mahindra,2023,39,96.7,2036-07-31 15:15:00,2036-07-31 16:57:00,1.7,Bangalore Station 1,Normal,28,28.9,196.0,346.8,Green Mobility,Bangalore,Completed,Good,D3858,Cloudy,22.5,76.0,26.32,Healthy
EV3859,MG Comet EV,MG,2023,17,95.9,2036-08-01 02:30:00,2036-08-01 03:14:00,0.73,Belagavi Station 2,Normal,36,11.1,310.0,133.19999999999999,Eco Drive,Belagavi,Completed,Good,D3859,Cloudy,22.5,76.0,26.32,Healthy
EV3860,Hyundai Kona EV,Hyundai,2023,39,95.2,2036-08-02 10:30:00,2036-08-02 10:56:00,0.43,Bangalore Station 2,Fast,35,17.4,176.0,208.8,Green Mobility,Bangalore,Completed,Good,D3860,Cloudy,22.5,76.0,26.32,Healthy
EV3861,Tata Punch EV,Tata,2023,35,93.4,2036-08-03 05:45:00,2036-08-03 05:53:00,0.13,Bangalore Station 2,Fast,39,10.8,94.0,129.6,City EV,Bangalore,Completed,Good,D3861,Cloudy,22.5,76.0,26.32,Healthy
EV3862,Tata Punch EV,Tata,2023,35,94.2,2036-08-04 20:45:00,2036-08-04 22:22:00,1.62,Mangalore Station 1,Normal,32,28.8,338.0,345.6,Premium Fleet,Mangalore,Completed,Good,D3862,Cloudy,22.5,76.0,26.32,Healthy
EV3863,Hyundai Kona EV,Hyundai,2023,39,95.9,2036-08-05 11:00:00,2036-08-05 11:57:00,0.95,Mysore Station 1,Normal,31,16.0,319.0,192,Premium Fleet,Mysore,Completed,Good,D3863,Cloudy,22.5,76.0,26.32,Healthy
EV3864,MG Comet EV,MG,2023,17,95.9,2036-08-06 10:00:00,2036-08-06 10:46:00,0.77,Mangalore Station 2,Normal,39,12.4,64.0,148.80000000000001,Green Mobility,Mangalore,Completed,Good,D3864,Rainy,22.5,76.0,26.32,Healthy
EV3865,MG Comet EV,MG,2023,17,94.0,2036-08-07 03:45:00,2036-08-07 04:31:00,0.77,Hubli Station 2,Normal,28,11.8,219.0,141.6,Eco Drive,Hubli,Completed,Good,D3865,Cloudy,22.5,76.0,26.32,Healthy
EV3866,Mahindra XUV400,Mahindra,2023,39,91.5,2036-08-08 12:15:00,2036-08-08 13:34:00,1.32,Mysore Station 2,Normal,32,25.1,264.0,301.2,Eco Drive,Mysore,Completed,Good,D3866,Cloudy,22.5,76.0,26.32,Healthy
EV3867,BYD Atto 3,BYD,2023,60,96.9,2036-08-09 20:15:00,2036-08-09 20:36:00,0.35,Mangalore Station 2,Fast,38,18.1,61.0,217.2,Green Mobility,Mangalore,Completed,Good,D3867,Rainy,22.5,76.0,26.32,Healthy
EV3868,Tata Nexon EV,Tata,2023,40,92.2,2036-08-10 22:00:00,2036-08-10 22:29:00,0.48,Mysore Station 2,Fast,32,27.4,61.0,328.8,EV Fleet India,Mysore,Completed,Good,D3868,Rainy,22.5,76.0,26.32,Healthy
EV3869,MG ZS EV,MG,2023,50,93.7,2036-08-11 19:30:00,2036-08-11 20:06:00,0.6,Belagavi Station 2,Fast,37,26.7,159.0,320.39999999999998,Premium Fleet,Belagavi,Completed,Good,D3869,Rainy,22.5,76.0,26.32,Healthy
EV3870,Tata Punch EV,Tata,2023,35,93.2,2036-08-12 08:30:00,2036-08-12 10:05:00,1.58,Hubli Station 2,Normal,35,27.7,266.0,332.4,City EV,Hubli,Completed,Good,D3870,Cloudy,22.5,76.0,26.32,Healthy
EV3871,Kia EV6,Kia,2023,77,96.9,2036-08-13 22:15:00,2036-08-13 22:44:00,0.48,Mangalore Station 1,Fast,28,26.9,145.0,322.8,Premium Fleet,Mangalore,Completed,Good,D3871,Rainy,22.5,76.0,26.32,Healthy
EV3872,MG ZS EV,MG,2023,50,91.5,2036-08-14 02:30:00,2036-08-14 03:51:00,1.35,Mangalore Station 1,Normal,31,24.5,217.0,294,EV Fleet India,Mangalore,Completed,Good,D3872,Sunny,22.5,76.0,26.32,Healthy
EV3873,Kia EV6,Kia,2023,77,93.3,2036-08-15 18:15:00,2036-08-15 19:12:00,0.95,Hubli Station 1,Fast,37,49.7,236.0,596.4,EV Fleet India,Hubli,Completed,Good,D3873,Sunny,22.5,76.0,26.32,Healthy
EV3874,Tata Punch EV,Tata,2023,35,96.4,2036-08-16 01:30:00,2036-08-16 01:53:00,0.38,Bangalore Station 1,Fast,32,14.8,183.0,177.6,City EV,Bangalore,Completed,Good,D3874,Sunny,22.5,76.0,26.32,Healthy
EV3875,MG ZS EV,MG,2023,50,94.2,2036-08-17 02:00:00,2036-08-17 03:09:00,1.15,Hubli Station 1,Normal,30,20.7,127.0,248.4,Green Mobility,Hubli,Completed,Good,D3875,Cloudy,22.5,76.0,26.32,Healthy
EV3876,BYD Atto 3,BYD,2023,60,94.9,2036-08-18 19:30:00,2036-08-18 21:19:00,1.82,Hubli Station 1,Normal,30,32.8,271.0,393.6,Green Mobility,Hubli,Completed,Good,D3876,Rainy,22.5,76.0,26.32,Healthy
EV3877,Tata Nexon EV,Tata,2023,40,96.6,2036-08-19 09:30:00,2036-08-19 10:27:00,0.95,Belagavi Station 1,Normal,39,18.1,328.0,217.2,Green Mobility,Belagavi,Completed,Good,D3877,Cloudy,22.5,76.0,26.32,Healthy
EV3878,Mahindra XUV400,Mahindra,2023,39,95.8,2036-08-20 00:00:00,2036-08-20 00:11:00,0.18,Mangalore Station 2,Fast,36,9.5,342.0,114,City EV,Mangalore,Completed,Good,D3878,Cloudy,22.5,76.0,26.32,Healthy
EV3879,MG Comet EV,MG,2023,17,92.8,2036-08-21 17:45:00,2036-08-21 17:53:00,0.13,Bangalore Station 2,Fast,39,6.3,349.0,75.599999999999994,Green Mobility,Bangalore,Completed,Good,D3879,Cloudy,22.5,76.0,26.32,Healthy
EV3880,Tata Nexon EV,Tata,2023,40,92.8,2036-08-22 07:15:00,2036-08-22 07:43:00,0.47,Belagavi Station 1,Fast,33,22.9,326.0,274.8,Premium Fleet,Belagavi,Completed,Good,D3880,Cloudy,22.5,76.0,26.32,Healthy
EV3881,Tata Punch EV,Tata,2023,35,92.5,2036-08-23 20:30:00,2036-08-23 20:49:00,0.32,Bangalore Station 2,Fast,37,13.6,255.0,163.19999999999999,City EV,Bangalore,Completed,Good,D3881,Sunny,22.5,76.0,26.32,Healthy
EV3882,MG Comet EV,MG,2023,17,94.7,2036-08-24 05:30:00,2036-08-24 05:59:00,0.48,Bangalore Station 1,Normal,30,7.2,166.0,86.4,Premium Fleet,Bangalore,Completed,Good,D3882,Sunny,22.5,76.0,26.32,Healthy
EV3883,MG ZS EV,MG,2023,50,96.3,2036-08-25 19:45:00,2036-08-25 20:24:00,0.65,Belagavi Station 1,Fast,30,32.1,249.0,385.2,City EV,Belagavi,Completed,Good,D3883,Rainy,22.5,76.0,26.32,Healthy
EV3884,Mahindra XUV400,Mahindra,2023,39,96.5,2036-08-26 03:15:00,2036-08-26 04:25:00,1.17,Mangalore Station 1,Normal,28,22.5,137.0,270,Green Mobility,Mangalore,Completed,Good,D3884,Cloudy,22.5,76.0,26.32,Healthy
EV3885,BYD Seal,BYD,2023,82,94.0,2036-08-27 01:45:00,2036-08-27 03:01:00,1.27,Mysore Station 1,Normal,28,20.9,317.0,250.8,City EV,Mysore,Completed,Good,D3885,Sunny,22.5,76.0,26.32,Healthy
EV3886,Kia EV6,Kia,2023,77,94.8,2036-08-28 13:45:00,2036-08-28 16:45:00,3.0,Hubli Station 1,Normal,27,54.4,236.0,652.79999999999995,EV Fleet India,Hubli,Completed,Good,D3886,Cloudy,22.5,76.0,26.32,Healthy
EV3887,Tata Nexon EV,Tata,2023,40,93.2,2036-08-29 05:30:00,2036-08-29 05:51:00,0.35,Belagavi Station 1,Fast,27,17.9,283.0,214.8,City EV,Belagavi,Completed,Good,D3887,Rainy,22.5,76.0,26.32,Healthy
EV3888,BYD Seal,BYD,2023,82,96.1,2036-08-30 21:15:00,2036-08-30 21:42:00,0.45,Hubli Station 2,Fast,30,21.8,133.0,261.60000000000002,EV Fleet India,Hubli,Completed,Good,D3888,Cloudy,22.5,76.0,26.32,Healthy
EV3889,Tata Curvv EV,Tata,2023,55,95.1,2036-08-31 20:30:00,2036-08-31 21:18:00,0.8,Mangalore Station 1,Fast,39,38.1,69.0,457.2,Eco Drive,Mangalore,Completed,Good,D3889,Cloudy,22.5,76.0,26.32,Healthy
EV3890,Tata Punch EV,Tata,2023,35,93.9,2036-09-01 22:30:00,2036-09-01 23:44:00,1.23,Hubli Station 2,Normal,28,21.7,213.0,260.39999999999998,City EV,Hubli,Completed,Good,D3890,Cloudy,22.5,76.0,26.32,Healthy
EV3891,MG Comet EV,MG,2023,17,95.0,2036-09-02 18:30:00,2036-09-02 18:48:00,0.3,Bangalore Station 2,Fast,39,11.7,194.0,140.4,Green Mobility,Bangalore,Completed,Good,D3891,Rainy,22.5,76.0,26.32,Healthy
EV3892,Tata Punch EV,Tata,2023,35,92.0,2036-09-03 13:15:00,2036-09-03 13:42:00,0.45,Hubli Station 1,Fast,27,25.9,341.0,310.8,EV Fleet India,Hubli,Completed,Good,D3892,Rainy,22.5,76.0,26.32,Healthy
EV3893,BYD Atto 3,BYD,2023,60,94.6,2036-09-04 21:45:00,2036-09-05 00:14:00,2.48,Mangalore Station 1,Normal,31,43.1,237.0,517.20000000000005,Green Mobility,Mangalore,Completed,Good,D3893,Cloudy,22.5,76.0,26.32,Healthy
EV3894,Tata Curvv EV,Tata,2023,55,96.7,2036-09-05 00:30:00,2036-09-05 02:52:00,2.37,Bangalore Station 2,Normal,36,41.4,167.0,496.8,EV Fleet India,Bangalore,Completed,Good,D3894,Sunny,22.5,76.0,26.32,Healthy
EV3895,BYD Atto 3,BYD,2023,60,91.5,2036-09-06 12:15:00,2036-09-06 12:41:00,0.43,Mangalore Station 2,Fast,34,19.6,296.0,235.2,Green Mobility,Mangalore,Completed,Good,D3895,Cloudy,22.5,76.0,26.32,Healthy
EV3896,Tata Nexon EV,Tata,2023,40,96.0,2036-09-07 10:15:00,2036-09-07 11:43:00,1.47,Bangalore Station 1,Normal,37,24.3,118.0,291.60000000000002,EV Fleet India,Bangalore,Completed,Good,D3896,Sunny,22.5,76.0,26.32,Healthy
EV3897,MG Comet EV,MG,2023,17,96.4,2036-09-08 19:45:00,2036-09-08 19:54:00,0.15,Mangalore Station 1,Fast,34,11.2,291.0,134.4,City EV,Mangalore,Completed,Good,D3897,Rainy,22.5,76.0,26.32,Healthy
EV3898,Hyundai Kona EV,Hyundai,2023,39,92.8,2036-09-09 14:00:00,2036-09-09 14:20:00,0.33,Hubli Station 1,Fast,32,15.2,226.0,182.4,EV Fleet India,Hubli,Completed,Good,D3898,Cloudy,22.5,76.0,26.32,Healthy
EV3899,MG ZS EV,MG,2023,50,93.4,2036-09-10 14:30:00,2036-09-10 15:13:00,0.72,Mangalore Station 2,Fast,39,37.1,317.0,445.2,EV Fleet India,Mangalore,Completed,Good,D3899,Cloudy,22.5,76.0,26.32,Healthy
EV3900,MG ZS EV,MG,2023,50,95.6,2036-09-11 23:00:00,2036-09-12 01:08:00,2.13,Mysore Station 1,Normal,31,37.0,146.0,444,Premium Fleet,Mysore,Completed,Good,D3900,Rainy,22.5,76.0,26.32,Healthy
EV3901,MG Comet EV,MG,2023,17,96.3,2036-09-12 14:00:00,2036-09-12 14:07:00,0.12,Mangalore Station 1,Fast,34,10.8,244.0,129.6,City EV,Mangalore,Completed,Good,D3901,Sunny,22.5,76.0,26.32,Healthy
EV3902,BYD Atto 3,BYD,2023,60,95.9,2036-09-13 19:30:00,2036-09-13 20:16:00,0.77,Mangalore Station 2,Fast,38,41.7,217.0,500.4,EV Fleet India,Mangalore,Completed,Good,D3902,Sunny,22.5,76.0,26.32,Healthy
EV3903,Tata Nexon EV,Tata,2023,40,95.5,2036-09-14 15:45:00,2036-09-14 16:54:00,1.15,Mysore Station 2,Normal,28,21.7,342.0,260.39999999999998,City EV,Mysore,Completed,Good,D3903,Rainy,22.5,76.0,26.32,Healthy
EV3904,Tata Nexon EV,Tata,2023,40,91.9,2036-09-15 19:45:00,2036-09-15 20:45:00,1.0,Bangalore Station 1,Normal,32,15.7,340.0,188.4,EV Fleet India,Bangalore,Completed,Good,D3904,Rainy,22.5,76.0,26.32,Healthy
EV3905,BYD Atto 3,BYD,2023,60,94.3,2036-09-16 07:15:00,2036-09-16 08:09:00,0.9,Mysore Station 1,Fast,32,39.3,276.0,471.6,EV Fleet India,Mysore,Completed,Good,D3905,Sunny,22.5,76.0,26.32,Healthy
EV3906,MG Comet EV,MG,2023,17,96.7,2036-09-17 20:30:00,2036-09-17 20:47:00,0.28,Mysore Station 1,Fast,36,12.0,208.0,144,Green Mobility,Mysore,Completed,Good,D3906,Rainy,22.5,76.0,26.32,Healthy
EV3907,Mahindra XUV400,Mahindra,2023,39,93.5,2036-09-18 20:45:00,2036-09-18 21:23:00,0.63,Hubli Station 2,Fast,31,25.7,222.0,308.39999999999998,Eco Drive,Hubli,Completed,Good,D3907,Cloudy,22.5,76.0,26.32,Healthy
EV3908,BYD Seal,BYD,2023,82,91.4,2036-09-19 04:30:00,2036-09-19 06:31:00,2.02,Mysore Station 1,Normal,39,37.2,84.0,446.4,City EV,Mysore,Completed,Good,D3908,Rainy,22.5,76.0,26.32,Healthy
EV3909,MG ZS EV,MG,2023,50,93.8,2036-09-20 23:15:00,2036-09-20 23:33:00,0.3,Mysore Station 1,Fast,29,18.5,135.0,222,Green Mobility,Mysore,Completed,Good,D3909,Cloudy,22.5,76.0,26.32,Healthy
EV3910,Kia EV6,Kia,2023,77,94.5,2036-09-21 20:00:00,2036-09-21 21:15:00,1.25,Bangalore Station 2,Fast,28,59.0,85.0,708,Premium Fleet,Bangalore,Completed,Good,D3910,Rainy,22.5,76.0,26.32,Healthy
EV3911,Tata Nexon EV,Tata,2023,40,91.9,2036-09-22 17:30:00,2036-09-22 18:42:00,1.2,Hubli Station 2,Normal,39,22.4,223.0,268.8,Green Mobility,Hubli,Completed,Good,D3911,Rainy,22.5,76.0,26.32,Healthy
EV3912,BYD Atto 3,BYD,2023,60,96.5,2036-09-23 02:30:00,2036-09-23 02:55:00,0.42,Hubli Station 1,Fast,36,21.4,151.0,256.8,Eco Drive,Hubli,Completed,Good,D3912,Cloudy,22.5,76.0,26.32,Healthy
EV3913,Mahindra XUV400,Mahindra,2023,39,93.7,2036-09-24 04:15:00,2036-09-24 04:38:00,0.38,Mysore Station 2,Fast,37,19.2,241.0,230.4,Green Mobility,Mysore,Completed,Good,D3913,Cloudy,22.5,76.0,26.32,Healthy
EV3914,Tata Punch EV,Tata,2023,35,91.4,2036-09-25 11:30:00,2036-09-25 12:00:00,0.5,Belagavi Station 1,Fast,34,19.6,280.0,235.2,Eco Drive,Belagavi,Completed,Good,D3914,Cloudy,22.5,76.0,26.32,Healthy
EV3915,MG ZS EV,MG,2023,50,93.9,2036-09-26 03:00:00,2036-09-26 04:33:00,1.55,Mangalore Station 2,Normal,34,29.3,276.0,351.6,Eco Drive,Mangalore,Completed,Good,D3915,Cloudy,22.5,76.0,26.32,Healthy
EV3916,Tata Punch EV,Tata,2023,35,92.0,2036-09-27 06:00:00,2036-09-27 07:00:00,1.0,Bangalore Station 2,Normal,30,16.9,255.0,202.8,Premium Fleet,Bangalore,Completed,Good,D3916,Sunny,22.5,76.0,26.32,Healthy
EV3917,MG Comet EV,MG,2023,17,93.7,2036-09-28 16:45:00,2036-09-28 16:50:00,0.08,Hubli Station 1,Fast,33,7.1,330.0,85.2,EV Fleet India,Hubli,Completed,Good,D3917,Rainy,22.5,76.0,26.32,Healthy
EV3918,MG ZS EV,MG,2023,50,91.4,2036-09-29 05:30:00,2036-09-29 07:03:00,1.55,Hubli Station 2,Normal,37,26.3,96.0,315.60000000000002,EV Fleet India,Hubli,Completed,Good,D3918,Rainy,22.5,76.0,26.32,Healthy
EV3919,Tata Nexon EV,Tata,2023,40,92.6,2036-09-30 22:15:00,2036-09-30 22:41:00,0.43,Mysore Station 1,Fast,27,20.4,263.0,244.8,EV Fleet India,Mysore,Completed,Good,D3919,Sunny,22.5,76.0,26.32,Healthy
EV3920,Hyundai Kona EV,Hyundai,2023,39,94.0,2036-10-01 20:30:00,2036-10-01 21:33:00,1.05,Mangalore Station 1,Normal,35,20.3,238.0,243.6,Eco Drive,Mangalore,Completed,Good,D3920,Rainy,22.5,76.0,26.32,Healthy
EV3921,Hyundai Kona EV,Hyundai,2023,39,96.3,2036-10-02 05:30:00,2036-10-02 06:03:00,0.55,Belagavi Station 2,Fast,29,25.3,116.0,303.60000000000002,Eco Drive,Belagavi,Completed,Good,D3921,Rainy,22.5,76.0,26.32,Healthy
EV3922,Tata Nexon EV,Tata,2023,40,95.3,2036-10-03 05:30:00,2036-10-03 05:59:00,0.48,Mangalore Station 1,Fast,33,21.5,276.0,258,Eco Drive,Mangalore,Completed,Good,D3922,Rainy,22.5,76.0,26.32,Healthy
EV3923,BYD Seal,BYD,2023,82,94.4,2036-10-04 11:45:00,2036-10-04 15:09:00,3.4,Bangalore Station 2,Normal,35,61.2,86.0,734.4,City EV,Bangalore,Completed,Good,D3923,Cloudy,22.5,76.0,26.32,Healthy
EV3924,BYD Atto 3,BYD,2023,60,91.4,2036-10-05 16:15:00,2036-10-05 16:50:00,0.58,Hubli Station 2,Fast,33,28.9,114.0,346.8,City EV,Hubli,Completed,Good,D3924,Sunny,22.5,76.0,26.32,Healthy
EV3925,Mahindra XUV400,Mahindra,2023,39,92.1,2036-10-06 17:15:00,2036-10-06 17:59:00,0.73,Hubli Station 1,Normal,34,11.5,323.0,138,Green Mobility,Hubli,Completed,Good,D3925,Rainy,22.5,76.0,26.32,Healthy
EV3926,Tata Punch EV,Tata,2023,35,92.6,2036-10-07 08:30:00,2036-10-07 09:23:00,0.88,Bangalore Station 1,Normal,29,16.1,241.0,193.2,Green Mobility,Bangalore,Completed,Good,D3926,Rainy,22.5,76.0,26.32,Healthy
EV3927,Mahindra XUV400,Mahindra,2023,39,91.4,2036-10-08 22:45:00,2036-10-08 22:56:00,0.18,Mysore Station 2,Fast,30,12.8,155.0,153.6,Eco Drive,Mysore,Completed,Good,D3927,Sunny,22.5,76.0,26.32,Healthy
EV3928,BYD Atto 3,BYD,2023,60,91.1,2036-10-09 00:00:00,2036-10-09 01:51:00,1.85,Hubli Station 1,Normal,37,34.2,332.0,410.4,Eco Drive,Hubli,Completed,Good,D3928,Rainy,22.5,76.0,26.32,Healthy
EV3929,Tata Punch EV,Tata,2023,35,96.6,2036-10-10 11:15:00,2036-10-10 11:39:00,0.4,Hubli Station 1,Fast,39,20.6,83.0,247.2,Green Mobility,Hubli,Completed,Good,D3929,Rainy,22.5,76.0,26.32,Healthy
EV3930,MG Comet EV,MG,2023,17,96.5,2036-10-11 06:30:00,2036-10-11 07:12:00,0.7,Mangalore Station 1,Normal,27,12.1,342.0,145.19999999999999,City EV,Mangalore,Completed,Good,D3930,Rainy,22.5,76.0,26.32,Healthy
EV3931,Tata Nexon EV,Tata,2023,40,96.4,2036-10-12 02:45:00,2036-10-12 03:59:00,1.23,Belagavi Station 2,Normal,36,20.2,143.0,242.4,Eco Drive,Belagavi,Completed,Good,D3931,Sunny,22.5,76.0,26.32,Healthy
EV3932,Kia EV6,Kia,2023,77,95.5,2036-10-13 22:30:00,2036-10-13 23:18:00,0.8,Mysore Station 1,Fast,34,38.3,343.0,459.6,Eco Drive,Mysore,Completed,Good,D3932,Sunny,22.5,76.0,26.32,Healthy
EV3933,Hyundai Kona EV,Hyundai,2023,39,92.7,2036-10-14 06:45:00,2036-10-14 08:26:00,1.68,Mysore Station 2,Normal,37,29.7,191.0,356.4,Green Mobility,Mysore,Completed,Good,D3933,Sunny,22.5,76.0,26.32,Healthy
EV3934,MG Comet EV,MG,2023,17,93.8,2036-10-15 13:45:00,2036-10-15 13:50:00,0.08,Hubli Station 1,Fast,34,8.4,201.0,100.8,City EV,Hubli,Completed,Good,D3934,Cloudy,22.5,76.0,26.32,Healthy
EV3935,Tata Nexon EV,Tata,2023,40,91.6,2036-10-16 04:45:00,2036-10-16 05:18:00,0.55,Mysore Station 1,Fast,33,24.2,283.0,290.39999999999998,EV Fleet India,Mysore,Completed,Good,D3935,Cloudy,22.5,76.0,26.32,Healthy
EV3936,BYD Seal,BYD,2023,82,91.8,2036-10-17 08:15:00,2036-10-17 09:10:00,0.92,Mysore Station 2,Fast,33,42.7,212.0,512.4,City EV,Mysore,Completed,Good,D3936,Cloudy,22.5,76.0,26.32,Healthy
EV3937,Hyundai Kona EV,Hyundai,2023,39,95.3,2036-10-18 23:30:00,2036-10-19 00:37:00,1.12,Belagavi Station 1,Normal,36,20.6,157.0,247.2,Green Mobility,Belagavi,Completed,Good,D3937,Sunny,22.5,76.0,26.32,Healthy
EV3938,MG ZS EV,MG,2023,50,96.6,2036-10-19 02:45:00,2036-10-19 04:12:00,1.45,Hubli Station 2,Normal,28,25.5,189.0,306,Premium Fleet,Hubli,Completed,Good,D3938,Rainy,22.5,76.0,26.32,Healthy
EV3939,Tata Curvv EV,Tata,2023,55,96.5,2036-10-20 13:00:00,2036-10-20 13:53:00,0.88,Belagavi Station 2,Fast,27,47.7,104.0,572.4,Eco Drive,Belagavi,Completed,Good,D3939,Rainy,22.5,76.0,26.32,Healthy
EV3940,BYD Atto 3,BYD,2023,60,95.9,2036-10-21 01:45:00,2036-10-21 03:38:00,1.88,Belagavi Station 1,Normal,29,33.0,272.0,396,City EV,Belagavi,Completed,Good,D3940,Sunny,22.5,76.0,26.32,Healthy
EV3941,MG Comet EV,MG,2023,17,94.8,2036-10-22 17:30:00,2036-10-22 17:31:00,0.02,Belagavi Station 2,Fast,30,3.9,77.0,46.8,Premium Fleet,Belagavi,Completed,Good,D3941,Sunny,22.5,76.0,26.32,Healthy
EV3942,Hyundai Kona EV,Hyundai,2023,39,91.1,2036-10-23 12:15:00,2036-10-23 13:08:00,0.88,Hubli Station 1,Normal,37,14.4,94.0,172.8,EV Fleet India,Hubli,Completed,Good,D3942,Rainy,22.5,76.0,26.32,Healthy
EV3943,Mahindra XUV400,Mahindra,2023,39,91.3,2036-10-24 07:45:00,2036-10-24 08:06:00,0.35,Hubli Station 1,Fast,35,15.3,246.0,183.6,EV Fleet India,Hubli,Completed,Good,D3943,Sunny,22.5,76.0,26.32,Healthy
EV3944,Hyundai Kona EV,Hyundai,2023,39,94.6,2036-10-25 06:45:00,2036-10-25 07:19:00,0.57,Mangalore Station 2,Fast,39,30.6,255.0,367.2,Premium Fleet,Mangalore,Completed,Good,D3944,Cloudy,22.5,76.0,26.32,Healthy
EV3945,Tata Punch EV,Tata,2023,35,93.8,2036-10-26 21:30:00,2036-10-26 21:51:00,0.35,Belagavi Station 2,Fast,39,13.0,303.0,156,City EV,Belagavi,Completed,Good,D3945,Sunny,22.5,76.0,26.32,Healthy
EV3946,BYD Seal,BYD,2023,82,95.9,2036-10-27 00:15:00,2036-10-27 01:23:00,1.13,Belagavi Station 2,Fast,38,57.9,216.0,694.8,Eco Drive,Belagavi,Completed,Good,D3946,Sunny,22.5,76.0,26.32,Healthy
EV3947,Kia EV6,Kia,2023,77,95.3,2036-10-28 04:00:00,2036-10-28 06:37:00,2.62,Mysore Station 1,Normal,36,48.2,166.0,578.4,Green Mobility,Mysore,Completed,Good,D3947,Rainy,22.5,76.0,26.32,Healthy
EV3948,BYD Seal,BYD,2023,82,94.1,2036-10-29 05:30:00,2036-10-29 07:59:00,2.48,Mysore Station 2,Normal,38,42.9,60.0,514.79999999999995,Eco Drive,Mysore,Completed,Good,D3948,Rainy,22.5,76.0,26.32,Healthy
EV3949,BYD Atto 3,BYD,2023,60,96.3,2036-10-30 04:00:00,2036-10-30 04:35:00,0.58,Belagavi Station 2,Fast,35,31.6,216.0,379.2,Premium Fleet,Belagavi,Completed,Good,D3949,Cloudy,22.5,76.0,26.32,Healthy
EV3950,Kia EV6,Kia,2023,77,91.3,2036-10-31 20:15:00,2036-10-31 21:11:00,0.93,Mysore Station 1,Fast,38,48.5,175.0,582,Eco Drive,Mysore,Completed,Good,D3950,Cloudy,22.5,76.0,26.32,Healthy
EV3951,Tata Curvv EV,Tata,2023,55,96.3,2036-11-01 17:30:00,2036-11-01 17:53:00,0.38,Hubli Station 1,Fast,29,16.1,186.0,193.2,EV Fleet India,Hubli,Completed,Good,D3951,Sunny,22.5,76.0,26.32,Healthy
EV3952,Tata Curvv EV,Tata,2023,55,92.6,2036-11-02 01:15:00,2036-11-02 01:37:00,0.37,Mysore Station 1,Fast,39,18.5,188.0,222,City EV,Mysore,Completed,Good,D3952,Rainy,22.5,76.0,26.32,Healthy
EV3953,Tata Curvv EV,Tata,2023,55,92.9,2036-11-03 23:45:00,2036-11-04 00:28:00,0.72,Mysore Station 1,Fast,34,29.7,223.0,356.4,EV Fleet India,Mysore,Completed,Good,D3953,Rainy,22.5,76.0,26.32,Healthy
EV3954,MG ZS EV,MG,2023,50,94.8,2036-11-04 00:00:00,2036-11-04 00:41:00,0.68,Mysore Station 1,Fast,31,32.2,225.0,386.4,City EV,Mysore,Completed,Good,D3954,Cloudy,22.5,76.0,26.32,Healthy
EV3955,Tata Nexon EV,Tata,2023,40,96.4,2036-11-05 13:45:00,2036-11-05 14:27:00,0.7,Belagavi Station 1,Normal,29,14.3,120.0,171.6,Premium Fleet,Belagavi,Completed,Good,D3955,Cloudy,22.5,76.0,26.32,Healthy
EV3956,MG ZS EV,MG,2023,50,92.8,2036-11-06 21:15:00,2036-11-06 22:13:00,0.97,Mysore Station 2,Normal,28,17.9,236.0,214.8,EV Fleet India,Mysore,Completed,Good,D3956,Sunny,22.5,76.0,26.32,Healthy
EV3957,Tata Nexon EV,Tata,2023,40,91.7,2036-11-07 18:00:00,2036-11-07 19:01:00,1.02,Bangalore Station 2,Normal,37,19.0,138.0,228,Eco Drive,Bangalore,Completed,Good,D3957,Sunny,22.5,76.0,26.32,Healthy
EV3958,Tata Curvv EV,Tata,2023,55,93.9,2036-11-08 06:00:00,2036-11-08 07:50:00,1.83,Belagavi Station 2,Normal,38,31.3,297.0,375.6,Green Mobility,Belagavi,Completed,Good,D3958,Sunny,22.5,76.0,26.32,Healthy
EV3959,MG Comet EV,MG,2023,17,94.9,2036-11-09 20:00:00,2036-11-09 20:12:00,0.2,Mangalore Station 1,Fast,29,10.3,127.0,123.6,EV Fleet India,Mangalore,Completed,Good,D3959,Cloudy,22.5,76.0,26.32,Healthy
EV3960,Tata Nexon EV,Tata,2023,40,93.8,2036-11-10 03:00:00,2036-11-10 03:37:00,0.62,Mysore Station 1,Normal,34,12.2,236.0,146.4,Premium Fleet,Mysore,Completed,Good,D3960,Rainy,22.5,76.0,26.32,Healthy
EV3961,BYD Seal,BYD,2023,82,92.8,2036-11-11 14:30:00,2036-11-11 15:42:00,1.2,Mysore Station 2,Fast,30,53.9,158.0,646.79999999999995,City EV,Mysore,Completed,Good,D3961,Rainy,22.5,76.0,26.32,Healthy
EV3962,BYD Seal,BYD,2023,82,94.5,2036-11-12 02:00:00,2036-11-12 02:38:00,0.63,Mangalore Station 2,Fast,39,30.7,130.0,368.4,City EV,Mangalore,Completed,Good,D3962,Sunny,22.5,76.0,26.32,Healthy
EV3963,BYD Atto 3,BYD,2023,60,92.7,2036-11-13 20:00:00,2036-11-13 20:21:00,0.35,Belagavi Station 1,Fast,34,21.9,200.0,262.8,Premium Fleet,Belagavi,Completed,Good,D3963,Cloudy,22.5,76.0,26.32,Healthy
EV3964,MG ZS EV,MG,2023,50,94.2,2036-11-14 01:30:00,2036-11-14 03:01:00,1.52,Belagavi Station 1,Normal,32,28.4,82.0,340.8,Premium Fleet,Belagavi,Completed,Good,D3964,Rainy,22.5,76.0,26.32,Healthy
EV3965,Tata Nexon EV,Tata,2023,40,95.4,2036-11-15 11:15:00,2036-11-15 11:53:00,0.63,Hubli Station 1,Fast,31,25.5,343.0,306,Eco Drive,Hubli,Completed,Good,D3965,Sunny,22.5,76.0,26.32,Healthy
EV3966,Tata Curvv EV,Tata,2023,55,93.1,2036-11-16 01:00:00,2036-11-16 01:44:00,0.73,Mangalore Station 1,Fast,33,34.1,80.0,409.2,Eco Drive,Mangalore,Completed,Good,D3966,Cloudy,22.5,76.0,26.32,Healthy
EV3967,Mahindra XUV400,Mahindra,2023,39,91.6,2036-11-17 22:15:00,2036-11-17 22:35:00,0.33,Mysore Station 1,Fast,32,15.4,259.0,184.8,EV Fleet India,Mysore,Completed,Good,D3967,Cloudy,22.5,76.0,26.32,Healthy
EV3968,Hyundai Kona EV,Hyundai,2023,39,92.7,2036-11-18 07:30:00,2036-11-18 07:57:00,0.45,Bangalore Station 2,Fast,32,21.6,329.0,259.2,Premium Fleet,Bangalore,Completed,Good,D3968,Rainy,22.5,76.0,26.32,Healthy
EV3969,BYD Atto 3,BYD,2023,60,95.6,2036-11-19 17:30:00,2036-11-19 18:26:00,0.93,Belagavi Station 1,Fast,35,42.7,326.0,512.4,City EV,Belagavi,Completed,Good,D3969,Rainy,22.5,76.0,26.32,Healthy
EV3970,Tata Nexon EV,Tata,2023,40,91.1,2036-11-20 08:45:00,2036-11-20 09:20:00,0.58,Mysore Station 2,Fast,38,23.7,230.0,284.39999999999998,EV Fleet India,Mysore,Completed,Good,D3970,Cloudy,22.5,76.0,26.32,Healthy
EV3971,Tata Nexon EV,Tata,2023,40,91.7,2036-11-21 20:00:00,2036-11-21 21:06:00,1.1,Mangalore Station 1,Normal,33,18.3,120.0,219.6,Premium Fleet,Mangalore,Completed,Good,D3971,Cloudy,22.5,76.0,26.32,Healthy
EV3972,Tata Curvv EV,Tata,2023,55,91.0,2036-11-22 09:15:00,2036-11-22 11:49:00,2.57,Bangalore Station 1,Normal,31,45.6,218.0,547.20000000000005,EV Fleet India,Bangalore,Completed,Good,D3972,Rainy,22.5,76.0,26.32,Healthy
EV3973,Kia EV6,Kia,2023,77,94.8,2036-11-23 08:30:00,2036-11-23 09:49:00,1.32,Mysore Station 1,Fast,30,61.1,207.0,733.2,EV Fleet India,Mysore,Completed,Good,D3973,Cloudy,22.5,76.0,26.32,Healthy
EV3974,Hyundai Kona EV,Hyundai,2023,39,92.5,2036-11-24 20:30:00,2036-11-24 21:51:00,1.35,Belagavi Station 2,Normal,27,23.2,152.0,278.39999999999998,Premium Fleet,Belagavi,Completed,Good,D3974,Cloudy,22.5,76.0,26.32,Healthy
EV3975,BYD Atto 3,BYD,2023,60,96.1,2036-11-25 12:45:00,2036-11-25 14:17:00,1.53,Belagavi Station 2,Normal,39,28.0,289.0,336,City EV,Belagavi,Completed,Good,D3975,Sunny,22.5,76.0,26.32,Healthy
EV3976,MG ZS EV,MG,2023,50,92.5,2036-11-26 21:15:00,2036-11-26 22:12:00,0.95,Mangalore Station 2,Normal,27,18.5,91.0,222,Green Mobility,Mangalore,Completed,Good,D3976,Rainy,22.5,76.0,26.32,Healthy
EV3977,BYD Seal,BYD,2023,82,96.5,2036-11-27 20:15:00,2036-11-27 22:54:00,2.65,Hubli Station 2,Normal,33,47.4,246.0,568.79999999999995,Eco Drive,Hubli,Completed,Good,D3977,Rainy,22.5,76.0,26.32,Healthy
EV3978,Hyundai Kona EV,Hyundai,2023,39,91.0,2036-11-28 17:15:00,2036-11-28 17:39:00,0.4,Mangalore Station 2,Fast,37,19.7,248.0,236.4,Green Mobility,Mangalore,Completed,Good,D3978,Sunny,22.5,76.0,26.32,Healthy
EV3979,BYD Atto 3,BYD,2023,60,93.9,2036-11-29 15:00:00,2036-11-29 16:02:00,1.03,Hubli Station 2,Normal,36,18.9,151.0,226.8,Premium Fleet,Hubli,Completed,Good,D3979,Rainy,22.5,76.0,26.32,Healthy
EV3980,BYD Seal,BYD,2023,82,92.1,2036-11-30 01:45:00,2036-11-30 04:04:00,2.32,Mysore Station 1,Normal,36,40.8,110.0,489.6,City EV,Mysore,Completed,Good,D3980,Rainy,22.5,76.0,26.32,Healthy
EV3981,Tata Nexon EV,Tata,2023,40,93.9,2036-12-01 15:00:00,2036-12-01 16:38:00,1.63,Hubli Station 1,Normal,32,28.0,206.0,336,Eco Drive,Hubli,Completed,Good,D3981,Sunny,22.5,76.0,26.32,Healthy
EV3982,BYD Seal,BYD,2023,82,92.9,2036-12-02 21:15:00,2036-12-02 22:19:00,1.07,Hubli Station 1,Fast,38,47.8,310.0,573.6,Premium Fleet,Hubli,Completed,Good,D3982,Cloudy,22.5,76.0,26.32,Healthy
EV3983,Mahindra XUV400,Mahindra,2023,39,94.9,2036-12-03 08:15:00,2036-12-03 09:16:00,1.02,Hubli Station 2,Normal,37,17.5,293.0,210,Eco Drive,Hubli,Completed,Good,D3983,Cloudy,22.5,76.0,26.32,Healthy
EV3984,Tata Nexon EV,Tata,2023,40,93.8,2036-12-04 02:15:00,2036-12-04 02:36:00,0.35,Bangalore Station 2,Fast,30,21.6,350.0,259.2,EV Fleet India,Bangalore,Completed,Good,D3984,Sunny,22.5,76.0,26.32,Healthy
EV3985,MG ZS EV,MG,2023,50,96.2,2036-12-05 05:45:00,2036-12-05 06:51:00,1.1,Mangalore Station 1,Normal,39,19.4,87.0,232.8,Premium Fleet,Mangalore,Completed,Good,D3985,Sunny,22.5,76.0,26.32,Healthy
EV3986,Kia EV6,Kia,2023,77,94.5,2036-12-06 23:45:00,2036-12-07 02:08:00,2.38,Hubli Station 1,Normal,35,41.7,227.0,500.4,Green Mobility,Hubli,Completed,Good,D3986,Sunny,22.5,76.0,26.32,Healthy
EV3987,Hyundai Kona EV,Hyundai,2023,39,92.8,2036-12-07 05:45:00,2036-12-07 06:25:00,0.67,Mangalore Station 2,Fast,36,30.0,166.0,360,Eco Drive,Mangalore,Completed,Good,D3987,Cloudy,22.5,76.0,26.32,Healthy
EV3988,Tata Curvv EV,Tata,2023,55,96.8,2036-12-08 11:00:00,2036-12-08 11:53:00,0.88,Bangalore Station 1,Fast,31,44.8,282.0,537.6,Eco Drive,Bangalore,Completed,Good,D3988,Rainy,22.5,76.0,26.32,Healthy
EV3989,Hyundai Kona EV,Hyundai,2023,39,92.3,2036-12-09 23:45:00,2036-12-10 00:19:00,0.57,Bangalore Station 1,Normal,32,10.5,304.0,126,Eco Drive,Bangalore,Completed,Good,D3989,Rainy,22.5,76.0,26.32,Healthy
EV3990,Kia EV6,Kia,2023,77,94.7,2036-12-10 02:30:00,2036-12-10 03:30:00,1.0,Hubli Station 2,Fast,31,46.4,67.0,556.79999999999995,City EV,Hubli,Completed,Good,D3990,Cloudy,22.5,76.0,26.32,Healthy
EV3991,MG Comet EV,MG,2023,17,95.3,2036-12-11 01:15:00,2036-12-11 01:26:00,0.18,Hubli Station 1,Fast,33,8.0,250.0,96,Premium Fleet,Hubli,Completed,Good,D3991,Cloudy,22.5,76.0,26.32,Healthy
EV3992,Kia EV6,Kia,2023,77,95.8,2036-12-12 23:00:00,2036-12-13 00:35:00,1.58,Belagavi Station 2,Normal,35,29.3,142.0,351.6,Green Mobility,Belagavi,Completed,Good,D3992,Rainy,22.5,76.0,26.32,Healthy
EV3993,Mahindra XUV400,Mahindra,2023,39,92.4,2036-12-13 20:30:00,2036-12-13 20:43:00,0.22,Bangalore Station 1,Fast,28,14.5,252.0,174,Green Mobility,Bangalore,Completed,Good,D3993,Rainy,22.5,76.0,26.32,Healthy
EV3994,BYD Atto 3,BYD,2023,60,93.7,2036-12-14 03:45:00,2036-12-14 05:28:00,1.72,Bangalore Station 2,Normal,37,32.5,151.0,390,Green Mobility,Bangalore,Completed,Good,D3994,Rainy,22.5,76.0,26.32,Healthy
EV3995,MG ZS EV,MG,2023,50,90.9,2036-12-15 09:45:00,2036-12-15 10:08:00,0.38,Belagavi Station 2,Fast,39,19.0,154.0,228,Premium Fleet,Belagavi,Completed,Good,D3995,Sunny,22.5,76.0,26.32,Healthy
EV3996,BYD Seal,BYD,2023,82,95.6,2036-12-16 20:45:00,2036-12-16 21:37:00,0.87,Belagavi Station 1,Fast,27,45.1,116.0,541.20000000000005,EV Fleet India,Belagavi,Completed,Good,D3996,Rainy,22.5,76.0,26.32,Healthy
EV3997,Hyundai Kona EV,Hyundai,2023,39,95.3,2036-12-17 09:30:00,2036-12-17 10:56:00,1.43,Mangalore Station 2,Normal,36,23.6,311.0,283.2,Premium Fleet,Mangalore,Completed,Good,D3997,Cloudy,22.5,76.0,26.32,Healthy
EV3998,BYD Atto 3,BYD,2023,60,93.3,2036-12-18 15:45:00,2036-12-18 17:07:00,1.37,Belagavi Station 1,Normal,35,24.2,298.0,290.39999999999998,Eco Drive,Belagavi,Completed,Good,D3998,Sunny,22.5,76.0,26.32,Healthy
EV3999,MG Comet EV,MG,2023,17,92.7,2036-12-19 22:30:00,2036-12-19 22:50:00,0.33,Hubli Station 1,Fast,30,11.3,304.0,135.6,Premium Fleet,Hubli,Completed,Good,D3999,Sunny,22.5,76.0,26.32,Healthy
EV4000,Tata Punch EV,Tata,2023,35,93.7,2036-12-20 15:30:00,2036-12-20 16:36:00,1.1,Mysore Station 1,Normal,30,17.8,60.0,213.6,Eco Drive,Mysore,Completed,Good,D4000,Rainy,22.5,76.0,26.32,Healthy
EV4001,Tata Curvv EV,Tata,2023,55,96.5,2036-12-21 19:00:00,2036-12-21 20:31:00,1.52,Mysore Station 1,Normal,35,27.7,230.0,332.4,Premium Fleet,Mysore,Completed,Good,D4001,Sunny,22.5,76.0,26.32,Healthy
EV4002,BYD Atto 3,BYD,2023,60,94.0,2036-12-22 23:15:00,2036-12-23 00:25:00,1.17,Belagavi Station 2,Normal,30,22.2,200.0,266.39999999999998,Green Mobility,Belagavi,Completed,Good,D4002,Sunny,22.5,76.0,26.32,Healthy
EV4003,Mahindra XUV400,Mahindra,2023,39,92.9,2036-12-23 03:45:00,2036-12-23 04:08:00,0.38,Belagavi Station 1,Fast,33,21.6,247.0,259.2,City EV,Belagavi,Completed,Good,D4003,Cloudy,22.5,76.0,26.32,Healthy
EV4004,Kia EV6,Kia,2023,77,91.1,2036-12-24 18:00:00,2036-12-24 18:26:00,0.43,Mangalore Station 1,Fast,33,15.5,165.0,186,EV Fleet India,Mangalore,Completed,Good,D4004,Sunny,22.5,76.0,26.32,Healthy
EV4005,Mahindra XUV400,Mahindra,2023,39,94.1,2036-12-25 06:45:00,2036-12-25 07:53:00,1.13,Bangalore Station 1,Normal,35,21.4,350.0,256.8,Eco Drive,Bangalore,Completed,Good,D4005,Sunny,22.5,76.0,26.32,Healthy
EV4006,Tata Curvv EV,Tata,2023,55,95.2,2036-12-26 19:30:00,2036-12-26 21:40:00,2.17,Bangalore Station 2,Normal,33,40.1,335.0,481.2,Eco Drive,Bangalore,Completed,Good,D4006,Sunny,22.5,76.0,26.32,Healthy
EV4007,Tata Punch EV,Tata,2023,35,92.1,2036-12-27 00:15:00,2036-12-27 00:44:00,0.48,Hubli Station 1,Fast,35,22.5,159.0,270,City EV,Hubli,Completed,Good,D4007,Sunny,22.5,76.0,26.32,Healthy
EV4008,Tata Nexon EV,Tata,2023,40,96.6,2036-12-28 01:30:00,2036-12-28 02:09:00,0.65,Mangalore Station 2,Fast,27,27.4,331.0,328.8,Premium Fleet,Mangalore,Completed,Good,D4008,Sunny,22.5,76.0,26.32,Healthy
EV4009,Kia EV6,Kia,2023,77,95.9,2036-12-29 21:15:00,2036-12-29 22:10:00,0.92,Hubli Station 1,Fast,32,45.7,155.0,548.4,Premium Fleet,Hubli,Completed,Good,D4009,Sunny,22.5,76.0,26.32,Healthy
EV4010,Tata Curvv EV,Tata,2023,55,94.7,2036-12-30 17:30:00,2036-12-30 19:18:00,1.8,Belagavi Station 1,Normal,36,31.7,157.0,380.4,Eco Drive,Belagavi,Completed,Good,D4010,Cloudy,22.5,76.0,26.32,Healthy
EV4011,BYD Atto 3,BYD,2023,60,91.2,2036-12-31 19:30:00,2036-12-31 22:17:00,2.78,Belagavi Station 2,Normal,36,50.9,157.0,610.79999999999995,EV Fleet India,Belagavi,Completed,Good,D4011,Sunny,22.5,76.0,26.32,Healthy
EV4012,Tata Curvv EV,Tata,2023,55,96.7,2037-01-01 16:45:00,2037-01-01 17:52:00,1.12,Mangalore Station 1,Normal,27,19.0,310.0,228,Premium Fleet,Mangalore,Completed,Good,D4012,Sunny,22.5,76.0,26.32,Healthy
EV4013,MG Comet EV,MG,2023,17,90.8,2037-01-02 23:30:00,2037-01-02 23:32:00,0.03,Hubli Station 2,Fast,27,6.0,168.0,72,EV Fleet India,Hubli,Completed,Good,D4013,Rainy,22.5,76.0,26.32,Healthy
EV4014,BYD Atto 3,BYD,2023,60,95.9,2037-01-03 13:45:00,2037-01-03 14:23:00,0.63,Hubli Station 1,Fast,27,31.3,98.0,375.6,Premium Fleet,Hubli,Completed,Good,D4014,Rainy,22.5,76.0,26.32,Healthy
EV4015,BYD Seal,BYD,2023,82,94.9,2037-01-04 14:00:00,2037-01-04 15:43:00,1.72,Bangalore Station 1,Normal,36,30.0,226.0,360,Eco Drive,Bangalore,Completed,Good,D4015,Sunny,22.5,76.0,26.32,Healthy
EV4016,MG Comet EV,MG,2023,17,92.7,2037-01-05 04:30:00,2037-01-05 04:50:00,0.33,Mysore Station 1,Normal,32,5.0,156.0,60,Premium Fleet,Mysore,Completed,Good,D4016,Rainy,22.5,76.0,26.32,Healthy
EV4017,Hyundai Kona EV,Hyundai,2023,39,91.2,2037-01-06 00:30:00,2037-01-06 01:05:00,0.58,Mysore Station 2,Fast,36,28.7,72.0,344.4,Premium Fleet,Mysore,Completed,Good,D4017,Rainy,22.5,76.0,26.32,Healthy
EV4018,BYD Atto 3,BYD,2023,60,94.1,2037-01-07 04:30:00,2037-01-07 06:47:00,2.28,Mangalore Station 1,Normal,29,39.1,345.0,469.2,City EV,Mangalore,Completed,Good,D4018,Cloudy,22.5,76.0,26.32,Healthy
EV4019,MG Comet EV,MG,2023,17,93.0,2037-01-08 15:45:00,2037-01-08 15:48:00,0.05,Bangalore Station 1,Fast,39,5.1,313.0,61.2,City EV,Bangalore,Completed,Good,D4019,Cloudy,22.5,76.0,26.32,Healthy
EV4020,Mahindra XUV400,Mahindra,2023,39,94.0,2037-01-09 18:15:00,2037-01-09 18:35:00,0.33,Bangalore Station 2,Fast,33,13.7,151.0,164.4,Premium Fleet,Bangalore,Completed,Good,D4020,Cloudy,22.5,76.0,26.32,Healthy
EV4021,MG ZS EV,MG,2023,50,94.5,2037-01-10 16:30:00,2037-01-10 17:09:00,0.65,Hubli Station 2,Fast,31,32.1,326.0,385.2,Eco Drive,Hubli,Completed,Good,D4021,Rainy,22.5,76.0,26.32,Healthy
EV4022,MG ZS EV,MG,2023,50,96.7,2037-01-11 21:30:00,2037-01-11 22:33:00,1.05,Belagavi Station 1,Normal,37,16.9,199.0,202.8,Premium Fleet,Belagavi,Completed,Good,D4022,Sunny,22.5,76.0,26.32,Healthy
EV4023,Kia EV6,Kia,2023,77,92.0,2037-01-12 00:15:00,2037-01-12 01:08:00,0.88,Mysore Station 1,Fast,38,38.9,333.0,466.8,Premium Fleet,Mysore,Completed,Good,D4023,Rainy,22.5,76.0,26.32,Healthy
EV4024,Hyundai Kona EV,Hyundai,2023,39,94.4,2037-01-13 11:45:00,2037-01-13 12:59:00,1.23,Bangalore Station 2,Normal,39,20.5,220.0,246,EV Fleet India,Bangalore,Completed,Good,D4024,Sunny,22.5,76.0,26.32,Healthy
EV4025,MG ZS EV,MG,2023,50,94.5,2037-01-14 05:15:00,2037-01-14 05:30:00,0.25,Hubli Station 2,Fast,29,14.6,261.0,175.2,Green Mobility,Hubli,Completed,Good,D4025,Rainy,22.5,76.0,26.32,Healthy
EV4026,BYD Atto 3,BYD,2023,60,93.1,2037-01-15 23:15:00,2037-01-16 01:36:00,2.35,Belagavi Station 1,Normal,28,41.5,208.0,498,EV Fleet India,Belagavi,Completed,Good,D4026,Sunny,22.5,76.0,26.32,Healthy
EV4027,Tata Punch EV,Tata,2023,35,94.1,2037-01-16 16:15:00,2037-01-16 16:39:00,0.4,Bangalore Station 1,Fast,31,24.6,295.0,295.2,Eco Drive,Bangalore,Completed,Good,D4027,Cloudy,22.5,76.0,26.32,Healthy
EV4028,BYD Atto 3,BYD,2023,60,93.5,2037-01-17 02:30:00,2037-01-17 03:16:00,0.77,Bangalore Station 1,Fast,35,39.4,137.0,472.8,Green Mobility,Bangalore,Completed,Good,D4028,Cloudy,22.5,76.0,26.32,Healthy
EV4029,Tata Punch EV,Tata,2023,35,91.2,2037-01-18 20:15:00,2037-01-18 20:52:00,0.62,Bangalore Station 2,Normal,32,10.0,295.0,120,Green Mobility,Bangalore,Completed,Good,D4029,Cloudy,22.5,76.0,26.32,Healthy
EV4030,MG Comet EV,MG,2023,17,91.6,2037-01-19 05:15:00,2037-01-19 05:50:00,0.58,Mangalore Station 2,Normal,30,8.6,126.0,103.2,City EV,Mangalore,Completed,Good,D4030,Rainy,22.5,76.0,26.32,Healthy
EV4031,Kia EV6,Kia,2023,77,91.9,2037-01-20 15:30:00,2037-01-20 16:50:00,1.33,Bangalore Station 1,Normal,28,25.1,113.0,301.2,EV Fleet India,Bangalore,Completed,Good,D4031,Sunny,22.5,76.0,26.32,Healthy
EV4032,Tata Nexon EV,Tata,2023,40,92.0,2037-01-21 04:45:00,2037-01-21 06:31:00,1.77,Belagavi Station 1,Normal,36,30.3,343.0,363.6,Premium Fleet,Belagavi,Completed,Good,D4032,Rainy,22.5,76.0,26.32,Healthy
EV4033,Tata Curvv EV,Tata,2023,55,93.1,2037-01-22 04:30:00,2037-01-22 05:17:00,0.78,Mysore Station 2,Fast,27,36.1,171.0,433.2,City EV,Mysore,Completed,Good,D4033,Rainy,22.5,76.0,26.32,Healthy
EV4034,Tata Punch EV,Tata,2023,35,92.0,2037-01-23 23:00:00,2037-01-23 23:37:00,0.62,Mysore Station 2,Normal,35,12.5,102.0,150,Premium Fleet,Mysore,Completed,Good,D4034,Cloudy,22.5,76.0,26.32,Healthy
EV4035,Kia EV6,Kia,2023,77,95.9,2037-01-24 07:45:00,2037-01-24 08:28:00,0.72,Belagavi Station 2,Fast,28,36.9,198.0,442.8,City EV,Belagavi,Completed,Good,D4035,Sunny,22.5,76.0,26.32,Healthy
EV4036,BYD Seal,BYD,2023,82,94.2,2037-01-25 14:15:00,2037-01-25 15:13:00,0.97,Mysore Station 1,Fast,33,41.7,74.0,500.4,Green Mobility,Mysore,Completed,Good,D4036,Cloudy,22.5,76.0,26.32,Healthy
EV4037,MG ZS EV,MG,2023,50,91.9,2037-01-26 22:15:00,2037-01-26 22:32:00,0.28,Belagavi Station 2,Fast,27,18.2,154.0,218.4,Green Mobility,Belagavi,Completed,Good,D4037,Sunny,22.5,76.0,26.32,Healthy
EV4038,Mahindra XUV400,Mahindra,2023,39,96.4,2037-01-27 05:00:00,2037-01-27 05:24:00,0.4,Bangalore Station 2,Fast,30,20.0,315.0,240,Green Mobility,Bangalore,Completed,Good,D4038,Sunny,22.5,76.0,26.32,Healthy
EV4039,Mahindra XUV400,Mahindra,2023,39,91.5,2037-01-28 02:15:00,2037-01-28 03:23:00,1.13,Bangalore Station 2,Normal,28,21.3,143.0,255.6,Green Mobility,Bangalore,Completed,Good,D4039,Cloudy,22.5,76.0,26.32,Healthy
EV4040,Tata Curvv EV,Tata,2023,55,96.3,2037-01-29 09:15:00,2037-01-29 10:49:00,1.57,Bangalore Station 1,Normal,30,29.7,297.0,356.4,City EV,Bangalore,Completed,Good,D4040,Rainy,22.5,76.0,26.32,Healthy
EV4041,Hyundai Kona EV,Hyundai,2023,39,94.4,2037-01-30 20:30:00,2037-01-30 22:08:00,1.63,Hubli Station 1,Normal,27,28.4,173.0,340.8,EV Fleet India,Hubli,Completed,Good,D4041,Cloudy,22.5,76.0,26.32,Healthy
EV4042,Tata Curvv EV,Tata,2023,55,94.5,2037-01-31 16:15:00,2037-01-31 16:54:00,0.65,Mysore Station 2,Fast,35,26.1,82.0,313.2,City EV,Mysore,Completed,Good,D4042,Cloudy,22.5,76.0,26.32,Healthy
EV4043,Tata Nexon EV,Tata,2023,40,95.1,2037-02-01 07:30:00,2037-02-01 09:03:00,1.55,Hubli Station 1,Normal,31,27.6,72.0,331.2,Green Mobility,Hubli,Completed,Good,D4043,Cloudy,22.5,76.0,26.32,Healthy
EV4044,Kia EV6,Kia,2023,77,94.1,2037-02-02 14:00:00,2037-02-02 16:09:00,2.15,Belagavi Station 1,Normal,32,37.5,158.0,450,EV Fleet India,Belagavi,Completed,Good,D4044,Sunny,22.5,76.0,26.32,Healthy
EV4045,Tata Nexon EV,Tata,2023,40,93.1,2037-02-03 19:00:00,2037-02-03 20:27:00,1.45,Mysore Station 2,Normal,36,23.8,148.0,285.60000000000002,Premium Fleet,Mysore,Completed,Good,D4045,Rainy,22.5,76.0,26.32,Healthy
EV4046,Hyundai Kona EV,Hyundai,2023,39,92.2,2037-02-04 21:45:00,2037-02-04 22:11:00,0.43,Mangalore Station 1,Fast,30,17.2,78.0,206.4,Green Mobility,Mangalore,Completed,Good,D4046,Rainy,22.5,76.0,26.32,Healthy
EV4047,BYD Seal,BYD,2023,82,92.4,2037-02-05 00:15:00,2037-02-05 03:56:00,3.68,Belagavi Station 2,Normal,30,65.6,99.0,787.2,Green Mobility,Belagavi,Completed,Good,D4047,Cloudy,22.5,76.0,26.32,Healthy
EV4048,Mahindra XUV400,Mahindra,2023,39,96.6,2037-02-06 08:30:00,2037-02-06 09:53:00,1.38,Hubli Station 2,Normal,30,26.3,204.0,315.60000000000002,Premium Fleet,Hubli,Completed,Good,D4048,Sunny,22.5,76.0,26.32,Healthy
EV4049,Tata Nexon EV,Tata,2023,40,93.3,2037-02-07 05:30:00,2037-02-07 06:48:00,1.3,Bangalore Station 2,Normal,31,21.0,194.0,252,Premium Fleet,Bangalore,Completed,Good,D4049,Cloudy,22.5,76.0,26.32,Healthy
EV4050,Mahindra XUV400,Mahindra,2023,39,96.0,2037-02-08 20:45:00,2037-02-08 21:07:00,0.37,Hubli Station 1,Fast,27,13.0,246.0,156,Premium Fleet,Hubli,Completed,Good,D4050,Cloudy,22.5,76.0,26.32,Healthy
EV4051,Mahindra XUV400,Mahindra,2023,39,91.3,2037-02-09 05:30:00,2037-02-09 06:10:00,0.67,Mangalore Station 2,Fast,29,29.2,189.0,350.4,City EV,Mangalore,Completed,Good,D4051,Cloudy,22.5,76.0,26.32,Healthy
EV4052,Mahindra XUV400,Mahindra,2023,39,92.2,2037-02-10 07:30:00,2037-02-10 07:49:00,0.32,Mangalore Station 1,Fast,34,16.2,139.0,194.4,Eco Drive,Mangalore,Completed,Good,D4052,Rainy,22.5,76.0,26.32,Healthy
EV4053,MG ZS EV,MG,2023,50,95.2,2037-02-11 22:15:00,2037-02-11 22:46:00,0.52,Hubli Station 1,Fast,33,21.1,219.0,253.2,City EV,Hubli,Completed,Good,D4053,Cloudy,22.5,76.0,26.32,Healthy
EV4054,BYD Seal,BYD,2023,82,93.6,2037-02-12 03:45:00,2037-02-12 04:51:00,1.1,Bangalore Station 1,Fast,38,51.2,245.0,614.4,EV Fleet India,Bangalore,Completed,Good,D4054,Rainy,22.5,76.0,26.32,Healthy
EV4055,MG Comet EV,MG,2023,17,96.6,2037-02-13 04:15:00,2037-02-13 04:28:00,0.22,Belagavi Station 2,Fast,30,4.3,148.0,51.6,Green Mobility,Belagavi,Completed,Good,D4055,Sunny,22.5,76.0,26.32,Healthy
EV4056,BYD Seal,BYD,2023,82,93.8,2037-02-14 01:00:00,2037-02-14 01:37:00,0.62,Mysore Station 1,Fast,33,32.8,120.0,393.6,Green Mobility,Mysore,Completed,Good,D4056,Rainy,22.5,76.0,26.32,Healthy
EV4057,BYD Atto 3,BYD,2023,60,93.8,2037-02-15 19:45:00,2037-02-15 21:31:00,1.77,Mangalore Station 1,Normal,34,31.1,285.0,373.2,Eco Drive,Mangalore,Completed,Good,D4057,Rainy,22.5,76.0,26.32,Healthy
EV4058,BYD Atto 3,BYD,2023,60,95.5,2037-02-16 19:15:00,2037-02-16 20:01:00,0.77,Bangalore Station 2,Normal,32,15.2,331.0,182.4,Green Mobility,Bangalore,Completed,Good,D4058,Rainy,22.5,76.0,26.32,Healthy
EV4059,BYD Atto 3,BYD,2023,60,95.8,2037-02-17 07:45:00,2037-02-17 09:07:00,1.37,Mangalore Station 2,Normal,34,24.3,231.0,291.60000000000002,Premium Fleet,Mangalore,Completed,Good,D4059,Rainy,22.5,76.0,26.32,Healthy
EV4060,Tata Nexon EV,Tata,2023,40,96.7,2037-02-18 04:30:00,2037-02-18 05:08:00,0.63,Belagavi Station 1,Fast,34,27.2,67.0,326.39999999999998,Premium Fleet,Belagavi,Completed,Good,D4060,Cloudy,22.5,76.0,26.32,Healthy
EV4061,BYD Atto 3,BYD,2023,60,95.0,2037-02-19 07:00:00,2037-02-19 08:27:00,1.45,Belagavi Station 1,Normal,36,27.9,90.0,334.8,City EV,Belagavi,Completed,Good,D4061,Sunny,22.5,76.0,26.32,Healthy
EV4062,MG ZS EV,MG,2023,50,93.4,2037-02-20 07:15:00,2037-02-20 08:02:00,0.78,Mysore Station 1,Normal,31,14.2,183.0,170.4,City EV,Mysore,Completed,Good,D4062,Rainy,22.5,76.0,26.32,Healthy
EV4063,BYD Atto 3,BYD,2023,60,93.0,2037-02-21 14:30:00,2037-02-21 14:51:00,0.35,Mangalore Station 1,Fast,34,20.8,341.0,249.6,EV Fleet India,Mangalore,Completed,Good,D4063,Sunny,22.5,76.0,26.32,Healthy
EV4064,Kia EV6,Kia,2023,77,95.1,2037-02-22 13:45:00,2037-02-22 15:11:00,1.43,Bangalore Station 2,Normal,31,26.0,218.0,312,Premium Fleet,Bangalore,Completed,Good,D4064,Cloudy,22.5,76.0,26.32,Healthy
EV4065,Tata Nexon EV,Tata,2023,40,94.7,2037-02-23 08:30:00,2037-02-23 10:05:00,1.58,Bangalore Station 2,Normal,29,30.1,342.0,361.2,EV Fleet India,Bangalore,Completed,Good,D4065,Rainy,22.5,76.0,26.32,Healthy
EV4066,Mahindra XUV400,Mahindra,2023,39,93.3,2037-02-24 07:30:00,2037-02-24 08:04:00,0.57,Belagavi Station 1,Fast,38,25.4,229.0,304.8,Premium Fleet,Belagavi,Completed,Good,D4066,Sunny,22.5,76.0,26.32,Healthy
EV4067,BYD Atto 3,BYD,2023,60,91.6,2037-02-25 09:00:00,2037-02-25 10:07:00,1.12,Bangalore Station 2,Normal,37,21.5,230.0,258,Eco Drive,Bangalore,Completed,Good,D4067,Cloudy,22.5,76.0,26.32,Healthy
EV4068,Tata Curvv EV,Tata,2023,55,95.2,2037-02-26 07:45:00,2037-02-26 09:23:00,1.63,Bangalore Station 2,Normal,30,30.7,326.0,368.4,City EV,Bangalore,Completed,Good,D4068,Cloudy,22.5,76.0,26.32,Healthy
EV4069,BYD Seal,BYD,2023,82,92.1,2037-02-27 10:30:00,2037-02-27 11:31:00,1.02,Mangalore Station 2,Fast,34,49.2,146.0,590.4,EV Fleet India,Mangalore,Completed,Good,D4069,Cloudy,22.5,76.0,26.32,Healthy
EV4070,BYD Atto 3,BYD,2023,60,94.6,2037-02-28 20:15:00,2037-02-28 20:37:00,0.37,Mangalore Station 2,Fast,38,22.5,179.0,270,City EV,Mangalore,Completed,Good,D4070,Sunny,22.5,76.0,26.32,Healthy
EV4071,Tata Nexon EV,Tata,2023,40,92.2,2037-03-01 17:30:00,2037-03-01 18:03:00,0.55,Hubli Station 1,Fast,38,20.9,152.0,250.8,City EV,Hubli,Completed,Good,D4071,Sunny,22.5,76.0,26.32,Healthy
EV4072,MG ZS EV,MG,2023,50,92.8,2037-03-02 05:00:00,2037-03-02 05:56:00,0.93,Mysore Station 2,Normal,27,17.6,177.0,211.2,City EV,Mysore,Completed,Good,D4072,Rainy,22.5,76.0,26.32,Healthy
EV4073,MG ZS EV,MG,2023,50,96.6,2037-03-03 14:30:00,2037-03-03 15:41:00,1.18,Mangalore Station 1,Normal,37,21.0,110.0,252,Green Mobility,Mangalore,Completed,Good,D4073,Sunny,22.5,76.0,26.32,Healthy
EV4074,MG ZS EV,MG,2023,50,94.5,2037-03-04 05:30:00,2037-03-04 06:58:00,1.47,Hubli Station 1,Normal,29,27.0,257.0,324,Premium Fleet,Hubli,Completed,Good,D4074,Sunny,22.5,76.0,26.32,Healthy
EV4075,Hyundai Kona EV,Hyundai,2023,39,93.4,2037-03-05 08:00:00,2037-03-05 08:25:00,0.42,Belagavi Station 2,Fast,38,20.1,107.0,241.2,Green Mobility,Belagavi,Completed,Good,D4075,Sunny,22.5,76.0,26.32,Healthy
EV4076,Tata Nexon EV,Tata,2023,40,96.2,2037-03-06 11:45:00,2037-03-06 12:04:00,0.32,Mysore Station 1,Fast,27,18.2,243.0,218.4,City EV,Mysore,Completed,Good,D4076,Cloudy,22.5,76.0,26.32,Healthy
EV4077,Kia EV6,Kia,2023,77,95.6,2037-03-07 10:00:00,2037-03-07 10:43:00,0.72,Bangalore Station 2,Fast,36,35.2,219.0,422.4,City EV,Bangalore,Completed,Good,D4077,Cloudy,22.5,76.0,26.32,Healthy
EV4078,Kia EV6,Kia,2023,77,96.3,2037-03-08 15:45:00,2037-03-08 16:47:00,1.03,Bangalore Station 1,Fast,31,55.3,189.0,663.6,EV Fleet India,Bangalore,Completed,Good,D4078,Cloudy,22.5,76.0,26.32,Healthy
EV4079,Tata Curvv EV,Tata,2023,55,91.8,2037-03-09 03:00:00,2037-03-09 03:34:00,0.57,Bangalore Station 1,Fast,30,33.3,60.0,399.6,EV Fleet India,Bangalore,Completed,Good,D4079,Rainy,22.5,76.0,26.32,Healthy
EV4080,Mahindra XUV400,Mahindra,2023,39,91.9,2037-03-10 03:30:00,2037-03-10 04:16:00,0.77,Hubli Station 2,Normal,28,13.6,271.0,163.19999999999999,City EV,Hubli,Completed,Good,D4080,Rainy,22.5,76.0,26.32,Healthy
EV4081,MG ZS EV,MG,2023,50,92.5,2037-03-11 12:30:00,2037-03-11 13:54:00,1.4,Mysore Station 2,Normal,31,25.9,102.0,310.8,Premium Fleet,Mysore,Completed,Good,D4081,Cloudy,22.5,76.0,26.32,Healthy
EV4082,Hyundai Kona EV,Hyundai,2023,39,93.7,2037-03-12 17:45:00,2037-03-12 18:10:00,0.42,Mysore Station 1,Fast,33,20.5,190.0,246,City EV,Mysore,Completed,Good,D4082,Rainy,22.5,76.0,26.32,Healthy
EV4083,BYD Seal,BYD,2023,82,94.3,2037-03-13 12:30:00,2037-03-13 13:15:00,0.75,Hubli Station 2,Fast,33,38.8,248.0,465.6,Premium Fleet,Hubli,Completed,Good,D4083,Sunny,22.5,76.0,26.32,Healthy
EV4084,Tata Punch EV,Tata,2023,35,90.7,2037-03-14 16:30:00,2037-03-14 16:51:00,0.35,Mysore Station 2,Fast,38,14.5,294.0,174,Green Mobility,Mysore,Completed,Good,D4084,Sunny,22.5,76.0,26.32,Healthy
EV4085,MG Comet EV,MG,2023,17,91.1,2037-03-15 05:15:00,2037-03-15 05:23:00,0.13,Hubli Station 1,Fast,34,5.4,64.0,64.8,Green Mobility,Hubli,Completed,Good,D4085,Cloudy,22.5,76.0,26.32,Healthy
EV4086,Hyundai Kona EV,Hyundai,2023,39,93.5,2037-03-16 17:30:00,2037-03-16 17:36:00,0.1,Bangalore Station 1,Fast,38,9.7,205.0,116.4,EV Fleet India,Bangalore,Completed,Good,D4086,Cloudy,22.5,76.0,26.32,Healthy
EV4087,Tata Nexon EV,Tata,2023,40,96.3,2037-03-17 10:30:00,2037-03-17 10:59:00,0.48,Mangalore Station 1,Fast,31,21.4,309.0,256.8,City EV,Mangalore,Completed,Good,D4087,Sunny,22.5,76.0,26.32,Healthy
EV4088,Tata Nexon EV,Tata,2023,40,91.5,2037-03-18 18:00:00,2037-03-18 18:38:00,0.63,Mangalore Station 2,Fast,31,28.8,107.0,345.6,EV Fleet India,Mangalore,Completed,Good,D4088,Cloudy,22.5,76.0,26.32,Healthy
EV4089,MG ZS EV,MG,2023,50,94.5,2037-03-19 21:30:00,2037-03-19 21:54:00,0.4,Bangalore Station 1,Fast,30,16.0,340.0,192,City EV,Bangalore,Completed,Good,D4089,Cloudy,22.5,76.0,26.32,Healthy
EV4090,Kia EV6,Kia,2023,77,96.5,2037-03-20 02:45:00,2037-03-20 03:37:00,0.87,Mangalore Station 1,Fast,33,45.8,204.0,549.6,EV Fleet India,Mangalore,Completed,Good,D4090,Rainy,22.5,76.0,26.32,Healthy
EV4091,BYD Atto 3,BYD,2023,60,92.1,2037-03-21 12:45:00,2037-03-21 15:02:00,2.28,Belagavi Station 2,Normal,31,42.2,128.0,506.4,Eco Drive,Belagavi,Completed,Good,D4091,Rainy,22.5,76.0,26.32,Healthy
EV4092,Hyundai Kona EV,Hyundai,2023,39,92.8,2037-03-22 10:45:00,2037-03-22 11:12:00,0.45,Hubli Station 1,Fast,36,24.0,323.0,288,Green Mobility,Hubli,Completed,Good,D4092,Rainy,22.5,76.0,26.32,Healthy
EV4093,BYD Seal,BYD,2023,82,95.5,2037-03-23 04:15:00,2037-03-23 05:04:00,0.82,Mangalore Station 1,Fast,37,44.4,203.0,532.79999999999995,Premium Fleet,Mangalore,Completed,Good,D4093,Sunny,22.5,76.0,26.32,Healthy
EV4094,Tata Punch EV,Tata,2023,35,91.2,2037-03-24 07:00:00,2037-03-24 07:32:00,0.53,Mangalore Station 1,Fast,33,20.6,95.0,247.2,Premium Fleet,Mangalore,Completed,Good,D4094,Sunny,22.5,76.0,26.32,Healthy
EV4095,BYD Seal,BYD,2023,82,96.3,2037-03-25 23:00:00,2037-03-26 01:38:00,2.63,Belagavi Station 2,Normal,34,47.1,320.0,565.20000000000005,City EV,Belagavi,Completed,Good,D4095,Cloudy,22.5,76.0,26.32,Healthy
EV4096,Tata Curvv EV,Tata,2023,55,95.5,2037-03-26 05:45:00,2037-03-26 06:08:00,0.38,Mangalore Station 1,Fast,39,15.1,345.0,181.2,EV Fleet India,Mangalore,Completed,Good,D4096,Sunny,22.5,76.0,26.32,Healthy
EV4097,Tata Punch EV,Tata,2023,35,90.8,2037-03-27 14:00:00,2037-03-27 15:10:00,1.17,Belagavi Station 2,Normal,35,20.4,99.0,244.8,Eco Drive,Belagavi,Completed,Good,D4097,Cloudy,22.5,76.0,26.32,Healthy
EV4098,MG Comet EV,MG,2023,17,95.9,2037-03-28 10:15:00,2037-03-28 10:28:00,0.22,Mysore Station 1,Fast,31,9.7,263.0,116.4,City EV,Mysore,Completed,Good,D4098,Cloudy,22.5,76.0,26.32,Healthy
EV4099,MG ZS EV,MG,2023,50,92.5,2037-03-29 14:00:00,2037-03-29 14:43:00,0.72,Belagavi Station 1,Fast,35,33.2,217.0,398.4,City EV,Belagavi,Completed,Good,D4099,Sunny,22.5,76.0,26.32,Healthy
EV4100,Mahindra XUV400,Mahindra,2023,39,91.1,2037-03-30 01:30:00,2037-03-30 01:53:00,0.38,Hubli Station 1,Fast,28,20.1,323.0,241.2,Green Mobility,Hubli,Completed,Good,D4100,Sunny,22.5,76.0,26.32,Healthy
EV4101,Tata Curvv EV,Tata,2023,55,91.2,2037-03-31 09:00:00,2037-03-31 10:59:00,1.98,Hubli Station 1,Normal,27,35.7,196.0,428.4,Eco Drive,Hubli,Completed,Good,D4101,Cloudy,22.5,76.0,26.32,Healthy
EV4102,Mahindra XUV400,Mahindra,2023,39,90.9,2037-04-01 05:30:00,2037-04-01 07:03:00,1.55,Mangalore Station 1,Normal,29,28.0,222.0,336,EV Fleet India,Mangalore,Completed,Good,D4102,Rainy,22.5,76.0,26.32,Healthy
EV4103,Tata Curvv EV,Tata,2023,55,91.4,2037-04-02 21:00:00,2037-04-02 21:46:00,0.77,Belagavi Station 2,Fast,33,35.4,284.0,424.8,Eco Drive,Belagavi,Completed,Good,D4103,Cloudy,22.5,76.0,26.32,Healthy
EV4104,Hyundai Kona EV,Hyundai,2023,39,94.0,2037-04-03 12:30:00,2037-04-03 13:32:00,1.03,Hubli Station 2,Normal,35,19.1,297.0,229.2,EV Fleet India,Hubli,Completed,Good,D4104,Sunny,22.5,76.0,26.32,Healthy
EV4105,Mahindra XUV400,Mahindra,2023,39,94.6,2037-04-04 09:00:00,2037-04-04 09:30:00,0.5,Bangalore Station 2,Fast,33,24.6,121.0,295.2,City EV,Bangalore,Completed,Good,D4105,Sunny,22.5,76.0,26.32,Healthy
EV4106,Mahindra XUV400,Mahindra,2023,39,91.3,2037-04-05 20:15:00,2037-04-05 20:38:00,0.38,Bangalore Station 1,Fast,28,22.8,97.0,273.60000000000002,Premium Fleet,Bangalore,Completed,Good,D4106,Cloudy,22.5,76.0,26.32,Healthy
EV4107,Hyundai Kona EV,Hyundai,2023,39,91.5,2037-04-06 19:15:00,2037-04-06 19:38:00,0.38,Mysore Station 1,Fast,31,14.6,117.0,175.2,Eco Drive,Mysore,Completed,Good,D4107,Rainy,22.5,76.0,26.32,Healthy
EV4108,Tata Curvv EV,Tata,2023,55,91.1,2037-04-07 04:00:00,2037-04-07 04:37:00,0.62,Hubli Station 1,Fast,37,34.2,285.0,410.4,Eco Drive,Hubli,Completed,Good,D4108,Cloudy,22.5,76.0,26.32,Healthy
EV4109,Tata Nexon EV,Tata,2023,40,96.5,2037-04-08 00:15:00,2037-04-08 01:47:00,1.53,Mysore Station 1,Normal,37,25.6,306.0,307.2,City EV,Mysore,Completed,Good,D4109,Sunny,22.5,76.0,26.32,Healthy
EV4110,Mahindra XUV400,Mahindra,2023,39,96.6,2037-04-09 07:15:00,2037-04-09 07:43:00,0.47,Mangalore Station 1,Fast,32,28.1,221.0,337.2,Premium Fleet,Mangalore,Completed,Good,D4110,Cloudy,22.5,76.0,26.32,Healthy
EV4111,Tata Punch EV,Tata,2023,35,95.6,2037-04-10 08:00:00,2037-04-10 08:28:00,0.47,Mysore Station 2,Fast,27,22.4,140.0,268.8,Green Mobility,Mysore,Completed,Good,D4111,Sunny,22.5,76.0,26.32,Healthy
EV4112,BYD Atto 3,BYD,2023,60,92.1,2037-04-11 04:30:00,2037-04-11 04:58:00,0.47,Hubli Station 2,Fast,35,27.9,111.0,334.8,City EV,Hubli,Completed,Good,D4112,Sunny,22.5,76.0,26.32,Healthy
EV4113,Hyundai Kona EV,Hyundai,2023,39,96.2,2037-04-12 00:45:00,2037-04-12 01:10:00,0.42,Mangalore Station 1,Fast,37,21.6,317.0,259.2,Green Mobility,Mangalore,Completed,Good,D4113,Sunny,22.5,76.0,26.32,Healthy
EV4114,Tata Punch EV,Tata,2023,35,91.3,2037-04-13 22:00:00,2037-04-13 22:23:00,0.38,Bangalore Station 1,Fast,39,23.5,281.0,282,Green Mobility,Bangalore,Completed,Good,D4114,Rainy,22.5,76.0,26.32,Healthy
EV4115,MG Comet EV,MG,2023,17,92.9,2037-04-14 06:00:00,2037-04-14 06:16:00,0.27,Mangalore Station 2,Fast,31,6.7,279.0,80.400000000000006,Eco Drive,Mangalore,Completed,Good,D4115,Rainy,22.5,76.0,26.32,Healthy
EV4116,MG ZS EV,MG,2023,50,92.0,2037-04-15 18:30:00,2037-04-15 18:58:00,0.47,Mysore Station 1,Fast,32,28.3,119.0,339.6,EV Fleet India,Mysore,Completed,Good,D4116,Sunny,22.5,76.0,26.32,Healthy
EV4117,Tata Punch EV,Tata,2023,35,94.4,2037-04-16 06:15:00,2037-04-16 07:06:00,0.85,Belagavi Station 2,Normal,28,15.4,323.0,184.8,Eco Drive,Belagavi,Completed,Good,D4117,Sunny,22.5,76.0,26.32,Healthy
EV4118,Tata Nexon EV,Tata,2023,40,95.4,2037-04-17 19:00:00,2037-04-17 20:12:00,1.2,Hubli Station 1,Normal,34,20.8,190.0,249.6,Eco Drive,Hubli,Completed,Good,D4118,Cloudy,22.5,76.0,26.32,Healthy
EV4119,MG Comet EV,MG,2023,17,92.7,2037-04-18 14:00:00,2037-04-18 14:17:00,0.28,Mysore Station 2,Fast,30,10.7,229.0,128.4,City EV,Mysore,Completed,Good,D4119,Sunny,22.5,76.0,26.32,Healthy
EV4120,BYD Seal,BYD,2023,82,92.3,2037-04-19 13:30:00,2037-04-19 15:37:00,2.12,Mysore Station 1,Normal,29,39.3,320.0,471.6,Green Mobility,Mysore,Completed,Good,D4120,Cloudy,22.5,76.0,26.32,Healthy
EV4121,Hyundai Kona EV,Hyundai,2023,39,90.7,2037-04-20 22:45:00,2037-04-21 00:11:00,1.43,Belagavi Station 2,Normal,39,25.0,157.0,300,EV Fleet India,Belagavi,Completed,Good,D4121,Sunny,22.5,76.0,26.32,Healthy
EV4122,Tata Punch EV,Tata,2023,35,94.4,2037-04-21 13:45:00,2037-04-21 14:11:00,0.43,Hubli Station 2,Fast,38,23.1,190.0,277.2,Green Mobility,Hubli,Completed,Good,D4122,Sunny,22.5,76.0,26.32,Healthy
EV4123,Mahindra XUV400,Mahindra,2023,39,96.7,2037-04-22 00:45:00,2037-04-22 02:22:00,1.62,Bangalore Station 2,Normal,27,30.4,335.0,364.8,City EV,Bangalore,Completed,Good,D4123,Sunny,22.5,76.0,26.32,Healthy
EV4124,MG Comet EV,MG,2023,17,94.2,2037-04-23 04:00:00,2037-04-23 04:27:00,0.45,Belagavi Station 2,Normal,30,6.4,346.0,76.8,Premium Fleet,Belagavi,Completed,Good,D4124,Cloudy,22.5,76.0,26.32,Healthy
EV4125,BYD Seal,BYD,2023,82,93.7,2037-04-24 00:30:00,2037-04-24 01:07:00,0.62,Bangalore Station 2,Fast,35,25.7,101.0,308.39999999999998,Eco Drive,Bangalore,Completed,Good,D4125,Sunny,22.5,76.0,26.32,Healthy
EV4126,Tata Nexon EV,Tata,2023,40,94.1,2037-04-25 20:15:00,2037-04-25 20:47:00,0.53,Mysore Station 2,Fast,31,28.2,188.0,338.4,Premium Fleet,Mysore,Completed,Good,D4126,Sunny,22.5,76.0,26.32,Healthy
EV4127,Tata Nexon EV,Tata,2023,40,95.3,2037-04-26 06:30:00,2037-04-26 07:01:00,0.52,Hubli Station 2,Fast,27,28.3,227.0,339.6,City EV,Hubli,Completed,Good,D4127,Sunny,22.5,76.0,26.32,Healthy
EV4128,BYD Seal,BYD,2023,82,96.5,2037-04-27 11:00:00,2037-04-27 13:10:00,2.17,Belagavi Station 1,Normal,27,37.1,245.0,445.2,EV Fleet India,Belagavi,Completed,Good,D4128,Sunny,22.5,76.0,26.32,Healthy
EV4129,Tata Curvv EV,Tata,2023,55,95.1,2037-04-28 01:30:00,2037-04-28 02:58:00,1.47,Belagavi Station 2,Normal,39,24.4,314.0,292.8,City EV,Belagavi,Completed,Good,D4129,Cloudy,22.5,76.0,26.32,Healthy
EV4130,MG Comet EV,MG,2023,17,93.2,2037-04-29 23:00:00,2037-04-29 23:23:00,0.38,Belagavi Station 2,Normal,35,6.8,132.0,81.599999999999994,EV Fleet India,Belagavi,Completed,Good,D4130,Rainy,22.5,76.0,26.32,Healthy
EV4131,BYD Atto 3,BYD,2023,60,95.2,2037-04-30 10:45:00,2037-04-30 11:42:00,0.95,Belagavi Station 1,Fast,34,43.4,193.0,520.79999999999995,City EV,Belagavi,Completed,Good,D4131,Cloudy,22.5,76.0,26.32,Healthy
EV4132,BYD Seal,BYD,2023,82,94.8,2037-05-01 05:30:00,2037-05-01 06:04:00,0.57,Mysore Station 1,Fast,33,25.6,273.0,307.2,EV Fleet India,Mysore,Completed,Good,D4132,Cloudy,22.5,76.0,26.32,Healthy
EV4133,BYD Atto 3,BYD,2023,60,91.6,2037-05-02 20:45:00,2037-05-02 20:59:00,0.23,Mysore Station 2,Fast,37,16.3,324.0,195.6,EV Fleet India,Mysore,Completed,Good,D4133,Rainy,22.5,76.0,26.32,Healthy
EV4134,Hyundai Kona EV,Hyundai,2023,39,91.4,2037-05-03 20:30:00,2037-05-03 21:35:00,1.08,Bangalore Station 1,Normal,36,18.7,66.0,224.4,Eco Drive,Bangalore,Completed,Good,D4134,Rainy,22.5,76.0,26.32,Healthy
EV4135,Tata Punch EV,Tata,2023,35,94.8,2037-05-04 21:45:00,2037-05-04 22:43:00,0.97,Bangalore Station 1,Normal,29,16.0,174.0,192,Green Mobility,Bangalore,Completed,Good,D4135,Sunny,22.5,76.0,26.32,Healthy
EV4136,Tata Nexon EV,Tata,2023,40,95.5,2037-05-05 13:30:00,2037-05-05 14:03:00,0.55,Hubli Station 1,Fast,29,23.5,312.0,282,Green Mobility,Hubli,Completed,Good,D4136,Cloudy,22.5,76.0,26.32,Healthy
EV4137,Mahindra XUV400,Mahindra,2023,39,96.6,2037-05-06 12:00:00,2037-05-06 12:19:00,0.32,Mysore Station 2,Fast,30,20.0,90.0,240,Green Mobility,Mysore,Completed,Good,D4137,Cloudy,22.5,76.0,26.32,Healthy
EV4138,Tata Punch EV,Tata,2023,35,91.1,2037-05-07 11:15:00,2037-05-07 12:09:00,0.9,Belagavi Station 2,Normal,30,16.8,270.0,201.6,Premium Fleet,Belagavi,Completed,Good,D4138,Sunny,22.5,76.0,26.32,Healthy
EV4139,Tata Nexon EV,Tata,2023,40,91.4,2037-05-08 02:45:00,2037-05-08 03:22:00,0.62,Bangalore Station 2,Fast,32,25.8,148.0,309.60000000000002,City EV,Bangalore,Completed,Good,D4139,Cloudy,22.5,76.0,26.32,Healthy
EV4140,Tata Curvv EV,Tata,2023,55,91.9,2037-05-09 05:15:00,2037-05-09 05:36:00,0.35,Belagavi Station 2,Fast,30,17.4,323.0,208.8,EV Fleet India,Belagavi,Completed,Good,D4140,Sunny,22.5,76.0,26.32,Healthy
EV4141,BYD Seal,BYD,2023,82,92.3,2037-05-10 04:30:00,2037-05-10 05:12:00,0.7,Belagavi Station 2,Fast,35,36.0,307.0,432,Premium Fleet,Belagavi,Completed,Good,D4141,Rainy,22.5,76.0,26.32,Healthy
EV4142,BYD Atto 3,BYD,2023,60,95.5,2037-05-11 12:00:00,2037-05-11 13:38:00,1.63,Belagavi Station 2,Normal,35,30.6,104.0,367.2,Green Mobility,Belagavi,Completed,Good,D4142,Cloudy,22.5,76.0,26.32,Healthy
EV4143,MG Comet EV,MG,2023,17,92.5,2037-05-12 03:45:00,2037-05-12 04:21:00,0.6,Bangalore Station 1,Normal,32,8.4,165.0,100.8,Eco Drive,Bangalore,Completed,Good,D4143,Cloudy,22.5,76.0,26.32,Healthy
EV4144,MG ZS EV,MG,2023,50,95.1,2037-05-13 11:45:00,2037-05-13 13:38:00,1.88,Mangalore Station 2,Normal,31,35.2,93.0,422.4,Eco Drive,Mangalore,Completed,Good,D4144,Sunny,22.5,76.0,26.32,Healthy
EV4145,Tata Nexon EV,Tata,2023,40,92.8,2037-05-14 19:30:00,2037-05-14 20:00:00,0.5,Hubli Station 2,Fast,35,26.9,92.0,322.8,City EV,Hubli,Completed,Good,D4145,Cloudy,22.5,76.0,26.32,Healthy
EV4146,MG Comet EV,MG,2023,17,96.3,2037-05-15 05:00:00,2037-05-15 05:04:00,0.07,Mangalore Station 1,Fast,31,8.2,207.0,98.4,Eco Drive,Mangalore,Completed,Good,D4146,Sunny,22.5,76.0,26.32,Healthy
EV4147,Tata Nexon EV,Tata,2023,40,92.1,2037-05-16 19:30:00,2037-05-16 20:10:00,0.67,Mangalore Station 2,Fast,38,28.7,293.0,344.4,City EV,Mangalore,Completed,Good,D4147,Cloudy,22.5,76.0,26.32,Healthy
EV4148,BYD Atto 3,BYD,2023,60,93.2,2037-05-17 16:00:00,2037-05-17 17:59:00,1.98,Mangalore Station 2,Normal,27,33.9,78.0,406.8,Eco Drive,Mangalore,Completed,Good,D4148,Cloudy,22.5,76.0,26.32,Healthy
EV4149,MG ZS EV,MG,2023,50,91.0,2037-05-18 23:15:00,2037-05-19 00:48:00,1.55,Mysore Station 1,Normal,27,27.6,83.0,331.2,City EV,Mysore,Completed,Good,D4149,Cloudy,22.5,76.0,26.32,Healthy
EV4150,MG ZS EV,MG,2023,50,91.8,2037-05-19 18:00:00,2037-05-19 18:20:00,0.33,Hubli Station 1,Fast,32,11.9,308.0,142.80000000000001,Green Mobility,Hubli,Completed,Good,D4150,Sunny,22.5,76.0,26.32,Healthy
EV4151,Kia EV6,Kia,2023,77,96.1,2037-05-20 06:45:00,2037-05-20 07:48:00,1.05,Mangalore Station 1,Fast,31,53.8,62.0,645.6,City EV,Mangalore,Completed,Good,D4151,Sunny,22.5,76.0,26.32,Healthy
EV4152,Tata Punch EV,Tata,2023,35,93.0,2037-05-21 22:15:00,2037-05-21 23:46:00,1.52,Bangalore Station 2,Normal,31,26.9,264.0,322.8,EV Fleet India,Bangalore,Completed,Good,D4152,Cloudy,22.5,76.0,26.32,Healthy
EV4153,Mahindra XUV400,Mahindra,2023,39,96.7,2037-05-22 07:15:00,2037-05-22 07:50:00,0.58,Mangalore Station 1,Fast,38,24.4,122.0,292.8,City EV,Mangalore,Completed,Good,D4153,Cloudy,22.5,76.0,26.32,Healthy
EV4154,Tata Nexon EV,Tata,2023,40,94.0,2037-05-23 03:00:00,2037-05-23 03:17:00,0.28,Mangalore Station 2,Fast,30,10.3,233.0,123.6,Premium Fleet,Mangalore,Completed,Good,D4154,Sunny,22.5,76.0,26.32,Healthy
EV4155,Hyundai Kona EV,Hyundai,2023,39,91.5,2037-05-24 17:00:00,2037-05-24 17:57:00,0.95,Mysore Station 1,Normal,39,18.4,263.0,220.8,Premium Fleet,Mysore,Completed,Good,D4155,Rainy,22.5,76.0,26.32,Healthy
EV4156,Tata Curvv EV,Tata,2023,55,95.5,2037-05-25 08:00:00,2037-05-25 09:34:00,1.57,Hubli Station 2,Normal,35,26.7,211.0,320.39999999999998,Premium Fleet,Hubli,Completed,Good,D4156,Rainy,22.5,76.0,26.32,Healthy
EV4157,MG Comet EV,MG,2023,17,95.5,2037-05-26 00:45:00,2037-05-26 00:58:00,0.22,Mysore Station 2,Fast,30,11.9,214.0,142.80000000000001,City EV,Mysore,Completed,Good,D4157,Sunny,22.5,76.0,26.32,Healthy
EV4158,Kia EV6,Kia,2023,77,93.5,2037-05-27 03:15:00,2037-05-27 03:46:00,0.52,Mangalore Station 2,Fast,31,30.7,86.0,368.4,Eco Drive,Mangalore,Completed,Good,D4158,Sunny,22.5,76.0,26.32,Healthy
EV4159,Mahindra XUV400,Mahindra,2023,39,92.0,2037-05-28 23:00:00,2037-05-28 23:28:00,0.47,Belagavi Station 2,Fast,34,24.4,297.0,292.8,EV Fleet India,Belagavi,Completed,Good,D4159,Sunny,22.5,76.0,26.32,Healthy
EV4160,BYD Seal,BYD,2023,82,93.8,2037-05-29 19:00:00,2037-05-29 19:40:00,0.67,Bangalore Station 2,Fast,32,30.6,298.0,367.2,EV Fleet India,Bangalore,Completed,Good,D4160,Rainy,22.5,76.0,26.32,Healthy
EV4161,Mahindra XUV400,Mahindra,2023,39,91.8,2037-05-30 12:15:00,2037-05-30 12:54:00,0.65,Hubli Station 2,Fast,39,28.1,157.0,337.2,Eco Drive,Hubli,Completed,Good,D4161,Sunny,22.5,76.0,26.32,Healthy
EV4162,MG ZS EV,MG,2023,50,96.4,2037-05-31 18:30:00,2037-05-31 19:33:00,1.05,Hubli Station 1,Normal,30,16.7,109.0,200.4,City EV,Hubli,Completed,Good,D4162,Cloudy,22.5,76.0,26.32,Healthy
EV4163,Tata Punch EV,Tata,2023,35,91.1,2037-06-01 05:15:00,2037-06-01 06:47:00,1.53,Belagavi Station 2,Normal,34,27.0,329.0,324,Premium Fleet,Belagavi,Completed,Good,D4163,Cloudy,22.5,76.0,26.32,Healthy
EV4164,Tata Curvv EV,Tata,2023,55,91.4,2037-06-02 12:45:00,2037-06-02 13:20:00,0.58,Mangalore Station 2,Fast,35,29.5,217.0,354,Premium Fleet,Mangalore,Completed,Good,D4164,Sunny,22.5,76.0,26.32,Healthy
EV4165,Tata Punch EV,Tata,2023,35,93.6,2037-06-03 21:30:00,2037-06-03 21:56:00,0.43,Bangalore Station 1,Fast,27,18.5,277.0,222,Green Mobility,Bangalore,Completed,Good,D4165,Cloudy,22.5,76.0,26.32,Healthy
EV4166,BYD Seal,BYD,2023,82,93.6,2037-06-04 06:00:00,2037-06-04 09:21:00,3.35,Mysore Station 2,Normal,39,61.2,282.0,734.4,Premium Fleet,Mysore,Completed,Good,D4166,Rainy,22.5,76.0,26.32,Healthy
EV4167,BYD Seal,BYD,2023,82,91.2,2037-06-05 18:45:00,2037-06-05 20:32:00,1.78,Belagavi Station 2,Normal,38,31.9,126.0,382.8,Premium Fleet,Belagavi,Completed,Good,D4167,Rainy,22.5,76.0,26.32,Healthy
EV4168,Mahindra XUV400,Mahindra,2023,39,92.5,2037-06-06 18:45:00,2037-06-06 19:26:00,0.68,Belagavi Station 2,Normal,27,14.0,164.0,168,City EV,Belagavi,Completed,Good,D4168,Sunny,22.5,76.0,26.32,Healthy
EV4169,Mahindra XUV400,Mahindra,2023,39,93.8,2037-06-07 03:00:00,2037-06-07 03:36:00,0.6,Mangalore Station 2,Normal,34,10.0,113.0,120,EV Fleet India,Mangalore,Completed,Good,D4169,Rainy,22.5,76.0,26.32,Healthy
EV4170,MG Comet EV,MG,2023,17,92.2,2037-06-08 03:45:00,2037-06-08 04:03:00,0.3,Hubli Station 1,Normal,35,4.0,259.0,48,Eco Drive,Hubli,Completed,Good,D4170,Sunny,22.5,76.0,26.32,Healthy
EV4171,Tata Nexon EV,Tata,2023,40,96.6,2037-06-09 05:30:00,2037-06-09 06:01:00,0.52,Mysore Station 1,Fast,33,28.5,280.0,342,Green Mobility,Mysore,Completed,Good,D4171,Cloudy,22.5,76.0,26.32,Healthy
EV4172,Tata Curvv EV,Tata,2023,55,93.5,2037-06-10 13:30:00,2037-06-10 15:08:00,1.63,Bangalore Station 2,Normal,37,30.2,109.0,362.4,Green Mobility,Bangalore,Completed,Good,D4172,Sunny,22.5,76.0,26.32,Healthy
EV4173,Tata Punch EV,Tata,2023,35,92.9,2037-06-11 16:30:00,2037-06-11 18:00:00,1.5,Mangalore Station 1,Normal,37,25.5,128.0,306,Eco Drive,Mangalore,Completed,Good,D4173,Rainy,22.5,76.0,26.32,Healthy
EV4174,Tata Nexon EV,Tata,2023,40,93.3,2037-06-12 22:45:00,2037-06-12 23:18:00,0.55,Hubli Station 1,Normal,30,9.4,60.0,112.8,Green Mobility,Hubli,Completed,Good,D4174,Sunny,22.5,76.0,26.32,Healthy
EV4175,Kia EV6,Kia,2023,77,92.9,2037-06-13 17:00:00,2037-06-13 19:33:00,2.55,Bangalore Station 1,Normal,38,46.2,274.0,554.4,City EV,Bangalore,Completed,Good,D4175,Sunny,22.5,76.0,26.32,Healthy
EV4176,Mahindra XUV400,Mahindra,2023,39,92.5,2037-06-14 10:00:00,2037-06-14 11:21:00,1.35,Belagavi Station 2,Normal,31,21.9,191.0,262.8,EV Fleet India,Belagavi,Completed,Good,D4176,Rainy,22.5,76.0,26.32,Healthy
EV4177,Tata Curvv EV,Tata,2023,55,90.8,2037-06-15 16:15:00,2037-06-15 17:00:00,0.75,Bangalore Station 1,Fast,31,39.1,304.0,469.2,Premium Fleet,Bangalore,Completed,Good,D4177,Sunny,22.5,76.0,26.32,Healthy
EV4178,MG Comet EV,MG,2023,17,90.8,2037-06-16 21:30:00,2037-06-16 21:36:00,0.1,Hubli Station 2,Fast,34,7.0,156.0,84,EV Fleet India,Hubli,Completed,Good,D4178,Sunny,22.5,76.0,26.32,Healthy
EV4179,MG ZS EV,MG,2023,50,91.3,2037-06-17 04:45:00,2037-06-17 05:22:00,0.62,Mangalore Station 2,Fast,27,32.4,169.0,388.8,City EV,Mangalore,Completed,Good,D4179,Cloudy,22.5,76.0,26.32,Healthy
EV4180,MG Comet EV,MG,2023,17,90.7,2037-06-18 06:45:00,2037-06-18 06:59:00,0.23,Bangalore Station 1,Fast,33,6.5,348.0,78,City EV,Bangalore,Completed,Good,D4180,Cloudy,22.5,76.0,26.32,Healthy
EV4181,Tata Curvv EV,Tata,2023,55,91.2,2037-06-19 18:30:00,2037-06-19 19:45:00,1.25,Mangalore Station 1,Normal,32,21.6,67.0,259.2,Premium Fleet,Mangalore,Completed,Good,D4181,Cloudy,22.5,76.0,26.32,Healthy
EV4182,Kia EV6,Kia,2023,77,96.6,2037-06-20 01:45:00,2037-06-20 02:51:00,1.1,Hubli Station 2,Fast,29,52.9,175.0,634.79999999999995,Premium Fleet,Hubli,Completed,Good,D4182,Cloudy,22.5,76.0,26.32,Healthy
EV4183,Hyundai Kona EV,Hyundai,2023,39,90.8,2037-06-21 18:15:00,2037-06-21 19:16:00,1.02,Mysore Station 2,Normal,32,16.4,339.0,196.8,Eco Drive,Mysore,Completed,Good,D4183,Sunny,22.5,76.0,26.32,Healthy
EV4184,Tata Punch EV,Tata,2023,35,93.8,2037-06-22 19:15:00,2037-06-22 19:42:00,0.45,Bangalore Station 1,Fast,32,18.0,138.0,216,City EV,Bangalore,Completed,Good,D4184,Sunny,22.5,76.0,26.32,Healthy
EV4185,Tata Punch EV,Tata,2023,35,93.6,2037-06-23 08:30:00,2037-06-23 08:58:00,0.47,Mysore Station 1,Fast,37,27.7,237.0,332.4,Premium Fleet,Mysore,Completed,Good,D4185,Cloudy,22.5,76.0,26.32,Healthy
EV4186,Tata Punch EV,Tata,2023,35,95.4,2037-06-24 09:15:00,2037-06-24 10:32:00,1.28,Hubli Station 1,Normal,34,24.4,226.0,292.8,Green Mobility,Hubli,Completed,Good,D4186,Rainy,22.5,76.0,26.32,Healthy
EV4187,Tata Punch EV,Tata,2023,35,94.6,2037-06-25 09:15:00,2037-06-25 09:41:00,0.43,Bangalore Station 1,Fast,32,15.1,129.0,181.2,EV Fleet India,Bangalore,Completed,Good,D4187,Rainy,22.5,76.0,26.32,Healthy
EV4188,MG Comet EV,MG,2023,17,96.0,2037-06-26 04:45:00,2037-06-26 04:51:00,0.1,Bangalore Station 1,Fast,27,8.2,204.0,98.4,Premium Fleet,Bangalore,Completed,Good,D4188,Rainy,22.5,76.0,26.32,Healthy
EV4189,Tata Punch EV,Tata,2023,35,94.1,2037-06-27 11:00:00,2037-06-27 12:25:00,1.42,Hubli Station 2,Normal,33,24.2,82.0,290.39999999999998,EV Fleet India,Hubli,Completed,Good,D4189,Cloudy,22.5,76.0,26.32,Healthy
EV4190,Kia EV6,Kia,2023,77,94.5,2037-06-28 08:00:00,2037-06-28 10:57:00,2.95,Bangalore Station 2,Normal,36,53.8,281.0,645.6,Green Mobility,Bangalore,Completed,Good,D4190,Sunny,22.5,76.0,26.32,Healthy
EV4191,Tata Punch EV,Tata,2023,35,95.4,2037-06-29 15:45:00,2037-06-29 16:18:00,0.55,Bangalore Station 1,Fast,33,20.9,122.0,250.8,City EV,Bangalore,Completed,Good,D4191,Sunny,22.5,76.0,26.32,Healthy
EV4192,BYD Atto 3,BYD,2023,60,90.9,2037-06-30 14:45:00,2037-06-30 15:30:00,0.75,Bangalore Station 1,Fast,28,38.0,105.0,456,EV Fleet India,Bangalore,Completed,Good,D4192,Rainy,22.5,76.0,26.32,Healthy
EV4193,MG ZS EV,MG,2023,50,95.8,2037-07-01 09:45:00,2037-07-01 10:14:00,0.48,Mangalore Station 2,Fast,37,25.3,233.0,303.60000000000002,Green Mobility,Mangalore,Completed,Good,D4193,Sunny,22.5,76.0,26.32,Healthy
EV4194,Mahindra XUV400,Mahindra,2023,39,95.2,2037-07-02 19:30:00,2037-07-02 19:41:00,0.18,Mangalore Station 2,Fast,39,9.6,135.0,115.2,Eco Drive,Mangalore,Completed,Good,D4194,Sunny,22.5,76.0,26.32,Healthy
EV4195,MG ZS EV,MG,2023,50,96.3,2037-07-03 15:15:00,2037-07-03 15:42:00,0.45,Belagavi Station 2,Fast,39,23.5,91.0,282,Eco Drive,Belagavi,Completed,Good,D4195,Sunny,22.5,76.0,26.32,Healthy
EV4196,Kia EV6,Kia,2023,77,91.6,2037-07-04 03:45:00,2037-07-04 06:38:00,2.88,Bangalore Station 2,Normal,37,53.4,113.0,640.79999999999995,City EV,Bangalore,Completed,Good,D4196,Sunny,22.5,76.0,26.32,Healthy
EV4197,Hyundai Kona EV,Hyundai,2023,39,94.8,2037-07-05 09:30:00,2037-07-05 10:10:00,0.67,Mangalore Station 2,Normal,32,10.2,295.0,122.4,Green Mobility,Mangalore,Completed,Good,D4197,Rainy,22.5,76.0,26.32,Healthy
EV4198,Tata Curvv EV,Tata,2023,55,96.5,2037-07-06 10:15:00,2037-07-06 11:14:00,0.98,Belagavi Station 1,Normal,27,18.5,333.0,222,City EV,Belagavi,Completed,Good,D4198,Rainy,22.5,76.0,26.32,Healthy
EV4199,MG Comet EV,MG,2023,17,92.3,2037-07-07 13:00:00,2037-07-07 13:51:00,0.85,Bangalore Station 2,Normal,36,13.9,186.0,166.8,Eco Drive,Bangalore,Completed,Good,D4199,Sunny,22.5,76.0,26.32,Healthy
EV4200,Kia EV6,Kia,2023,77,92.0,2037-07-08 18:45:00,2037-07-08 19:12:00,0.45,Mangalore Station 2,Fast,37,22.0,111.0,264,City EV,Mangalore,Completed,Good,D4200,Sunny,22.5,76.0,26.32,Healthy
EV4201,Mahindra XUV400,Mahindra,2023,39,93.4,2037-07-09 16:00:00,2037-07-09 16:22:00,0.37,Mysore Station 1,Fast,37,12.7,185.0,152.4,City EV,Mysore,Completed,Good,D4201,Rainy,22.5,76.0,26.32,Healthy
EV4202,Tata Punch EV,Tata,2023,35,92.8,2037-07-10 08:45:00,2037-07-10 09:04:00,0.32,Hubli Station 2,Fast,29,13.9,117.0,166.8,Green Mobility,Hubli,Completed,Good,D4202,Rainy,22.5,76.0,26.32,Healthy
EV4203,BYD Atto 3,BYD,2023,60,91.1,2037-07-11 22:45:00,2037-07-11 23:40:00,0.92,Mangalore Station 1,Fast,32,41.1,84.0,493.2,Green Mobility,Mangalore,Completed,Good,D4203,Rainy,22.5,76.0,26.32,Healthy
EV4204,MG Comet EV,MG,2023,17,94.8,2037-07-12 07:15:00,2037-07-12 07:30:00,0.25,Hubli Station 1,Fast,32,10.3,64.0,123.6,EV Fleet India,Hubli,Completed,Good,D4204,Sunny,22.5,76.0,26.32,Healthy
EV4205,MG ZS EV,MG,2023,50,95.9,2037-07-13 05:45:00,2037-07-13 07:27:00,1.7,Hubli Station 1,Normal,28,31.6,222.0,379.2,Green Mobility,Hubli,Completed,Good,D4205,Sunny,22.5,76.0,26.32,Healthy
EV4206,MG Comet EV,MG,2023,17,94.1,2037-07-14 21:00:00,2037-07-14 21:15:00,0.25,Mysore Station 1,Fast,36,13.7,328.0,164.4,Premium Fleet,Mysore,Completed,Good,D4206,Rainy,22.5,76.0,26.32,Healthy
EV4207,BYD Seal,BYD,2023,82,95.2,2037-07-15 16:45:00,2037-07-15 18:25:00,1.67,Belagavi Station 1,Normal,38,30.2,295.0,362.4,City EV,Belagavi,Completed,Good,D4207,Sunny,22.5,76.0,26.32,Healthy
EV4208,Mahindra XUV400,Mahindra,2023,39,91.2,2037-07-16 06:15:00,2037-07-16 07:35:00,1.33,Mysore Station 2,Normal,32,22.3,231.0,267.60000000000002,EV Fleet India,Mysore,Completed,Good,D4208,Sunny,22.5,76.0,26.32,Healthy
EV4209,Mahindra XUV400,Mahindra,2023,39,93.9,2037-07-17 18:15:00,2037-07-17 18:51:00,0.6,Belagavi Station 1,Fast,34,24.3,302.0,291.60000000000002,Green Mobility,Belagavi,Completed,Good,D4209,Rainy,22.5,76.0,26.32,Healthy
EV4210,Mahindra XUV400,Mahindra,2023,39,94.9,2037-07-18 10:00:00,2037-07-18 10:35:00,0.58,Bangalore Station 1,Fast,29,30.3,270.0,363.6,EV Fleet India,Bangalore,Completed,Good,D4210,Sunny,22.5,76.0,26.32,Healthy
EV4211,MG ZS EV,MG,2023,50,95.3,2037-07-19 00:30:00,2037-07-19 00:51:00,0.35,Belagavi Station 2,Fast,27,15.8,71.0,189.6,Green Mobility,Belagavi,Completed,Good,D4211,Rainy,22.5,76.0,26.32,Healthy
EV4212,MG ZS EV,MG,2023,50,94.5,2037-07-20 02:00:00,2037-07-20 03:45:00,1.75,Belagavi Station 2,Normal,36,33.2,328.0,398.4,Green Mobility,Belagavi,Completed,Good,D4212,Cloudy,22.5,76.0,26.32,Healthy
EV4213,Tata Curvv EV,Tata,2023,55,94.4,2037-07-21 00:15:00,2037-07-21 00:42:00,0.45,Bangalore Station 1,Fast,33,17.1,85.0,205.2,Green Mobility,Bangalore,Completed,Good,D4213,Rainy,22.5,76.0,26.32,Healthy
EV4214,BYD Seal,BYD,2023,82,96.5,2037-07-22 13:00:00,2037-07-22 13:30:00,0.5,Bangalore Station 2,Fast,29,28.5,317.0,342,Green Mobility,Bangalore,Completed,Good,D4214,Cloudy,22.5,76.0,26.32,Healthy
EV4215,Kia EV6,Kia,2023,77,94.5,2037-07-23 10:45:00,2037-07-23 11:51:00,1.1,Hubli Station 2,Fast,33,48.4,312.0,580.79999999999995,City EV,Hubli,Completed,Good,D4215,Rainy,22.5,76.0,26.32,Healthy
EV4216,Hyundai Kona EV,Hyundai,2023,39,92.0,2037-07-24 10:00:00,2037-07-24 11:31:00,1.52,Mangalore Station 2,Normal,38,26.4,303.0,316.8,Premium Fleet,Mangalore,Completed,Good,D4216,Cloudy,22.5,76.0,26.32,Healthy
EV4217,Tata Curvv EV,Tata,2023,55,92.4,2037-07-25 22:15:00,2037-07-25 23:15:00,1.0,Mangalore Station 2,Fast,34,44.7,306.0,536.4,Green Mobility,Mangalore,Completed,Good,D4217,Cloudy,22.5,76.0,26.32,Healthy
EV4218,MG Comet EV,MG,2023,17,92.6,2037-07-26 06:30:00,2037-07-26 06:38:00,0.13,Hubli Station 2,Fast,36,11.1,170.0,133.19999999999999,Eco Drive,Hubli,Completed,Good,D4218,Cloudy,22.5,76.0,26.32,Healthy
EV4219,MG Comet EV,MG,2023,17,90.6,2037-07-27 22:30:00,2037-07-27 22:53:00,0.38,Bangalore Station 1,Normal,29,8.5,128.0,102,Premium Fleet,Bangalore,Completed,Good,D4219,Cloudy,22.5,76.0,26.32,Healthy
EV4220,BYD Seal,BYD,2023,82,92.9,2037-07-28 03:45:00,2037-07-28 05:39:00,1.9,Hubli Station 2,Normal,32,35.5,284.0,426,City EV,Hubli,Completed,Good,D4220,Sunny,22.5,76.0,26.32,Healthy
EV4221,BYD Atto 3,BYD,2023,60,96.5,2037-07-29 18:00:00,2037-07-29 18:19:00,0.32,Belagavi Station 1,Fast,30,20.1,164.0,241.2,Eco Drive,Belagavi,Completed,Good,D4221,Rainy,22.5,76.0,26.32,Healthy
EV4222,Tata Nexon EV,Tata,2023,40,94.6,2037-07-30 12:30:00,2037-07-30 13:08:00,0.63,Belagavi Station 2,Fast,27,27.2,208.0,326.39999999999998,Eco Drive,Belagavi,Completed,Good,D4222,Rainy,22.5,76.0,26.32,Healthy
EV4223,MG ZS EV,MG,2023,50,94.3,2037-07-31 05:15:00,2037-07-31 07:12:00,1.95,Mangalore Station 2,Normal,38,35.7,341.0,428.4,Green Mobility,Mangalore,Completed,Good,D4223,Sunny,22.5,76.0,26.32,Healthy
EV4224,Hyundai Kona EV,Hyundai,2023,39,91.7,2037-08-01 18:15:00,2037-08-01 19:21:00,1.1,Bangalore Station 2,Normal,31,20.4,251.0,244.8,EV Fleet India,Bangalore,Completed,Good,D4224,Sunny,22.5,76.0,26.32,Healthy
EV4225,MG Comet EV,MG,2023,17,92.8,2037-08-02 20:30:00,2037-08-02 21:11:00,0.68,Bangalore Station 2,Normal,34,10.0,74.0,120,EV Fleet India,Bangalore,Completed,Good,D4225,Sunny,22.5,76.0,26.32,Healthy
EV4226,MG ZS EV,MG,2023,50,94.4,2037-08-03 03:30:00,2037-08-03 03:59:00,0.48,Mangalore Station 2,Fast,35,18.2,294.0,218.4,Eco Drive,Mangalore,Completed,Good,D4226,Rainy,22.5,76.0,26.32,Healthy
EV4227,BYD Atto 3,BYD,2023,60,96.0,2037-08-04 01:30:00,2037-08-04 02:36:00,1.1,Hubli Station 2,Normal,39,19.3,66.0,231.6,Green Mobility,Hubli,Completed,Good,D4227,Sunny,22.5,76.0,26.32,Healthy
EV4228,MG ZS EV,MG,2023,50,95.0,2037-08-05 10:45:00,2037-08-05 12:06:00,1.35,Belagavi Station 1,Normal,35,22.8,110.0,273.60000000000002,Green Mobility,Belagavi,Completed,Good,D4228,Sunny,22.5,76.0,26.32,Healthy
EV4229,MG ZS EV,MG,2023,50,95.4,2037-08-06 15:15:00,2037-08-06 16:43:00,1.47,Bangalore Station 2,Normal,29,25.0,123.0,300,EV Fleet India,Bangalore,Completed,Good,D4229,Cloudy,22.5,76.0,26.32,Healthy
EV4230,BYD Atto 3,BYD,2023,60,94.3,2037-08-07 05:00:00,2037-08-07 05:59:00,0.98,Bangalore Station 2,Fast,39,44.9,120.0,538.79999999999995,City EV,Bangalore,Completed,Good,D4230,Cloudy,22.5,76.0,26.32,Healthy
EV4231,MG Comet EV,MG,2023,17,94.4,2037-08-08 12:00:00,2037-08-08 12:15:00,0.25,Hubli Station 2,Fast,35,9.9,292.0,118.8,EV Fleet India,Hubli,Completed,Good,D4231,Sunny,22.5,76.0,26.32,Healthy
EV4232,Tata Punch EV,Tata,2023,35,95.5,2037-08-09 12:30:00,2037-08-09 12:54:00,0.4,Mysore Station 2,Fast,33,24.1,279.0,289.2,Premium Fleet,Mysore,Completed,Good,D4232,Cloudy,22.5,76.0,26.32,Healthy
EV4233,BYD Atto 3,BYD,2023,60,93.3,2037-08-10 02:45:00,2037-08-10 03:02:00,0.28,Belagavi Station 2,Fast,29,17.2,92.0,206.4,City EV,Belagavi,Completed,Good,D4233,Rainy,22.5,76.0,26.32,Healthy
EV4234,Hyundai Kona EV,Hyundai,2023,39,93.2,2037-08-11 10:00:00,2037-08-11 11:41:00,1.68,Mangalore Station 2,Normal,31,29.1,210.0,349.2,Green Mobility,Mangalore,Completed,Good,D4234,Sunny,22.5,76.0,26.32,Healthy
EV4235,Tata Nexon EV,Tata,2023,40,94.2,2037-08-12 04:15:00,2037-08-12 04:42:00,0.45,Hubli Station 1,Fast,39,16.4,178.0,196.8,EV Fleet India,Hubli,Completed,Good,D4235,Cloudy,22.5,76.0,26.32,Healthy
EV4236,Tata Curvv EV,Tata,2023,55,95.2,2037-08-13 19:00:00,2037-08-13 19:44:00,0.73,Belagavi Station 2,Fast,30,37.3,114.0,447.6,Eco Drive,Belagavi,Completed,Good,D4236,Sunny,22.5,76.0,26.32,Healthy
EV4237,Mahindra XUV400,Mahindra,2023,39,94.7,2037-08-14 06:45:00,2037-08-14 08:01:00,1.27,Mysore Station 1,Normal,34,23.0,340.0,276,EV Fleet India,Mysore,Completed,Good,D4237,Cloudy,22.5,76.0,26.32,Healthy
EV4238,BYD Seal,BYD,2023,82,95.5,2037-08-15 19:00:00,2037-08-15 19:57:00,0.95,Mysore Station 2,Normal,30,17.1,207.0,205.2,Eco Drive,Mysore,Completed,Good,D4238,Rainy,22.5,76.0,26.32,Healthy
EV4239,Hyundai Kona EV,Hyundai,2023,39,92.1,2037-08-16 05:45:00,2037-08-16 06:06:00,0.35,Belagavi Station 2,Fast,38,20.2,346.0,242.4,Eco Drive,Belagavi,Completed,Good,D4239,Cloudy,22.5,76.0,26.32,Healthy
EV4240,Kia EV6,Kia,2023,77,95.6,2037-08-17 03:30:00,2037-08-17 04:41:00,1.18,Bangalore Station 1,Fast,29,58.5,187.0,702,Premium Fleet,Bangalore,Completed,Good,D4240,Sunny,22.5,76.0,26.32,Healthy
EV4241,BYD Seal,BYD,2023,82,94.5,2037-08-18 13:45:00,2037-08-18 15:39:00,1.9,Mangalore Station 1,Normal,36,32.0,230.0,384,EV Fleet India,Mangalore,Completed,Good,D4241,Sunny,22.5,76.0,26.32,Healthy
EV4242,Tata Nexon EV,Tata,2023,40,92.2,2037-08-19 02:30:00,2037-08-19 03:43:00,1.22,Bangalore Station 1,Normal,38,21.6,311.0,259.2,Eco Drive,Bangalore,Completed,Good,D4242,Rainy,22.5,76.0,26.32,Healthy
EV4243,Tata Nexon EV,Tata,2023,40,94.8,2037-08-20 14:30:00,2037-08-20 14:54:00,0.4,Mysore Station 1,Fast,28,17.4,299.0,208.8,EV Fleet India,Mysore,Completed,Good,D4243,Rainy,22.5,76.0,26.32,Healthy
EV4244,Tata Punch EV,Tata,2023,35,92.9,2037-08-21 02:45:00,2037-08-21 03:40:00,0.92,Hubli Station 1,Normal,29,14.8,267.0,177.6,Eco Drive,Hubli,Completed,Good,D4244,Rainy,22.5,76.0,26.32,Healthy
EV4245,MG Comet EV,MG,2023,17,93.6,2037-08-22 18:45:00,2037-08-22 18:55:00,0.17,Hubli Station 2,Fast,32,8.1,323.0,97.2,Green Mobility,Hubli,Completed,Good,D4245,Rainy,22.5,76.0,26.32,Healthy
EV4246,Mahindra XUV400,Mahindra,2023,39,96.6,2037-08-23 04:45:00,2037-08-23 05:04:00,0.32,Mangalore Station 1,Fast,32,12.4,143.0,148.80000000000001,Green Mobility,Mangalore,Completed,Good,D4246,Cloudy,22.5,76.0,26.32,Healthy
EV4247,MG Comet EV,MG,2023,17,93.9,2037-08-24 20:15:00,2037-08-24 20:19:00,0.07,Belagavi Station 1,Fast,27,7.2,201.0,86.4,EV Fleet India,Belagavi,Completed,Good,D4247,Rainy,22.5,76.0,26.32,Healthy
EV4248,Tata Nexon EV,Tata,2023,40,91.0,2037-08-25 08:45:00,2037-08-25 10:04:00,1.32,Belagavi Station 2,Normal,33,24.0,165.0,288,City EV,Belagavi,Completed,Good,D4248,Rainy,22.5,76.0,26.32,Healthy
EV4249,MG Comet EV,MG,2023,17,93.1,2037-08-26 06:15:00,2037-08-26 06:54:00,0.65,Hubli Station 1,Normal,33,11.9,151.0,142.80000000000001,Eco Drive,Hubli,Completed,Good,D4249,Rainy,22.5,76.0,26.32,Healthy
EV4250,Kia EV6,Kia,2023,77,96.1,2037-08-27 20:15:00,2037-08-27 22:58:00,2.72,Bangalore Station 2,Normal,29,50.2,143.0,602.4,Green Mobility,Bangalore,Completed,Good,D4250,Sunny,22.5,76.0,26.32,Healthy
EV4251,Tata Punch EV,Tata,2023,35,93.5,2037-08-28 07:45:00,2037-08-28 07:58:00,0.22,Mysore Station 1,Fast,28,11.8,99.0,141.6,Green Mobility,Mysore,Completed,Good,D4251,Cloudy,22.5,76.0,26.32,Healthy
EV4252,Tata Punch EV,Tata,2023,35,91.5,2037-08-29 04:15:00,2037-08-29 04:52:00,0.62,Belagavi Station 1,Fast,38,27.0,157.0,324,Premium Fleet,Belagavi,Completed,Good,D4252,Sunny,22.5,76.0,26.32,Healthy
EV4253,Tata Punch EV,Tata,2023,35,91.1,2037-08-30 05:00:00,2037-08-30 05:25:00,0.42,Belagavi Station 2,Fast,38,19.6,184.0,235.2,Green Mobility,Belagavi,Completed,Good,D4253,Sunny,22.5,76.0,26.32,Healthy
EV4254,BYD Seal,BYD,2023,82,93.1,2037-08-31 18:00:00,2037-08-31 19:18:00,1.3,Mangalore Station 1,Fast,29,60.9,63.0,730.8,Green Mobility,Mangalore,Completed,Good,D4254,Cloudy,22.5,76.0,26.32,Healthy
EV4255,Kia EV6,Kia,2023,77,94.6,2037-09-01 03:45:00,2037-09-01 04:29:00,0.73,Bangalore Station 1,Fast,34,39.0,323.0,468,Eco Drive,Bangalore,Completed,Good,D4255,Rainy,22.5,76.0,26.32,Healthy
EV4256,Hyundai Kona EV,Hyundai,2023,39,92.8,2037-09-02 00:45:00,2037-09-02 01:31:00,0.77,Mangalore Station 2,Normal,38,13.6,187.0,163.19999999999999,Eco Drive,Mangalore,Completed,Good,D4256,Rainy,22.5,76.0,26.32,Healthy
EV4257,BYD Atto 3,BYD,2023,60,91.6,2037-09-03 09:15:00,2037-09-03 09:39:00,0.4,Mysore Station 1,Fast,28,21.0,251.0,252,EV Fleet India,Mysore,Completed,Good,D4257,Cloudy,22.5,76.0,26.32,Healthy
EV4258,Hyundai Kona EV,Hyundai,2023,39,94.6,2037-09-04 08:30:00,2037-09-04 09:01:00,0.52,Hubli Station 2,Fast,35,28.2,335.0,338.4,Eco Drive,Hubli,Completed,Good,D4258,Cloudy,22.5,76.0,26.32,Healthy
EV4259,BYD Seal,BYD,2023,82,96.5,2037-09-05 19:15:00,2037-09-05 22:03:00,2.8,Belagavi Station 1,Normal,30,51.1,62.0,613.20000000000005,EV Fleet India,Belagavi,Completed,Good,D4259,Cloudy,22.5,76.0,26.32,Healthy
EV4260,Mahindra XUV400,Mahindra,2023,39,94.6,2037-09-06 19:00:00,2037-09-06 19:31:00,0.52,Belagavi Station 1,Fast,37,21.2,95.0,254.4,EV Fleet India,Belagavi,Completed,Good,D4260,Sunny,22.5,76.0,26.32,Healthy
EV4261,MG ZS EV,MG,2023,50,95.2,2037-09-07 06:30:00,2037-09-07 06:59:00,0.48,Bangalore Station 1,Fast,34,27.7,253.0,332.4,Eco Drive,Bangalore,Completed,Good,D4261,Rainy,22.5,76.0,26.32,Healthy
EV4262,MG ZS EV,MG,2023,50,91.7,2037-09-08 21:45:00,2037-09-08 23:13:00,1.47,Belagavi Station 2,Normal,32,24.3,333.0,291.60000000000002,Eco Drive,Belagavi,Completed,Good,D4262,Cloudy,22.5,76.0,26.32,Healthy
EV4263,Mahindra XUV400,Mahindra,2023,39,93.1,2037-09-09 06:00:00,2037-09-09 06:19:00,0.32,Mysore Station 1,Fast,28,17.4,120.0,208.8,City EV,Mysore,Completed,Good,D4263,Cloudy,22.5,76.0,26.32,Healthy
EV4264,Tata Nexon EV,Tata,2023,40,94.9,2037-09-10 23:45:00,2037-09-11 00:47:00,1.03,Bangalore Station 1,Normal,29,16.6,163.0,199.2,EV Fleet India,Bangalore,Completed,Good,D4264,Rainy,22.5,76.0,26.32,Healthy
EV4265,MG ZS EV,MG,2023,50,90.9,2037-09-11 18:30:00,2037-09-11 19:52:00,1.37,Belagavi Station 2,Normal,38,24.3,151.0,291.60000000000002,Premium Fleet,Belagavi,Completed,Good,D4265,Sunny,22.5,76.0,26.32,Healthy
EV4266,Kia EV6,Kia,2023,77,94.3,2037-09-12 06:15:00,2037-09-12 07:01:00,0.77,Belagavi Station 1,Fast,38,36.2,272.0,434.4,City EV,Belagavi,Completed,Good,D4266,Rainy,22.5,76.0,26.32,Healthy
EV4267,Hyundai Kona EV,Hyundai,2023,39,90.9,2037-09-13 21:00:00,2037-09-13 21:32:00,0.53,Mangalore Station 2,Fast,28,28.2,350.0,338.4,EV Fleet India,Mangalore,Completed,Good,D4267,Sunny,22.5,76.0,26.32,Healthy
EV4268,Tata Curvv EV,Tata,2023,55,92.9,2037-09-14 00:45:00,2037-09-14 01:25:00,0.67,Bangalore Station 1,Fast,27,30.2,140.0,362.4,Premium Fleet,Bangalore,Completed,Good,D4268,Cloudy,22.5,76.0,26.32,Healthy
EV4269,Hyundai Kona EV,Hyundai,2023,39,96.3,2037-09-15 19:00:00,2037-09-15 19:12:00,0.2,Mysore Station 1,Fast,29,10.8,121.0,129.6,Green Mobility,Mysore,Completed,Good,D4269,Rainy,22.5,76.0,26.32,Healthy
EV4270,Kia EV6,Kia,2023,77,95.8,2037-09-16 20:30:00,2037-09-16 21:06:00,0.6,Mysore Station 1,Fast,37,27.3,234.0,327.60000000000002,EV Fleet India,Mysore,Completed,Good,D4270,Sunny,22.5,76.0,26.32,Healthy
EV4271,Tata Nexon EV,Tata,2023,40,94.1,2037-09-17 18:30:00,2037-09-17 19:08:00,0.63,Bangalore Station 2,Fast,27,25.4,268.0,304.8,EV Fleet India,Bangalore,Completed,Good,D4271,Cloudy,22.5,76.0,26.32,Healthy
EV4272,Tata Nexon EV,Tata,2023,40,95.9,2037-09-18 00:00:00,2037-09-18 00:55:00,0.92,Mangalore Station 1,Normal,32,14.1,276.0,169.2,Green Mobility,Mangalore,Completed,Good,D4272,Cloudy,22.5,76.0,26.32,Healthy
EV4273,MG Comet EV,MG,2023,17,92.7,2037-09-19 02:15:00,2037-09-19 02:26:00,0.18,Mysore Station 2,Fast,28,8.2,83.0,98.4,Premium Fleet,Mysore,Completed,Good,D4273,Sunny,22.5,76.0,26.32,Healthy
EV4274,Mahindra XUV400,Mahindra,2023,39,95.2,2037-09-20 07:30:00,2037-09-20 08:05:00,0.58,Hubli Station 2,Fast,32,23.8,320.0,285.60000000000002,Premium Fleet,Hubli,Completed,Good,D4274,Sunny,22.5,76.0,26.32,Healthy
EV4275,Tata Punch EV,Tata,2023,35,95.8,2037-09-21 03:30:00,2037-09-21 03:47:00,0.28,Mysore Station 2,Fast,36,17.4,251.0,208.8,EV Fleet India,Mysore,Completed,Good,D4275,Rainy,22.5,76.0,26.32,Healthy
EV4276,BYD Atto 3,BYD,2023,60,93.7,2037-09-22 22:45:00,2037-09-22 23:26:00,0.68,Belagavi Station 1,Fast,31,32.8,265.0,393.6,Eco Drive,Belagavi,Completed,Good,D4276,Rainy,22.5,76.0,26.32,Healthy
EV4277,BYD Seal,BYD,2023,82,91.8,2037-09-23 12:45:00,2037-09-23 13:50:00,1.08,Mysore Station 1,Fast,30,51.4,204.0,616.79999999999995,EV Fleet India,Mysore,Completed,Good,D4277,Sunny,22.5,76.0,26.32,Healthy
EV4278,Kia EV6,Kia,2023,77,92.6,2037-09-24 02:00:00,2037-09-24 03:00:00,1.0,Bangalore Station 2,Normal,29,16.0,126.0,192,EV Fleet India,Bangalore,Completed,Good,D4278,Rainy,22.5,76.0,26.32,Healthy
EV4279,Kia EV6,Kia,2023,77,93.1,2037-09-25 03:00:00,2037-09-25 04:17:00,1.28,Belagavi Station 1,Fast,37,62.0,248.0,744,Eco Drive,Belagavi,Completed,Good,D4279,Cloudy,22.5,76.0,26.32,Healthy
EV4280,BYD Atto 3,BYD,2023,60,92.4,2037-09-26 05:30:00,2037-09-26 06:11:00,0.68,Mangalore Station 2,Fast,28,29.5,266.0,354,EV Fleet India,Mangalore,Completed,Good,D4280,Cloudy,22.5,76.0,26.32,Healthy
EV4281,Tata Nexon EV,Tata,2023,40,90.9,2037-09-27 05:45:00,2037-09-27 06:27:00,0.7,Mysore Station 2,Fast,28,28.8,222.0,345.6,Green Mobility,Mysore,Completed,Good,D4281,Sunny,22.5,76.0,26.32,Healthy
EV4282,Hyundai Kona EV,Hyundai,2023,39,92.6,2037-09-28 10:15:00,2037-09-28 11:43:00,1.47,Hubli Station 2,Normal,28,26.9,164.0,322.8,Green Mobility,Hubli,Completed,Good,D4282,Sunny,22.5,76.0,26.32,Healthy
EV4283,BYD Seal,BYD,2023,82,92.0,2037-09-29 04:45:00,2037-09-29 07:38:00,2.88,Hubli Station 2,Normal,28,50.8,262.0,609.6,EV Fleet India,Hubli,Completed,Good,D4283,Cloudy,22.5,76.0,26.32,Healthy
EV4284,Hyundai Kona EV,Hyundai,2023,39,92.3,2037-09-30 23:45:00,2037-10-01 01:21:00,1.6,Bangalore Station 2,Normal,34,30.0,83.0,360,City EV,Bangalore,Completed,Good,D4284,Cloudy,22.5,76.0,26.32,Healthy
EV4285,MG ZS EV,MG,2023,50,91.0,2037-10-01 12:30:00,2037-10-01 13:37:00,1.12,Mysore Station 2,Normal,27,18.5,139.0,222,Eco Drive,Mysore,Completed,Good,D4285,Rainy,22.5,76.0,26.32,Healthy
EV4286,MG ZS EV,MG,2023,50,92.9,2037-10-02 11:00:00,2037-10-02 12:34:00,1.57,Hubli Station 1,Normal,28,28.7,60.0,344.4,Premium Fleet,Hubli,Completed,Good,D4286,Cloudy,22.5,76.0,26.32,Healthy
EV4287,Kia EV6,Kia,2023,77,92.0,2037-10-03 03:15:00,2037-10-03 05:08:00,1.88,Bangalore Station 2,Normal,33,32.5,282.0,390,EV Fleet India,Bangalore,Completed,Good,D4287,Rainy,22.5,76.0,26.32,Healthy
EV4288,Tata Punch EV,Tata,2023,35,93.6,2037-10-04 15:15:00,2037-10-04 16:03:00,0.8,Mysore Station 1,Normal,27,14.8,189.0,177.6,Premium Fleet,Mysore,Completed,Good,D4288,Rainy,22.5,76.0,26.32,Healthy
EV4289,Tata Curvv EV,Tata,2023,55,95.5,2037-10-05 06:30:00,2037-10-05 06:56:00,0.43,Mangalore Station 1,Fast,35,22.2,291.0,266.39999999999998,Green Mobility,Mangalore,Completed,Good,D4289,Cloudy,22.5,76.0,26.32,Healthy
EV4290,BYD Seal,BYD,2023,82,93.1,2037-10-06 21:15:00,2037-10-06 23:13:00,1.97,Mangalore Station 1,Normal,33,34.6,206.0,415.2,City EV,Mangalore,Completed,Good,D4290,Rainy,22.5,76.0,26.32,Healthy
EV4291,Tata Nexon EV,Tata,2023,40,93.1,2037-10-07 19:15:00,2037-10-07 19:37:00,0.37,Hubli Station 1,Fast,35,19.8,105.0,237.6,Premium Fleet,Hubli,Completed,Good,D4291,Rainy,22.5,76.0,26.32,Healthy
EV4292,Kia EV6,Kia,2023,77,93.1,2037-10-08 15:00:00,2037-10-08 16:19:00,1.32,Hubli Station 2,Fast,38,62.9,129.0,754.8,City EV,Hubli,Completed,Good,D4292,Sunny,22.5,76.0,26.32,Healthy
EV4293,Tata Nexon EV,Tata,2023,40,93.2,2037-10-09 03:30:00,2037-10-09 05:18:00,1.8,Hubli Station 1,Normal,33,31.1,179.0,373.2,Eco Drive,Hubli,Completed,Good,D4293,Sunny,22.5,76.0,26.32,Healthy
EV4294,Tata Nexon EV,Tata,2023,40,94.5,2037-10-10 18:45:00,2037-10-10 19:24:00,0.65,Hubli Station 2,Fast,37,27.1,287.0,325.2,Premium Fleet,Hubli,Completed,Good,D4294,Rainy,22.5,76.0,26.32,Healthy
EV4295,Tata Nexon EV,Tata,2023,40,92.8,2037-10-11 17:00:00,2037-10-11 17:56:00,0.93,Mysore Station 2,Normal,39,17.7,131.0,212.4,Premium Fleet,Mysore,Completed,Good,D4295,Rainy,22.5,76.0,26.32,Healthy
EV4296,Kia EV6,Kia,2023,77,91.6,2037-10-12 05:45:00,2037-10-12 07:28:00,1.72,Hubli Station 1,Normal,27,31.0,232.0,372,EV Fleet India,Hubli,Completed,Good,D4296,Sunny,22.5,76.0,26.32,Healthy
EV4297,Hyundai Kona EV,Hyundai,2023,39,94.7,2037-10-13 09:15:00,2037-10-13 10:13:00,0.97,Mangalore Station 1,Normal,32,15.0,348.0,180,EV Fleet India,Mangalore,Completed,Good,D4297,Cloudy,22.5,76.0,26.32,Healthy
EV4298,BYD Atto 3,BYD,2023,60,91.4,2037-10-14 08:15:00,2037-10-14 09:06:00,0.85,Mysore Station 1,Fast,30,36.5,135.0,438,Eco Drive,Mysore,Completed,Good,D4298,Sunny,22.5,76.0,26.32,Healthy
EV4299,Mahindra XUV400,Mahindra,2023,39,95.2,2037-10-15 13:00:00,2037-10-15 13:25:00,0.42,Belagavi Station 1,Fast,36,19.6,214.0,235.2,Eco Drive,Belagavi,Completed,Good,D4299,Rainy,22.5,76.0,26.32,Healthy
EV4300,BYD Atto 3,BYD,2023,60,95.6,2037-10-16 11:45:00,2037-10-16 12:15:00,0.5,Hubli Station 2,Fast,37,18.7,346.0,224.4,Green Mobility,Hubli,Completed,Good,D4300,Cloudy,22.5,76.0,26.32,Healthy
EV4301,Hyundai Kona EV,Hyundai,2023,39,95.6,2037-10-17 21:15:00,2037-10-17 21:51:00,0.6,Mysore Station 1,Fast,28,25.3,310.0,303.60000000000002,Premium Fleet,Mysore,Completed,Good,D4301,Sunny,22.5,76.0,26.32,Healthy
EV4302,Kia EV6,Kia,2023,77,91.6,2037-10-18 05:30:00,2037-10-18 08:16:00,2.77,Belagavi Station 2,Normal,33,51.1,180.0,613.20000000000005,City EV,Belagavi,Completed,Good,D4302,Rainy,22.5,76.0,26.32,Healthy
EV4303,MG ZS EV,MG,2023,50,95.3,2037-10-19 05:45:00,2037-10-19 07:12:00,1.45,Mysore Station 1,Normal,35,27.5,260.0,330,City EV,Mysore,Completed,Good,D4303,Cloudy,22.5,76.0,26.32,Healthy
EV4304,Mahindra XUV400,Mahindra,2023,39,96.5,2037-10-20 18:00:00,2037-10-20 18:24:00,0.4,Hubli Station 1,Fast,32,17.7,282.0,212.4,City EV,Hubli,Completed,Good,D4304,Sunny,22.5,76.0,26.32,Healthy
EV4305,Tata Nexon EV,Tata,2023,40,91.4,2037-10-21 21:15:00,2037-10-21 21:26:00,0.18,Hubli Station 2,Fast,31,8.7,257.0,104.4,EV Fleet India,Hubli,Completed,Good,D4305,Rainy,22.5,76.0,26.32,Healthy
EV4306,Hyundai Kona EV,Hyundai,2023,39,91.8,2037-10-22 23:15:00,2037-10-22 23:41:00,0.43,Bangalore Station 2,Fast,31,15.4,234.0,184.8,EV Fleet India,Bangalore,Completed,Good,D4306,Rainy,22.5,76.0,26.32,Healthy
EV4307,MG ZS EV,MG,2023,50,92.4,2037-10-23 18:15:00,2037-10-23 18:44:00,0.48,Mangalore Station 1,Fast,31,26.2,280.0,314.39999999999998,EV Fleet India,Mangalore,Completed,Good,D4307,Cloudy,22.5,76.0,26.32,Healthy
EV4308,MG Comet EV,MG,2023,17,91.6,2037-10-24 12:45:00,2037-10-24 13:37:00,0.87,Mangalore Station 1,Normal,38,13.5,308.0,162,Green Mobility,Mangalore,Completed,Good,D4308,Rainy,22.5,76.0,26.32,Healthy
EV4309,Tata Curvv EV,Tata,2023,55,93.1,2037-10-25 15:15:00,2037-10-25 15:40:00,0.42,Mangalore Station 2,Fast,28,20.8,225.0,249.6,EV Fleet India,Mangalore,Completed,Good,D4309,Rainy,22.5,76.0,26.32,Healthy
EV4310,Hyundai Kona EV,Hyundai,2023,39,94.8,2037-10-26 10:30:00,2037-10-26 11:17:00,0.78,Bangalore Station 2,Fast,31,34.0,328.0,408,City EV,Bangalore,Completed,Good,D4310,Rainy,22.5,76.0,26.32,Healthy
EV4311,Mahindra XUV400,Mahindra,2023,39,92.3,2037-10-27 05:00:00,2037-10-27 05:32:00,0.53,Mysore Station 2,Normal,34,7.9,61.0,94.8,City EV,Mysore,Completed,Good,D4311,Cloudy,22.5,76.0,26.32,Healthy
EV4312,Mahindra XUV400,Mahindra,2023,39,92.4,2037-10-28 13:30:00,2037-10-28 13:40:00,0.17,Belagavi Station 1,Fast,34,11.0,63.0,132,Green Mobility,Belagavi,Completed,Good,D4312,Cloudy,22.5,76.0,26.32,Healthy
EV4313,Tata Curvv EV,Tata,2023,55,94.5,2037-10-29 18:30:00,2037-10-29 20:36:00,2.1,Bangalore Station 1,Normal,27,35.7,308.0,428.4,City EV,Bangalore,Completed,Good,D4313,Cloudy,22.5,76.0,26.32,Healthy
EV4314,Hyundai Kona EV,Hyundai,2023,39,95.0,2037-10-30 00:00:00,2037-10-30 00:06:00,0.1,Mangalore Station 1,Fast,37,8.4,75.0,100.8,Premium Fleet,Mangalore,Completed,Good,D4314,Rainy,22.5,76.0,26.32,Healthy
EV4315,Tata Punch EV,Tata,2023,35,91.8,2037-10-31 16:15:00,2037-10-31 16:46:00,0.52,Bangalore Station 2,Fast,39,22.7,332.0,272.39999999999998,Green Mobility,Bangalore,Completed,Good,D4315,Rainy,22.5,76.0,26.32,Healthy
EV4316,MG ZS EV,MG,2023,50,96.3,2037-11-01 07:15:00,2037-11-01 08:34:00,1.32,Mangalore Station 2,Normal,38,21.8,205.0,261.60000000000002,Green Mobility,Mangalore,Completed,Good,D4316,Sunny,22.5,76.0,26.32,Healthy
EV4317,MG ZS EV,MG,2023,50,96.2,2037-11-02 04:30:00,2037-11-02 04:56:00,0.43,Belagavi Station 2,Fast,39,17.6,143.0,211.2,Eco Drive,Belagavi,Completed,Good,D4317,Cloudy,22.5,76.0,26.32,Healthy
EV4318,Kia EV6,Kia,2023,77,94.8,2037-11-03 14:30:00,2037-11-03 15:41:00,1.18,Mysore Station 1,Fast,38,52.9,61.0,634.79999999999995,Premium Fleet,Mysore,Completed,Good,D4318,Rainy,22.5,76.0,26.32,Healthy
EV4319,Tata Nexon EV,Tata,2023,40,93.2,2037-11-04 12:30:00,2037-11-04 14:01:00,1.52,Mangalore Station 2,Normal,34,27.1,87.0,325.2,EV Fleet India,Mangalore,Completed,Good,D4319,Cloudy,22.5,76.0,26.32,Healthy
EV4320,Hyundai Kona EV,Hyundai,2023,39,96.2,2037-11-05 06:15:00,2037-11-05 06:30:00,0.25,Mangalore Station 1,Fast,27,13.7,283.0,164.4,Premium Fleet,Mangalore,Completed,Good,D4320,Sunny,22.5,76.0,26.32,Healthy
EV4321,Hyundai Kona EV,Hyundai,2023,39,91.7,2037-11-06 00:45:00,2037-11-06 02:05:00,1.33,Hubli Station 2,Normal,32,21.8,153.0,261.60000000000002,City EV,Hubli,Completed,Good,D4321,Rainy,22.5,76.0,26.32,Healthy
EV4322,Tata Nexon EV,Tata,2023,40,90.6,2037-11-07 16:30:00,2037-11-07 16:55:00,0.42,Bangalore Station 1,Fast,29,25.6,273.0,307.2,Eco Drive,Bangalore,Completed,Good,D4322,Rainy,22.5,76.0,26.32,Healthy
EV4323,Tata Curvv EV,Tata,2023,55,91.3,2037-11-08 22:30:00,2037-11-09 00:19:00,1.82,Belagavi Station 1,Normal,27,31.9,63.0,382.8,EV Fleet India,Belagavi,Completed,Good,D4323,Rainy,22.5,76.0,26.32,Healthy
EV4324,BYD Seal,BYD,2023,82,92.6,2037-11-09 13:45:00,2037-11-09 14:51:00,1.1,Hubli Station 1,Fast,34,55.4,147.0,664.8,Premium Fleet,Hubli,Completed,Good,D4324,Rainy,22.5,76.0,26.32,Healthy
EV4325,Hyundai Kona EV,Hyundai,2023,39,93.7,2037-11-10 15:00:00,2037-11-10 15:39:00,0.65,Bangalore Station 2,Fast,38,27.0,270.0,324,EV Fleet India,Bangalore,Completed,Good,D4325,Rainy,22.5,76.0,26.32,Healthy
EV4326,BYD Atto 3,BYD,2023,60,95.9,2037-11-11 23:30:00,2037-11-12 00:30:00,1.0,Mangalore Station 2,Fast,29,44.9,87.0,538.79999999999995,EV Fleet India,Mangalore,Completed,Good,D4326,Cloudy,22.5,76.0,26.32,Healthy
EV4327,Hyundai Kona EV,Hyundai,2023,39,91.3,2037-11-12 14:45:00,2037-11-12 15:22:00,0.62,Bangalore Station 2,Fast,32,27.8,318.0,333.6,EV Fleet India,Bangalore,Completed,Good,D4327,Cloudy,22.5,76.0,26.32,Healthy
EV4328,MG ZS EV,MG,2023,50,93.4,2037-11-13 03:30:00,2037-11-13 04:14:00,0.73,Belagavi Station 1,Fast,35,37.6,209.0,451.2,City EV,Belagavi,Completed,Good,D4328,Sunny,22.5,76.0,26.32,Healthy
EV4329,BYD Seal,BYD,2023,82,96.0,2037-11-14 20:30:00,2037-11-14 21:11:00,0.68,Belagavi Station 2,Fast,31,29.6,229.0,355.2,Premium Fleet,Belagavi,Completed,Good,D4329,Rainy,22.5,76.0,26.32,Healthy
EV4330,Kia EV6,Kia,2023,77,96.1,2037-11-15 18:45:00,2037-11-15 19:46:00,1.02,Hubli Station 1,Fast,35,53.3,175.0,639.6,EV Fleet India,Hubli,Completed,Good,D4330,Rainy,22.5,76.0,26.32,Healthy
EV4331,BYD Atto 3,BYD,2023,60,95.2,2037-11-16 14:45:00,2037-11-16 15:15:00,0.5,Hubli Station 2,Fast,30,18.9,252.0,226.8,City EV,Hubli,Completed,Good,D4331,Cloudy,22.5,76.0,26.32,Healthy
EV4332,Tata Nexon EV,Tata,2023,40,93.6,2037-11-17 10:15:00,2037-11-17 10:44:00,0.48,Bangalore Station 2,Fast,38,18.1,63.0,217.2,Green Mobility,Bangalore,Completed,Good,D4332,Cloudy,22.5,76.0,26.32,Healthy
EV4333,BYD Atto 3,BYD,2023,60,94.1,2037-11-18 02:15:00,2037-11-18 04:42:00,2.45,Mangalore Station 2,Normal,31,45.6,286.0,547.20000000000005,Green Mobility,Mangalore,Completed,Good,D4333,Sunny,22.5,76.0,26.32,Healthy
EV4334,MG ZS EV,MG,2023,50,93.8,2037-11-19 22:30:00,2037-11-19 23:06:00,0.6,Mysore Station 1,Fast,34,24.1,347.0,289.2,Premium Fleet,Mysore,Completed,Good,D4334,Cloudy,22.5,76.0,26.32,Healthy
EV4335,Tata Nexon EV,Tata,2023,40,94.1,2037-11-20 00:15:00,2037-11-20 00:31:00,0.27,Belagavi Station 1,Fast,30,17.1,105.0,205.2,City EV,Belagavi,Completed,Good,D4335,Rainy,22.5,76.0,26.32,Healthy
EV4336,MG Comet EV,MG,2023,17,95.0,2037-11-21 12:45:00,2037-11-21 13:18:00,0.55,Mangalore Station 1,Normal,34,9.5,248.0,114,City EV,Mangalore,Completed,Good,D4336,Rainy,22.5,76.0,26.32,Healthy
EV4337,BYD Atto 3,BYD,2023,60,93.8,2037-11-22 22:00:00,2037-11-22 22:33:00,0.55,Mangalore Station 1,Fast,31,24.2,255.0,290.39999999999998,Green Mobility,Mangalore,Completed,Good,D4337,Rainy,22.5,76.0,26.32,Healthy
EV4338,BYD Atto 3,BYD,2023,60,92.3,2037-11-23 10:30:00,2037-11-23 11:54:00,1.4,Bangalore Station 2,Normal,34,25.1,146.0,301.2,Premium Fleet,Bangalore,Completed,Good,D4338,Sunny,22.5,76.0,26.32,Healthy
EV4339,MG Comet EV,MG,2023,17,95.4,2037-11-24 16:15:00,2037-11-24 16:39:00,0.4,Belagavi Station 2,Normal,38,8.0,94.0,96,City EV,Belagavi,Completed,Good,D4339,Sunny,22.5,76.0,26.32,Healthy
EV4340,BYD Seal,BYD,2023,82,91.0,2037-11-25 19:30:00,2037-11-25 22:17:00,2.78,Mangalore Station 1,Normal,27,50.9,107.0,610.79999999999995,City EV,Mangalore,Completed,Good,D4340,Sunny,22.5,76.0,26.32,Healthy
EV4341,MG ZS EV,MG,2023,50,95.7,2037-11-26 02:30:00,2037-11-26 02:58:00,0.47,Bangalore Station 2,Fast,33,22.8,141.0,273.60000000000002,Green Mobility,Bangalore,Completed,Good,D4341,Sunny,22.5,76.0,26.32,Healthy
EV4342,Tata Punch EV,Tata,2023,35,90.6,2037-11-27 13:30:00,2037-11-27 14:26:00,0.93,Bangalore Station 1,Normal,28,18.2,98.0,218.4,Premium Fleet,Bangalore,Completed,Good,D4342,Cloudy,22.5,76.0,26.32,Healthy
EV4343,MG Comet EV,MG,2023,17,92.1,2037-11-28 00:00:00,2037-11-28 00:26:00,0.43,Belagavi Station 2,Normal,35,7.6,124.0,91.2,EV Fleet India,Belagavi,Completed,Good,D4343,Sunny,22.5,76.0,26.32,Healthy
EV4344,Kia EV6,Kia,2023,77,94.4,2037-11-29 21:45:00,2037-11-29 23:03:00,1.3,Mysore Station 1,Fast,39,59.4,222.0,712.8,Eco Drive,Mysore,Completed,Good,D4344,Sunny,22.5,76.0,26.32,Healthy
EV4345,Mahindra XUV400,Mahindra,2023,39,96.1,2037-11-30 04:15:00,2037-11-30 05:31:00,1.27,Mysore Station 1,Normal,30,23.2,343.0,278.39999999999998,Green Mobility,Mysore,Completed,Good,D4345,Sunny,22.5,76.0,26.32,Healthy
EV4346,BYD Seal,BYD,2023,82,93.4,2037-12-01 05:45:00,2037-12-01 07:56:00,2.18,Bangalore Station 1,Normal,34,37.5,305.0,450,Eco Drive,Bangalore,Completed,Good,D4346,Cloudy,22.5,76.0,26.32,Healthy
EV4347,BYD Seal,BYD,2023,82,90.7,2037-12-02 05:00:00,2037-12-02 05:56:00,0.93,Mangalore Station 1,Fast,35,49.1,323.0,589.20000000000005,Eco Drive,Mangalore,Completed,Good,D4347,Cloudy,22.5,76.0,26.32,Healthy
EV4348,Kia EV6,Kia,2023,77,91.2,2037-12-03 01:30:00,2037-12-03 02:08:00,0.63,Mysore Station 2,Fast,27,34.0,326.0,408,Green Mobility,Mysore,Completed,Good,D4348,Sunny,22.5,76.0,26.32,Healthy
EV4349,MG Comet EV,MG,2023,17,93.7,2037-12-04 08:15:00,2037-12-04 08:28:00,0.22,Belagavi Station 1,Fast,35,9.2,335.0,110.4,Eco Drive,Belagavi,Completed,Good,D4349,Rainy,22.5,76.0,26.32,Healthy
EV4350,Hyundai Kona EV,Hyundai,2023,39,92.9,2037-12-05 06:45:00,2037-12-05 07:05:00,0.33,Belagavi Station 2,Fast,32,19.7,292.0,236.4,City EV,Belagavi,Completed,Good,D4350,Sunny,22.5,76.0,26.32,Healthy
EV4351,Tata Punch EV,Tata,2023,35,90.7,2037-12-06 10:00:00,2037-12-06 10:20:00,0.33,Mangalore Station 2,Fast,34,12.7,297.0,152.4,Eco Drive,Mangalore,Completed,Good,D4351,Cloudy,22.5,76.0,26.32,Healthy
EV4352,Hyundai Kona EV,Hyundai,2023,39,94.6,2037-12-07 10:45:00,2037-12-07 11:25:00,0.67,Hubli Station 2,Fast,31,28.5,95.0,342,Eco Drive,Hubli,Completed,Good,D4352,Cloudy,22.5,76.0,26.32,Healthy
EV4353,Mahindra XUV400,Mahindra,2023,39,92.1,2037-12-08 14:15:00,2037-12-08 14:48:00,0.55,Mangalore Station 1,Fast,27,22.6,295.0,271.2,Premium Fleet,Mangalore,Completed,Good,D4353,Cloudy,22.5,76.0,26.32,Healthy
EV4354,MG ZS EV,MG,2023,50,91.4,2037-12-09 07:30:00,2037-12-09 09:56:00,2.43,Mangalore Station 2,Normal,38,42.2,346.0,506.4,Premium Fleet,Mangalore,Completed,Good,D4354,Rainy,22.5,76.0,26.32,Healthy
EV4355,Tata Punch EV,Tata,2023,35,91.7,2037-12-10 22:30:00,2037-12-10 23:53:00,1.38,Belagavi Station 2,Normal,38,22.6,302.0,271.2,Premium Fleet,Belagavi,Completed,Good,D4355,Cloudy,22.5,76.0,26.32,Healthy
EV4356,Tata Curvv EV,Tata,2023,55,92.6,2037-12-11 12:15:00,2037-12-11 14:15:00,2.0,Mysore Station 2,Normal,35,37.7,292.0,452.4,Premium Fleet,Mysore,Completed,Good,D4356,Cloudy,22.5,76.0,26.32,Healthy
EV4357,Tata Curvv EV,Tata,2023,55,94.1,2037-12-12 21:45:00,2037-12-12 23:37:00,1.87,Hubli Station 1,Normal,35,32.5,284.0,390,City EV,Hubli,Completed,Good,D4357,Cloudy,22.5,76.0,26.32,Healthy
EV4358,BYD Atto 3,BYD,2023,60,93.9,2037-12-13 18:45:00,2037-12-13 19:32:00,0.78,Mangalore Station 2,Fast,34,41.3,280.0,495.6,Premium Fleet,Mangalore,Completed,Good,D4358,Cloudy,22.5,76.0,26.32,Healthy
EV4359,Tata Nexon EV,Tata,2023,40,94.7,2037-12-14 17:45:00,2037-12-14 18:17:00,0.53,Belagavi Station 1,Fast,30,26.4,323.0,316.8,Green Mobility,Belagavi,Completed,Good,D4359,Cloudy,22.5,76.0,26.32,Healthy
EV4360,Tata Punch EV,Tata,2023,35,94.1,2037-12-15 18:45:00,2037-12-15 19:04:00,0.32,Belagavi Station 1,Fast,36,12.5,233.0,150,City EV,Belagavi,Completed,Good,D4360,Sunny,22.5,76.0,26.32,Healthy
EV4361,BYD Atto 3,BYD,2023,60,93.6,2037-12-16 02:30:00,2037-12-16 04:27:00,1.95,Bangalore Station 2,Normal,39,34.7,131.0,416.4,Green Mobility,Bangalore,Completed,Good,D4361,Sunny,22.5,76.0,26.32,Healthy
EV4362,Tata Nexon EV,Tata,2023,40,95.9,2037-12-17 08:15:00,2037-12-17 09:11:00,0.93,Mysore Station 2,Normal,36,15.2,135.0,182.4,Green Mobility,Mysore,Completed,Good,D4362,Sunny,22.5,76.0,26.32,Healthy
EV4363,Tata Curvv EV,Tata,2023,55,92.7,2037-12-18 11:45:00,2037-12-18 12:18:00,0.55,Mysore Station 2,Fast,34,28.7,307.0,344.4,Green Mobility,Mysore,Completed,Good,D4363,Cloudy,22.5,76.0,26.32,Healthy
EV4364,Tata Nexon EV,Tata,2023,40,90.7,2037-12-19 08:45:00,2037-12-19 09:17:00,0.53,Bangalore Station 1,Fast,38,24.2,336.0,290.39999999999998,Eco Drive,Bangalore,Completed,Good,D4364,Sunny,22.5,76.0,26.32,Healthy
EV4365,Kia EV6,Kia,2023,77,95.6,2037-12-20 21:45:00,2037-12-20 22:26:00,0.68,Bangalore Station 2,Fast,37,37.9,315.0,454.8,Eco Drive,Bangalore,Completed,Good,D4365,Sunny,22.5,76.0,26.32,Healthy
EV4366,Mahindra XUV400,Mahindra,2023,39,95.1,2037-12-21 00:15:00,2037-12-21 00:30:00,0.25,Hubli Station 1,Fast,35,14.1,114.0,169.2,Green Mobility,Hubli,Completed,Good,D4366,Cloudy,22.5,76.0,26.32,Healthy
EV4367,Tata Punch EV,Tata,2023,35,94.5,2037-12-22 01:45:00,2037-12-22 02:07:00,0.37,Hubli Station 1,Fast,36,22.6,317.0,271.2,EV Fleet India,Hubli,Completed,Good,D4367,Sunny,22.5,76.0,26.32,Healthy
EV4368,MG Comet EV,MG,2023,17,95.2,2037-12-23 02:30:00,2037-12-23 02:39:00,0.15,Hubli Station 2,Fast,35,11.5,240.0,138,City EV,Hubli,Completed,Good,D4368,Cloudy,22.5,76.0,26.32,Healthy
EV4369,Tata Curvv EV,Tata,2023,55,95.3,2037-12-24 09:30:00,2037-12-24 10:10:00,0.67,Bangalore Station 2,Fast,29,35.0,299.0,420,City EV,Bangalore,Completed,Good,D4369,Rainy,22.5,76.0,26.32,Healthy
EV4370,Tata Punch EV,Tata,2023,35,91.0,2037-12-25 02:00:00,2037-12-25 02:38:00,0.63,Hubli Station 1,Normal,38,12.2,79.0,146.4,Premium Fleet,Hubli,Completed,Good,D4370,Cloudy,22.5,76.0,26.32,Healthy
EV4371,Tata Curvv EV,Tata,2023,55,96.2,2037-12-26 21:15:00,2037-12-26 22:11:00,0.93,Mysore Station 2,Fast,36,41.6,138.0,499.2,City EV,Mysore,Completed,Good,D4371,Rainy,22.5,76.0,26.32,Healthy
EV4372,Tata Curvv EV,Tata,2023,55,90.7,2037-12-27 16:15:00,2037-12-27 17:36:00,1.35,Belagavi Station 1,Normal,38,23.6,130.0,283.2,EV Fleet India,Belagavi,Completed,Good,D4372,Sunny,22.5,76.0,26.32,Healthy
EV4373,Mahindra XUV400,Mahindra,2023,39,95.5,2037-12-28 13:00:00,2037-12-28 13:32:00,0.53,Bangalore Station 2,Fast,28,27.7,334.0,332.4,Green Mobility,Bangalore,Completed,Good,D4373,Rainy,22.5,76.0,26.32,Healthy
EV4374,Mahindra XUV400,Mahindra,2023,39,92.1,2037-12-29 15:00:00,2037-12-29 15:20:00,0.33,Belagavi Station 1,Fast,32,21.2,152.0,254.4,Green Mobility,Belagavi,Completed,Good,D4374,Sunny,22.5,76.0,26.32,Healthy
EV4375,Mahindra XUV400,Mahindra,2023,39,94.6,2037-12-30 11:15:00,2037-12-30 12:41:00,1.43,Hubli Station 1,Normal,31,27.3,245.0,327.60000000000002,EV Fleet India,Hubli,Completed,Good,D4375,Sunny,22.5,76.0,26.32,Healthy
EV4376,Tata Nexon EV,Tata,2023,40,93.5,2037-12-31 16:15:00,2037-12-31 16:50:00,0.58,Mysore Station 1,Fast,36,29.9,256.0,358.8,Premium Fleet,Mysore,Completed,Good,D4376,Cloudy,22.5,76.0,26.32,Healthy
EV4377,Tata Punch EV,Tata,2023,35,92.7,2038-01-01 05:15:00,2038-01-01 05:35:00,0.33,Mysore Station 2,Fast,34,11.8,103.0,141.6,EV Fleet India,Mysore,Completed,Good,D4377,Cloudy,22.5,76.0,26.32,Healthy
EV4378,Hyundai Kona EV,Hyundai,2023,39,95.0,2038-01-02 12:15:00,2038-01-02 12:47:00,0.53,Belagavi Station 2,Fast,37,23.9,154.0,286.8,Green Mobility,Belagavi,Completed,Good,D4378,Cloudy,22.5,76.0,26.32,Healthy
EV4379,Tata Nexon EV,Tata,2023,40,92.5,2038-01-03 23:30:00,2038-01-03 23:59:00,0.48,Mangalore Station 2,Fast,39,22.5,252.0,270,City EV,Mangalore,Completed,Good,D4379,Sunny,22.5,76.0,26.32,Healthy
EV4380,Tata Curvv EV,Tata,2023,55,90.5,2038-01-04 19:15:00,2038-01-04 20:22:00,1.12,Mysore Station 2,Normal,27,20.4,121.0,244.8,Eco Drive,Mysore,Completed,Good,D4380,Rainy,22.5,76.0,26.32,Healthy
EV4381,Mahindra XUV400,Mahindra,2023,39,93.2,2038-01-05 22:00:00,2038-01-05 22:24:00,0.4,Hubli Station 1,Fast,33,19.4,345.0,232.8,Green Mobility,Hubli,Completed,Good,D4381,Cloudy,22.5,76.0,26.32,Healthy
EV4382,MG ZS EV,MG,2023,50,93.2,2038-01-06 12:00:00,2038-01-06 13:11:00,1.18,Mysore Station 2,Normal,39,19.7,320.0,236.4,Green Mobility,Mysore,Completed,Good,D4382,Cloudy,22.5,76.0,26.32,Healthy
EV4383,Tata Nexon EV,Tata,2023,40,90.9,2038-01-07 20:00:00,2038-01-07 21:10:00,1.17,Mangalore Station 2,Normal,30,21.5,336.0,258,Premium Fleet,Mangalore,Completed,Good,D4383,Sunny,22.5,76.0,26.32,Healthy
EV4384,Mahindra XUV400,Mahindra,2023,39,91.2,2038-01-08 12:00:00,2038-01-08 12:48:00,0.8,Hubli Station 1,Normal,32,15.2,92.0,182.4,Premium Fleet,Hubli,Completed,Good,D4384,Rainy,22.5,76.0,26.32,Healthy
EV4385,Tata Curvv EV,Tata,2023,55,91.6,2038-01-09 05:45:00,2038-01-09 07:05:00,1.33,Mangalore Station 2,Normal,38,22.5,273.0,270,EV Fleet India,Mangalore,Completed,Good,D4385,Sunny,22.5,76.0,26.32,Healthy
EV4386,Hyundai Kona EV,Hyundai,2023,39,90.6,2038-01-10 02:15:00,2038-01-10 03:47:00,1.53,Bangalore Station 2,Normal,32,26.2,92.0,314.39999999999998,Premium Fleet,Bangalore,Completed,Good,D4386,Cloudy,22.5,76.0,26.32,Healthy
EV4387,MG Comet EV,MG,2023,17,94.5,2038-01-11 23:15:00,2038-01-11 23:49:00,0.57,Hubli Station 2,Normal,39,11.3,91.0,135.6,Eco Drive,Hubli,Completed,Good,D4387,Sunny,22.5,76.0,26.32,Healthy
EV4388,Tata Curvv EV,Tata,2023,55,92.2,2038-01-12 07:15:00,2038-01-12 08:40:00,1.42,Bangalore Station 2,Normal,33,26.6,290.0,319.2,Green Mobility,Bangalore,Completed,Good,D4388,Rainy,22.5,76.0,26.32,Healthy
EV4389,Tata Nexon EV,Tata,2023,40,92.6,2038-01-13 16:30:00,2038-01-13 16:45:00,0.25,Hubli Station 1,Fast,28,11.5,317.0,138,EV Fleet India,Hubli,Completed,Good,D4389,Rainy,22.5,76.0,26.32,Healthy
EV4390,Tata Punch EV,Tata,2023,35,94.3,2038-01-14 07:45:00,2038-01-14 08:16:00,0.52,Mangalore Station 1,Fast,36,27.7,73.0,332.4,EV Fleet India,Mangalore,Completed,Good,D4390,Sunny,22.5,76.0,26.32,Healthy
EV4391,Tata Punch EV,Tata,2023,35,93.5,2038-01-15 20:00:00,2038-01-15 20:27:00,0.45,Belagavi Station 1,Fast,36,16.3,319.0,195.6,Premium Fleet,Belagavi,Completed,Good,D4391,Rainy,22.5,76.0,26.32,Healthy
EV4392,MG Comet EV,MG,2023,17,96.0,2038-01-16 20:15:00,2038-01-16 20:48:00,0.55,Hubli Station 1,Normal,32,7.7,318.0,92.4,Green Mobility,Hubli,Completed,Good,D4392,Rainy,22.5,76.0,26.32,Healthy
EV4393,Tata Curvv EV,Tata,2023,55,91.5,2038-01-17 03:45:00,2038-01-17 04:58:00,1.22,Mangalore Station 2,Normal,28,22.4,141.0,268.8,EV Fleet India,Mangalore,Completed,Good,D4393,Rainy,22.5,76.0,26.32,Healthy
EV4394,Tata Punch EV,Tata,2023,35,92.1,2038-01-18 13:00:00,2038-01-18 13:17:00,0.28,Mysore Station 2,Fast,39,9.0,242.0,108,City EV,Mysore,Completed,Good,D4394,Sunny,22.5,76.0,26.32,Healthy
EV4395,Tata Curvv EV,Tata,2023,55,95.8,2038-01-19 20:30:00,2038-01-19 22:19:00,1.82,Mysore Station 1,Normal,29,31.8,75.0,381.6,City EV,Mysore,Completed,Good,D4395,Cloudy,22.5,76.0,26.32,Healthy
EV4396,Hyundai Kona EV,Hyundai,2023,39,95.7,2038-01-20 07:30:00,2038-01-20 07:58:00,0.47,Mangalore Station 1,Fast,35,18.7,104.0,224.4,Green Mobility,Mangalore,Completed,Good,D4396,Cloudy,22.5,76.0,26.32,Healthy
EV4397,Mahindra XUV400,Mahindra,2023,39,91.0,2038-01-21 03:00:00,2038-01-21 03:12:00,0.2,Hubli Station 2,Fast,29,14.1,99.0,169.2,Green Mobility,Hubli,Completed,Good,D4397,Rainy,22.5,76.0,26.32,Healthy
EV4398,BYD Seal,BYD,2023,82,95.4,2038-01-22 03:00:00,2038-01-22 03:28:00,0.47,Bangalore Station 1,Fast,27,24.5,342.0,294,City EV,Bangalore,Completed,Good,D4398,Rainy,22.5,76.0,26.32,Healthy
EV4399,Tata Curvv EV,Tata,2023,55,92.7,2038-01-23 02:45:00,2038-01-23 03:33:00,0.8,Mangalore Station 2,Fast,36,39.8,180.0,477.6,Green Mobility,Mangalore,Completed,Good,D4399,Cloudy,22.5,76.0,26.32,Healthy
EV4400,Kia EV6,Kia,2023,77,90.7,2038-01-24 20:45:00,2038-01-24 21:54:00,1.15,Bangalore Station 1,Fast,27,56.5,280.0,678,Green Mobility,Bangalore,Completed,Good,D4400,Rainy,22.5,76.0,26.32,Healthy
EV4401,Tata Nexon EV,Tata,2023,40,92.8,2038-01-25 18:00:00,2038-01-25 18:16:00,0.27,Mysore Station 2,Fast,37,17.6,75.0,211.2,EV Fleet India,Mysore,Completed,Good,D4401,Cloudy,22.5,76.0,26.32,Healthy
EV4402,Tata Nexon EV,Tata,2023,40,92.1,2038-01-26 02:30:00,2038-01-26 03:05:00,0.58,Mysore Station 2,Fast,27,24.8,267.0,297.60000000000002,City EV,Mysore,Completed,Good,D4402,Cloudy,22.5,76.0,26.32,Healthy
EV4403,Mahindra XUV400,Mahindra,2023,39,90.9,2038-01-27 19:45:00,2038-01-27 21:12:00,1.45,Mysore Station 1,Normal,31,24.2,285.0,290.39999999999998,EV Fleet India,Mysore,Completed,Good,D4403,Sunny,22.5,76.0,26.32,Healthy
EV4404,Tata Punch EV,Tata,2023,35,92.3,2038-01-28 23:30:00,2038-01-28 23:48:00,0.3,Belagavi Station 2,Fast,38,12.8,73.0,153.6,EV Fleet India,Belagavi,Completed,Good,D4404,Rainy,22.5,76.0,26.32,Healthy
EV4405,Tata Curvv EV,Tata,2023,55,91.6,2038-01-29 07:45:00,2038-01-29 08:26:00,0.68,Hubli Station 1,Normal,39,12.5,340.0,150,City EV,Hubli,Completed,Good,D4405,Sunny,22.5,76.0,26.32,Healthy
EV4406,Kia EV6,Kia,2023,77,92.1,2038-01-30 16:30:00,2038-01-30 17:35:00,1.08,Belagavi Station 1,Fast,33,57.6,98.0,691.2,Premium Fleet,Belagavi,Completed,Good,D4406,Cloudy,22.5,76.0,26.32,Healthy
EV4407,MG Comet EV,MG,2023,17,95.0,2038-01-31 03:30:00,2038-01-31 03:45:00,0.25,Belagavi Station 1,Normal,35,5.2,274.0,62.4,Premium Fleet,Belagavi,Completed,Good,D4407,Cloudy,22.5,76.0,26.32,Healthy
EV4408,BYD Seal,BYD,2023,82,96.0,2038-02-01 21:15:00,2038-02-01 22:11:00,0.93,Mangalore Station 2,Fast,38,50.3,73.0,603.6,Eco Drive,Mangalore,Completed,Good,D4408,Cloudy,22.5,76.0,26.32,Healthy
EV4409,Tata Nexon EV,Tata,2023,40,93.6,2038-02-02 13:45:00,2038-02-02 14:57:00,1.2,Hubli Station 2,Normal,33,21.1,121.0,253.2,Premium Fleet,Hubli,Completed,Good,D4409,Rainy,22.5,76.0,26.32,Healthy
EV4410,MG Comet EV,MG,2023,17,95.5,2038-02-03 10:15:00,2038-02-03 10:28:00,0.22,Mysore Station 2,Fast,28,7.3,201.0,87.6,City EV,Mysore,Completed,Good,D4410,Rainy,22.5,76.0,26.32,Healthy
EV4411,Tata Punch EV,Tata,2023,35,92.2,2038-02-04 12:00:00,2038-02-04 12:22:00,0.37,Bangalore Station 2,Fast,28,13.5,328.0,162,City EV,Bangalore,Completed,Good,D4411,Sunny,22.5,76.0,26.32,Healthy
EV4412,Tata Curvv EV,Tata,2023,55,94.1,2038-02-05 08:45:00,2038-02-05 09:34:00,0.82,Belagavi Station 2,Fast,39,36.9,349.0,442.8,Green Mobility,Belagavi,Completed,Good,D4412,Sunny,22.5,76.0,26.32,Healthy
EV4413,Tata Curvv EV,Tata,2023,55,93.4,2038-02-06 05:15:00,2038-02-06 06:05:00,0.83,Mysore Station 2,Fast,30,36.5,341.0,438,EV Fleet India,Mysore,Completed,Good,D4413,Rainy,22.5,76.0,26.32,Healthy
EV4414,Tata Punch EV,Tata,2023,35,95.3,2038-02-07 17:45:00,2038-02-07 18:12:00,0.45,Mangalore Station 2,Fast,34,24.6,347.0,295.2,Eco Drive,Mangalore,Completed,Good,D4414,Rainy,22.5,76.0,26.32,Healthy
EV4415,MG Comet EV,MG,2023,17,93.8,2038-02-08 00:45:00,2038-02-08 01:20:00,0.58,Hubli Station 2,Normal,34,11.4,201.0,136.80000000000001,City EV,Hubli,Completed,Good,D4415,Rainy,22.5,76.0,26.32,Healthy
EV4416,Tata Nexon EV,Tata,2023,40,94.2,2038-02-09 09:30:00,2038-02-09 09:56:00,0.43,Mysore Station 1,Normal,29,8.1,311.0,97.2,EV Fleet India,Mysore,Completed,Good,D4416,Rainy,22.5,76.0,26.32,Healthy
EV4417,Tata Punch EV,Tata,2023,35,92.3,2038-02-10 23:45:00,2038-02-11 00:16:00,0.52,Belagavi Station 2,Fast,30,20.1,330.0,241.2,City EV,Belagavi,Completed,Good,D4417,Sunny,22.5,76.0,26.32,Healthy
EV4418,Tata Nexon EV,Tata,2023,40,94.7,2038-02-11 19:15:00,2038-02-11 20:03:00,0.8,Belagavi Station 2,Fast,28,34.3,150.0,411.6,City EV,Belagavi,Completed,Good,D4418,Sunny,22.5,76.0,26.32,Healthy
EV4419,Tata Punch EV,Tata,2023,35,95.7,2038-02-12 01:00:00,2038-02-12 01:27:00,0.45,Hubli Station 1,Fast,27,17.0,209.0,204,City EV,Hubli,Completed,Good,D4419,Sunny,22.5,76.0,26.32,Healthy
EV4420,Hyundai Kona EV,Hyundai,2023,39,92.4,2038-02-13 06:30:00,2038-02-13 06:45:00,0.25,Belagavi Station 2,Fast,34,12.1,113.0,145.19999999999999,Premium Fleet,Belagavi,Completed,Good,D4420,Cloudy,22.5,76.0,26.32,Healthy
EV4421,MG ZS EV,MG,2023,50,96.2,2038-02-14 01:15:00,2038-02-14 01:42:00,0.45,Hubli Station 2,Fast,34,25.8,334.0,309.60000000000002,Eco Drive,Hubli,Completed,Good,D4421,Cloudy,22.5,76.0,26.32,Healthy
EV4422,Mahindra XUV400,Mahindra,2023,39,90.8,2038-02-15 00:45:00,2038-02-15 01:09:00,0.4,Mysore Station 1,Fast,37,19.0,118.0,228,EV Fleet India,Mysore,Completed,Good,D4422,Rainy,22.5,76.0,26.32,Healthy
EV4423,Tata Curvv EV,Tata,2023,55,92.8,2038-02-16 09:45:00,2038-02-16 10:14:00,0.48,Mangalore Station 1,Fast,34,26.1,229.0,313.2,Premium Fleet,Mangalore,Completed,Good,D4423,Rainy,22.5,76.0,26.32,Healthy
EV4424,Hyundai Kona EV,Hyundai,2023,39,90.8,2038-02-17 15:15:00,2038-02-17 16:25:00,1.17,Bangalore Station 1,Normal,28,22.5,95.0,270,Premium Fleet,Bangalore,Completed,Good,D4424,Rainy,22.5,76.0,26.32,Healthy
EV4425,MG ZS EV,MG,2023,50,94.1,2038-02-18 07:45:00,2038-02-18 08:14:00,0.48,Bangalore Station 1,Fast,34,26.0,270.0,312,EV Fleet India,Bangalore,Completed,Good,D4425,Rainy,22.5,76.0,26.32,Healthy
EV4426,MG ZS EV,MG,2023,50,90.7,2038-02-19 14:15:00,2038-02-19 14:52:00,0.62,Hubli Station 2,Fast,38,34.1,255.0,409.2,Eco Drive,Hubli,Completed,Good,D4426,Cloudy,22.5,76.0,26.32,Healthy
EV4427,Tata Punch EV,Tata,2023,35,94.5,2038-02-20 00:00:00,2038-02-20 00:31:00,0.52,Hubli Station 1,Fast,28,20.2,333.0,242.4,Eco Drive,Hubli,Completed,Good,D4427,Rainy,22.5,76.0,26.32,Healthy
EV4428,Mahindra XUV400,Mahindra,2023,39,95.6,2038-02-21 14:30:00,2038-02-21 14:49:00,0.32,Hubli Station 2,Fast,34,15.6,261.0,187.2,Eco Drive,Hubli,Completed,Good,D4428,Rainy,22.5,76.0,26.32,Healthy
EV4429,MG ZS EV,MG,2023,50,94.5,2038-02-22 17:45:00,2038-02-22 18:17:00,0.53,Mangalore Station 2,Fast,34,28.8,207.0,345.6,EV Fleet India,Mangalore,Completed,Good,D4429,Sunny,22.5,76.0,26.32,Healthy
EV4430,Tata Curvv EV,Tata,2023,55,94.2,2038-02-23 06:15:00,2038-02-23 07:06:00,0.85,Bangalore Station 2,Fast,35,44.3,157.0,531.6,City EV,Bangalore,Completed,Good,D4430,Rainy,22.5,76.0,26.32,Healthy
EV4431,Hyundai Kona EV,Hyundai,2023,39,96.0,2038-02-24 06:15:00,2038-02-24 07:43:00,1.47,Mangalore Station 2,Normal,30,24.4,135.0,292.8,Eco Drive,Mangalore,Completed,Good,D4431,Cloudy,22.5,76.0,26.32,Healthy
EV4432,Tata Nexon EV,Tata,2023,40,92.6,2038-02-25 04:00:00,2038-02-25 04:25:00,0.42,Bangalore Station 2,Fast,33,15.2,213.0,182.4,City EV,Bangalore,Completed,Good,D4432,Cloudy,22.5,76.0,26.32,Healthy
EV4433,Kia EV6,Kia,2023,77,91.8,2038-02-26 14:15:00,2038-02-26 17:08:00,2.88,Mysore Station 2,Normal,27,53.5,252.0,642,EV Fleet India,Mysore,Completed,Good,D4433,Cloudy,22.5,76.0,26.32,Healthy
EV4434,Tata Punch EV,Tata,2023,35,91.1,2038-02-27 07:15:00,2038-02-27 07:50:00,0.58,Mysore Station 1,Fast,35,25.2,191.0,302.39999999999998,City EV,Mysore,Completed,Good,D4434,Cloudy,22.5,76.0,26.32,Healthy
EV4435,Mahindra XUV400,Mahindra,2023,39,95.4,2038-02-28 17:45:00,2038-02-28 19:20:00,1.58,Mangalore Station 1,Normal,33,26.6,90.0,319.2,City EV,Mangalore,Completed,Good,D4435,Rainy,22.5,76.0,26.32,Healthy
EV4436,Mahindra XUV400,Mahindra,2023,39,93.4,2038-03-01 07:45:00,2038-03-01 08:50:00,1.08,Hubli Station 1,Normal,38,19.5,173.0,234,City EV,Hubli,Completed,Good,D4436,Rainy,22.5,76.0,26.32,Healthy
EV4437,Hyundai Kona EV,Hyundai,2023,39,94.6,2038-03-02 03:15:00,2038-03-02 04:30:00,1.25,Hubli Station 2,Normal,39,23.2,93.0,278.39999999999998,EV Fleet India,Hubli,Completed,Good,D4437,Rainy,22.5,76.0,26.32,Healthy
EV4438,Hyundai Kona EV,Hyundai,2023,39,95.2,2038-03-03 03:00:00,2038-03-03 03:37:00,0.62,Belagavi Station 2,Normal,36,12.8,88.0,153.6,EV Fleet India,Belagavi,Completed,Good,D4438,Rainy,22.5,76.0,26.32,Healthy
EV4439,Kia EV6,Kia,2023,77,92.9,2038-03-04 15:00:00,2038-03-04 17:19:00,2.32,Mysore Station 1,Normal,31,40.2,246.0,482.4,Premium Fleet,Mysore,Completed,Good,D4439,Rainy,22.5,76.0,26.32,Healthy
EV4440,Kia EV6,Kia,2023,77,91.0,2038-03-05 20:30:00,2038-03-05 21:13:00,0.72,Hubli Station 1,Fast,39,33.4,266.0,400.8,Green Mobility,Hubli,Completed,Good,D4440,Sunny,22.5,76.0,26.32,Healthy
EV4441,Mahindra XUV400,Mahindra,2023,39,93.3,2038-03-06 19:00:00,2038-03-06 19:27:00,0.45,Mangalore Station 2,Fast,31,25.8,212.0,309.60000000000002,Eco Drive,Mangalore,Completed,Good,D4441,Sunny,22.5,76.0,26.32,Healthy
EV4442,MG Comet EV,MG,2023,17,92.4,2038-03-07 02:45:00,2038-03-07 03:24:00,0.65,Hubli Station 2,Normal,30,13.4,317.0,160.80000000000001,EV Fleet India,Hubli,Completed,Good,D4442,Sunny,22.5,76.0,26.32,Healthy
EV4443,BYD Atto 3,BYD,2023,60,92.3,2038-03-08 21:15:00,2038-03-08 22:05:00,0.83,Bangalore Station 2,Fast,30,42.5,280.0,510,Green Mobility,Bangalore,Completed,Good,D4443,Sunny,22.5,76.0,26.32,Healthy
EV4444,BYD Atto 3,BYD,2023,60,95.0,2038-03-09 19:15:00,2038-03-09 20:15:00,1.0,Hubli Station 2,Normal,30,17.3,116.0,207.6,Green Mobility,Hubli,Completed,Good,D4444,Rainy,22.5,76.0,26.32,Healthy
EV4445,MG Comet EV,MG,2023,17,91.3,2038-03-10 20:00:00,2038-03-10 20:34:00,0.57,Mysore Station 2,Normal,34,8.0,86.0,96,Eco Drive,Mysore,Completed,Good,D4445,Rainy,22.5,76.0,26.32,Healthy
EV4446,MG ZS EV,MG,2023,50,91.9,2038-03-11 03:45:00,2038-03-11 04:20:00,0.58,Mysore Station 1,Fast,34,26.7,259.0,320.39999999999998,EV Fleet India,Mysore,Completed,Good,D4446,Sunny,22.5,76.0,26.32,Healthy
EV4447,Tata Curvv EV,Tata,2023,55,93.8,2038-03-12 18:45:00,2038-03-12 19:21:00,0.6,Belagavi Station 1,Fast,37,23.7,204.0,284.39999999999998,Green Mobility,Belagavi,Completed,Good,D4447,Sunny,22.5,76.0,26.32,Healthy
EV4448,MG Comet EV,MG,2023,17,90.5,2038-03-13 07:30:00,2038-03-13 07:34:00,0.07,Hubli Station 1,Fast,31,6.9,149.0,82.8,Eco Drive,Hubli,Completed,Good,D4448,Sunny,22.5,76.0,26.32,Healthy
EV4449,Tata Nexon EV,Tata,2023,40,94.6,2038-03-14 12:45:00,2038-03-14 13:16:00,0.52,Bangalore Station 1,Fast,31,27.0,147.0,324,City EV,Bangalore,Completed,Good,D4449,Sunny,22.5,76.0,26.32,Healthy
EV4450,BYD Atto 3,BYD,2023,60,92.6,2038-03-15 15:15:00,2038-03-15 15:32:00,0.28,Hubli Station 1,Fast,31,15.3,299.0,183.6,City EV,Hubli,Completed,Good,D4450,Rainy,22.5,76.0,26.32,Healthy
EV4451,BYD Seal,BYD,2023,82,94.5,2038-03-16 09:30:00,2038-03-16 11:18:00,1.8,Hubli Station 1,Normal,32,33.5,230.0,402,Green Mobility,Hubli,Completed,Good,D4451,Cloudy,22.5,76.0,26.32,Healthy
EV4452,BYD Atto 3,BYD,2023,60,91.0,2038-03-17 07:15:00,2038-03-17 09:31:00,2.27,Belagavi Station 1,Normal,39,42.0,316.0,504,Premium Fleet,Belagavi,Completed,Good,D4452,Rainy,22.5,76.0,26.32,Healthy
EV4453,Kia EV6,Kia,2023,77,90.9,2038-03-18 15:15:00,2038-03-18 15:48:00,0.55,Bangalore Station 2,Fast,31,31.1,289.0,373.2,City EV,Bangalore,Completed,Good,D4453,Rainy,22.5,76.0,26.32,Healthy
EV4454,Tata Curvv EV,Tata,2023,55,94.5,2038-03-19 12:45:00,2038-03-19 14:53:00,2.13,Belagavi Station 2,Normal,32,36.6,176.0,439.2,Green Mobility,Belagavi,Completed,Good,D4454,Sunny,22.5,76.0,26.32,Healthy
EV4455,Tata Nexon EV,Tata,2023,40,92.4,2038-03-20 01:30:00,2038-03-20 02:59:00,1.48,Belagavi Station 2,Normal,27,28.4,127.0,340.8,Green Mobility,Belagavi,Completed,Good,D4455,Sunny,22.5,76.0,26.32,Healthy
EV4456,BYD Atto 3,BYD,2023,60,92.8,2038-03-21 20:15:00,2038-03-21 20:38:00,0.38,Hubli Station 2,Fast,28,20.6,140.0,247.2,EV Fleet India,Hubli,Completed,Good,D4456,Cloudy,22.5,76.0,26.32,Healthy
EV4457,BYD Seal,BYD,2023,82,92.3,2038-03-22 09:15:00,2038-03-22 10:32:00,1.28,Mysore Station 1,Fast,28,60.5,145.0,726,Premium Fleet,Mysore,Completed,Good,D4457,Rainy,22.5,76.0,26.32,Healthy
EV4458,Kia EV6,Kia,2023,77,92.2,2038-03-23 16:45:00,2038-03-23 19:46:00,3.02,Mangalore Station 1,Normal,27,55.6,138.0,667.2,City EV,Mangalore,Completed,Good,D4458,Cloudy,22.5,76.0,26.32,Healthy
EV4459,Tata Nexon EV,Tata,2023,40,92.6,2038-03-24 19:15:00,2038-03-24 21:14:00,1.98,Mysore Station 1,Normal,27,34.1,103.0,409.2,City EV,Mysore,Completed,Good,D4459,Rainy,22.5,76.0,26.32,Healthy
EV4460,MG ZS EV,MG,2023,50,95.2,2038-03-25 22:45:00,2038-03-25 23:35:00,0.83,Mangalore Station 1,Normal,36,13.8,180.0,165.6,Eco Drive,Mangalore,Completed,Good,D4460,Rainy,22.5,76.0,26.32,Healthy
EV4461,Tata Curvv EV,Tata,2023,55,96.3,2038-03-26 18:15:00,2038-03-26 19:43:00,1.47,Hubli Station 1,Normal,35,25.0,190.0,300,EV Fleet India,Hubli,Completed,Good,D4461,Cloudy,22.5,76.0,26.32,Healthy
EV4462,BYD Seal,BYD,2023,82,91.8,2038-03-27 11:30:00,2038-03-27 13:23:00,1.88,Belagavi Station 2,Normal,27,35.0,234.0,420,Eco Drive,Belagavi,Completed,Good,D4462,Rainy,22.5,76.0,26.32,Healthy
EV4463,MG Comet EV,MG,2023,17,92.7,2038-03-28 19:00:00,2038-03-28 19:13:00,0.22,Belagavi Station 1,Fast,31,5.1,225.0,61.2,Green Mobility,Belagavi,Completed,Good,D4463,Sunny,22.5,76.0,26.32,Healthy
EV4464,BYD Seal,BYD,2023,82,92.0,2038-03-29 16:15:00,2038-03-29 17:13:00,0.97,Bangalore Station 2,Fast,27,45.8,135.0,549.6,Premium Fleet,Bangalore,Completed,Good,D4464,Rainy,22.5,76.0,26.32,Healthy
EV4465,BYD Seal,BYD,2023,82,92.0,2038-03-30 15:30:00,2038-03-30 16:10:00,0.67,Bangalore Station 2,Fast,30,30.0,325.0,360,EV Fleet India,Bangalore,Completed,Good,D4465,Cloudy,22.5,76.0,26.32,Healthy
EV4466,Mahindra XUV400,Mahindra,2023,39,92.7,2038-03-31 07:30:00,2038-03-31 08:01:00,0.52,Belagavi Station 1,Fast,39,29.0,321.0,348,Eco Drive,Belagavi,Completed,Good,D4466,Sunny,22.5,76.0,26.32,Healthy
EV4467,MG Comet EV,MG,2023,17,95.6,2038-04-01 09:00:00,2038-04-01 09:30:00,0.5,Belagavi Station 2,Normal,37,7.5,335.0,90,Premium Fleet,Belagavi,Completed,Good,D4467,Cloudy,22.5,76.0,26.32,Healthy
EV4468,BYD Atto 3,BYD,2023,60,95.4,2038-04-02 17:30:00,2038-04-02 18:16:00,0.77,Bangalore Station 1,Fast,39,32.4,78.0,388.8,Green Mobility,Bangalore,Completed,Good,D4468,Sunny,22.5,76.0,26.32,Healthy
EV4469,BYD Atto 3,BYD,2023,60,95.1,2038-04-03 10:45:00,2038-04-03 11:38:00,0.88,Belagavi Station 1,Fast,29,40.2,316.0,482.4,Green Mobility,Belagavi,Completed,Good,D4469,Rainy,22.5,76.0,26.32,Healthy
EV4470,BYD Atto 3,BYD,2023,60,90.8,2038-04-04 20:15:00,2038-04-04 21:58:00,1.72,Bangalore Station 1,Normal,29,32.2,80.0,386.4,EV Fleet India,Bangalore,Completed,Good,D4470,Rainy,22.5,76.0,26.32,Healthy
EV4471,Tata Curvv EV,Tata,2023,55,95.4,2038-04-05 21:00:00,2038-04-05 21:22:00,0.37,Belagavi Station 1,Fast,31,13.9,317.0,166.8,EV Fleet India,Belagavi,Completed,Good,D4471,Sunny,22.5,76.0,26.32,Healthy
EV4472,MG Comet EV,MG,2023,17,93.3,2038-04-06 17:00:00,2038-04-06 17:15:00,0.25,Hubli Station 1,Normal,38,6.1,103.0,73.2,City EV,Hubli,Completed,Good,D4472,Cloudy,22.5,76.0,26.32,Healthy
EV4473,MG ZS EV,MG,2023,50,92.4,2038-04-07 06:15:00,2038-04-07 07:17:00,1.03,Belagavi Station 1,Normal,35,17.4,299.0,208.8,Premium Fleet,Belagavi,Completed,Good,D4473,Sunny,22.5,76.0,26.32,Healthy
EV4474,MG ZS EV,MG,2023,50,95.2,2038-04-08 04:00:00,2038-04-08 04:32:00,0.53,Mangalore Station 2,Fast,32,27.8,154.0,333.6,Eco Drive,Mangalore,Completed,Good,D4474,Rainy,22.5,76.0,26.32,Healthy
EV4475,Hyundai Kona EV,Hyundai,2023,39,91.9,2038-04-09 15:00:00,2038-04-09 15:34:00,0.57,Belagavi Station 1,Fast,38,22.2,185.0,266.39999999999998,Eco Drive,Belagavi,Completed,Good,D4475,Sunny,22.5,76.0,26.32,Healthy
EV4476,Tata Curvv EV,Tata,2023,55,93.8,2038-04-10 19:45:00,2038-04-10 20:13:00,0.47,Mangalore Station 1,Fast,32,23.9,217.0,286.8,City EV,Mangalore,Completed,Good,D4476,Sunny,22.5,76.0,26.32,Healthy
EV4477,Tata Curvv EV,Tata,2023,55,95.2,2038-04-11 00:00:00,2038-04-11 00:18:00,0.3,Hubli Station 1,Fast,34,13.9,119.0,166.8,Eco Drive,Hubli,Completed,Good,D4477,Sunny,22.5,76.0,26.32,Healthy
EV4478,Tata Nexon EV,Tata,2023,40,90.5,2038-04-12 09:00:00,2038-04-12 09:20:00,0.33,Mysore Station 1,Fast,34,20.1,176.0,241.2,Green Mobility,Mysore,Completed,Good,D4478,Sunny,22.5,76.0,26.32,Healthy
EV4479,MG ZS EV,MG,2023,50,91.6,2038-04-13 19:00:00,2038-04-13 19:27:00,0.45,Mangalore Station 2,Fast,36,16.8,183.0,201.6,Green Mobility,Mangalore,Completed,Good,D4479,Rainy,22.5,76.0,26.32,Healthy
EV4480,BYD Seal,BYD,2023,82,90.4,2038-04-14 13:45:00,2038-04-14 14:18:00,0.55,Mysore Station 2,Fast,34,30.6,289.0,367.2,EV Fleet India,Mysore,Completed,Good,D4480,Cloudy,22.5,76.0,26.32,Healthy
EV4481,BYD Atto 3,BYD,2023,60,95.3,2038-04-15 02:45:00,2038-04-15 03:13:00,0.47,Belagavi Station 1,Fast,34,22.5,232.0,270,City EV,Belagavi,Completed,Good,D4481,Cloudy,22.5,76.0,26.32,Healthy
EV4482,Hyundai Kona EV,Hyundai,2023,39,96.2,2038-04-16 15:30:00,2038-04-16 16:33:00,1.05,Mysore Station 1,Normal,29,20.1,347.0,241.2,Eco Drive,Mysore,Completed,Good,D4482,Cloudy,22.5,76.0,26.32,Healthy
EV4483,Tata Curvv EV,Tata,2023,55,91.6,2038-04-17 02:15:00,2038-04-17 02:39:00,0.4,Mangalore Station 1,Fast,37,23.6,121.0,283.2,Eco Drive,Mangalore,Completed,Good,D4483,Rainy,22.5,76.0,26.32,Healthy
EV4484,MG ZS EV,MG,2023,50,93.1,2038-04-18 22:45:00,2038-04-19 00:55:00,2.17,Bangalore Station 1,Normal,31,37.8,195.0,453.6,City EV,Bangalore,Completed,Good,D4484,Sunny,22.5,76.0,26.32,Healthy
EV4485,MG ZS EV,MG,2023,50,96.3,2038-04-19 09:45:00,2038-04-19 10:10:00,0.42,Mysore Station 1,Fast,31,25.8,111.0,309.60000000000002,City EV,Mysore,Completed,Good,D4485,Cloudy,22.5,76.0,26.32,Healthy
EV4486,Tata Curvv EV,Tata,2023,55,93.2,2038-04-20 11:15:00,2038-04-20 11:35:00,0.33,Bangalore Station 2,Fast,39,20.9,144.0,250.8,Green Mobility,Bangalore,Completed,Good,D4486,Cloudy,22.5,76.0,26.32,Healthy
EV4487,BYD Seal,BYD,2023,82,91.9,2038-04-21 12:45:00,2038-04-21 14:08:00,1.38,Mangalore Station 1,Fast,37,63.3,137.0,759.6,Eco Drive,Mangalore,Completed,Good,D4487,Sunny,22.5,76.0,26.32,Healthy
EV4488,MG Comet EV,MG,2023,17,95.8,2038-04-22 18:30:00,2038-04-22 18:46:00,0.27,Belagavi Station 2,Fast,36,11.5,79.0,138,Eco Drive,Belagavi,Completed,Good,D4488,Sunny,22.5,76.0,26.32,Healthy
EV4489,BYD Seal,BYD,2023,82,95.5,2038-04-23 11:45:00,2038-04-23 13:00:00,1.25,Mysore Station 2,Fast,34,57.7,231.0,692.4,EV Fleet India,Mysore,Completed,Good,D4489,Rainy,22.5,76.0,26.32,Healthy
EV4490,Tata Curvv EV,Tata,2023,55,94.5,2038-04-24 08:45:00,2038-04-24 10:24:00,1.65,Mysore Station 2,Normal,34,29.9,108.0,358.8,Premium Fleet,Mysore,Completed,Good,D4490,Rainy,22.5,76.0,26.32,Healthy
EV4491,BYD Seal,BYD,2023,82,91.4,2038-04-25 19:00:00,2038-04-25 20:06:00,1.1,Belagavi Station 2,Fast,39,51.5,340.0,618,Premium Fleet,Belagavi,Completed,Good,D4491,Sunny,22.5,76.0,26.32,Healthy
EV4492,BYD Seal,BYD,2023,82,93.3,2038-04-26 06:45:00,2038-04-26 10:24:00,3.65,Mysore Station 2,Normal,36,64.7,97.0,776.4,EV Fleet India,Mysore,Completed,Good,D4492,Rainy,22.5,76.0,26.32,Healthy
EV4493,Tata Punch EV,Tata,2023,35,94.4,2038-04-27 12:30:00,2038-04-27 13:41:00,1.18,Mysore Station 1,Normal,27,19.3,116.0,231.6,EV Fleet India,Mysore,Completed,Good,D4493,Sunny,22.5,76.0,26.32,Healthy
EV4494,Hyundai Kona EV,Hyundai,2023,39,95.0,2038-04-28 01:30:00,2038-04-28 02:10:00,0.67,Mysore Station 2,Normal,33,12.2,291.0,146.4,Green Mobility,Mysore,Completed,Good,D4494,Sunny,22.5,76.0,26.32,Healthy
EV4495,BYD Seal,BYD,2023,82,95.0,2038-04-29 12:45:00,2038-04-29 13:12:00,0.45,Mangalore Station 1,Fast,29,23.5,240.0,282,Green Mobility,Mangalore,Completed,Good,D4495,Cloudy,22.5,76.0,26.32,Healthy
EV4496,Tata Nexon EV,Tata,2023,40,93.5,2038-04-30 12:30:00,2038-04-30 13:15:00,0.75,Bangalore Station 2,Fast,33,32.4,223.0,388.8,Eco Drive,Bangalore,Completed,Good,D4496,Rainy,22.5,76.0,26.32,Healthy
EV4497,Mahindra XUV400,Mahindra,2023,39,95.6,2038-05-01 01:45:00,2038-05-01 02:06:00,0.35,Mysore Station 2,Fast,35,18.6,165.0,223.2,Premium Fleet,Mysore,Completed,Good,D4497,Sunny,22.5,76.0,26.32,Healthy
EV4498,BYD Seal,BYD,2023,82,95.3,2038-05-02 19:00:00,2038-05-02 19:23:00,0.38,Bangalore Station 1,Fast,34,23.6,98.0,283.2,Eco Drive,Bangalore,Completed,Good,D4498,Cloudy,22.5,76.0,26.32,Healthy
EV4499,Kia EV6,Kia,2023,77,96.4,2038-05-03 00:45:00,2038-05-03 02:24:00,1.65,Hubli Station 2,Normal,28,31.4,302.0,376.8,Eco Drive,Hubli,Completed,Good,D4499,Sunny,22.5,76.0,26.32,Healthy
EV4500,Kia EV6,Kia,2023,77,92.2,2038-05-04 13:00:00,2038-05-04 15:03:00,2.05,Belagavi Station 2,Normal,34,34.8,240.0,417.6,Premium Fleet,Belagavi,Completed,Good,D4500,Rainy,22.5,76.0,26.32,Healthy
EV4501,MG ZS EV,MG,2023,50,92.9,2038-05-05 00:30:00,2038-05-05 02:01:00,1.52,Mangalore Station 2,Normal,31,24.9,309.0,298.8,Eco Drive,Mangalore,Completed,Good,D4501,Cloudy,22.5,76.0,26.32,Healthy
EV4502,Tata Curvv EV,Tata,2023,55,94.9,2038-05-06 00:00:00,2038-05-06 00:26:00,0.43,Mysore Station 1,Fast,35,23.8,94.0,285.60000000000002,Eco Drive,Mysore,Completed,Good,D4502,Cloudy,22.5,76.0,26.32,Healthy
EV4503,Mahindra XUV400,Mahindra,2023,39,91.6,2038-05-07 05:30:00,2038-05-07 05:57:00,0.45,Bangalore Station 2,Fast,28,26.0,278.0,312,Premium Fleet,Bangalore,Completed,Good,D4503,Sunny,22.5,76.0,26.32,Healthy
EV4504,BYD Seal,BYD,2023,82,96.3,2038-05-08 09:00:00,2038-05-08 10:04:00,1.07,Bangalore Station 1,Fast,28,54.4,279.0,652.79999999999995,City EV,Bangalore,Completed,Good,D4504,Rainy,22.5,76.0,26.32,Healthy
EV4505,MG Comet EV,MG,2023,17,94.1,2038-05-09 09:45:00,2038-05-09 09:52:00,0.12,Belagavi Station 1,Fast,31,7.3,205.0,87.6,Premium Fleet,Belagavi,Completed,Good,D4505,Rainy,22.5,76.0,26.32,Healthy
EV4506,BYD Seal,BYD,2023,82,95.7,2038-05-10 00:15:00,2038-05-10 01:22:00,1.12,Hubli Station 2,Fast,31,58.2,287.0,698.4,Premium Fleet,Hubli,Completed,Good,D4506,Cloudy,22.5,76.0,26.32,Healthy
EV4507,Tata Punch EV,Tata,2023,35,94.0,2038-05-11 11:15:00,2038-05-11 11:38:00,0.38,Bangalore Station 1,Fast,31,13.2,244.0,158.4,Green Mobility,Bangalore,Completed,Good,D4507,Cloudy,22.5,76.0,26.32,Healthy
EV4508,BYD Seal,BYD,2023,82,94.1,2038-05-12 03:15:00,2038-05-12 03:49:00,0.57,Bangalore Station 1,Fast,32,32.9,234.0,394.8,Eco Drive,Bangalore,Completed,Good,D4508,Sunny,22.5,76.0,26.32,Healthy
EV4509,MG Comet EV,MG,2023,17,91.5,2038-05-13 13:45:00,2038-05-13 14:13:00,0.47,Hubli Station 1,Normal,38,6.2,299.0,74.400000000000006,Green Mobility,Hubli,Completed,Good,D4509,Rainy,22.5,76.0,26.32,Healthy
EV4510,MG ZS EV,MG,2023,50,92.7,2038-05-14 02:00:00,2038-05-14 02:56:00,0.93,Bangalore Station 2,Normal,37,16.2,84.0,194.4,City EV,Bangalore,Completed,Good,D4510,Rainy,22.5,76.0,26.32,Healthy
EV4511,Kia EV6,Kia,2023,77,93.7,2038-05-15 23:00:00,2038-05-15 23:38:00,0.63,Mysore Station 1,Fast,39,33.6,186.0,403.2,Eco Drive,Mysore,Completed,Good,D4511,Rainy,22.5,76.0,26.32,Healthy
EV4512,Mahindra XUV400,Mahindra,2023,39,92.1,2038-05-16 15:30:00,2038-05-16 16:04:00,0.57,Hubli Station 1,Fast,32,26.1,233.0,313.2,City EV,Hubli,Completed,Good,D4512,Cloudy,22.5,76.0,26.32,Healthy
EV4513,Hyundai Kona EV,Hyundai,2023,39,94.3,2038-05-17 15:00:00,2038-05-17 15:22:00,0.37,Mangalore Station 1,Fast,32,16.6,147.0,199.2,City EV,Mangalore,Completed,Good,D4513,Rainy,22.5,76.0,26.32,Healthy
EV4514,MG Comet EV,MG,2023,17,93.5,2038-05-18 10:45:00,2038-05-18 10:58:00,0.22,Belagavi Station 1,Fast,33,9.0,350.0,108,Green Mobility,Belagavi,Completed,Good,D4514,Sunny,22.5,76.0,26.32,Healthy
EV4515,Tata Curvv EV,Tata,2023,55,93.9,2038-05-19 10:45:00,2038-05-19 11:33:00,0.8,Mangalore Station 2,Fast,36,34.9,249.0,418.8,Green Mobility,Mangalore,Completed,Good,D4515,Rainy,22.5,76.0,26.32,Healthy
EV4516,MG ZS EV,MG,2023,50,93.5,2038-05-20 20:30:00,2038-05-20 21:13:00,0.72,Mangalore Station 2,Fast,30,36.5,83.0,438,Eco Drive,Mangalore,Completed,Good,D4516,Rainy,22.5,76.0,26.32,Healthy
EV4517,MG ZS EV,MG,2023,50,94.6,2038-05-21 13:00:00,2038-05-21 13:47:00,0.78,Mysore Station 1,Fast,31,36.3,318.0,435.6,EV Fleet India,Mysore,Completed,Good,D4517,Cloudy,22.5,76.0,26.32,Healthy
EV4518,Hyundai Kona EV,Hyundai,2023,39,92.2,2038-05-22 04:15:00,2038-05-22 04:27:00,0.2,Bangalore Station 1,Fast,29,13.8,136.0,165.6,Premium Fleet,Bangalore,Completed,Good,D4518,Cloudy,22.5,76.0,26.32,Healthy
EV4519,Tata Curvv EV,Tata,2023,55,90.4,2038-05-23 08:45:00,2038-05-23 09:18:00,0.55,Mangalore Station 1,Fast,34,23.1,324.0,277.2,Premium Fleet,Mangalore,Completed,Good,D4519,Sunny,22.5,76.0,26.32,Healthy
EV4520,Tata Curvv EV,Tata,2023,55,93.3,2038-05-24 20:45:00,2038-05-24 21:28:00,0.72,Belagavi Station 1,Fast,32,35.7,222.0,428.4,EV Fleet India,Belagavi,Completed,Good,D4520,Cloudy,22.5,76.0,26.32,Healthy
EV4521,Tata Punch EV,Tata,2023,35,93.1,2038-05-25 21:30:00,2038-05-25 21:51:00,0.35,Mangalore Station 2,Fast,33,17.0,281.0,204,City EV,Mangalore,Completed,Good,D4521,Rainy,22.5,76.0,26.32,Healthy
EV4522,MG Comet EV,MG,2023,17,92.7,2038-05-26 02:30:00,2038-05-26 02:39:00,0.15,Hubli Station 1,Fast,32,6.2,105.0,74.400000000000006,City EV,Hubli,Completed,Good,D4522,Rainy,22.5,76.0,26.32,Healthy
EV4523,BYD Seal,BYD,2023,82,92.0,2038-05-27 17:00:00,2038-05-27 17:30:00,0.5,Bangalore Station 2,Fast,29,29.6,138.0,355.2,Green Mobility,Bangalore,Completed,Good,D4523,Sunny,22.5,76.0,26.32,Healthy
EV4524,Tata Curvv EV,Tata,2023,55,93.9,2038-05-28 12:00:00,2038-05-28 13:24:00,1.4,Hubli Station 2,Normal,39,24.0,99.0,288,Premium Fleet,Hubli,Completed,Good,D4524,Rainy,22.5,76.0,26.32,Healthy
EV4525,Hyundai Kona EV,Hyundai,2023,39,92.7,2038-05-29 10:15:00,2038-05-29 11:11:00,0.93,Belagavi Station 1,Normal,30,17.9,214.0,214.8,Premium Fleet,Belagavi,Completed,Good,D4525,Sunny,22.5,76.0,26.32,Healthy
EV4526,BYD Atto 3,BYD,2023,60,92.6,2038-05-30 00:45:00,2038-05-30 01:32:00,0.78,Hubli Station 1,Fast,37,34.4,108.0,412.8,Premium Fleet,Hubli,Completed,Good,D4526,Cloudy,22.5,76.0,26.32,Healthy
EV4527,Kia EV6,Kia,2023,77,94.3,2038-05-31 12:00:00,2038-05-31 14:56:00,2.93,Mysore Station 2,Normal,38,53.3,305.0,639.6,Premium Fleet,Mysore,Completed,Good,D4527,Sunny,22.5,76.0,26.32,Healthy
EV4528,Kia EV6,Kia,2023,77,93.9,2038-06-01 01:00:00,2038-06-01 03:42:00,2.7,Belagavi Station 1,Normal,31,48.8,182.0,585.6,Premium Fleet,Belagavi,Completed,Good,D4528,Sunny,22.5,76.0,26.32,Healthy
EV4529,BYD Atto 3,BYD,2023,60,95.3,2038-06-02 03:45:00,2038-06-02 04:32:00,0.78,Hubli Station 1,Fast,37,42.2,86.0,506.4,Eco Drive,Hubli,Completed,Good,D4529,Cloudy,22.5,76.0,26.32,Healthy
EV4530,Hyundai Kona EV,Hyundai,2023,39,92.2,2038-06-03 03:15:00,2038-06-03 03:41:00,0.43,Mangalore Station 1,Fast,31,21.1,183.0,253.2,City EV,Mangalore,Completed,Good,D4530,Sunny,22.5,76.0,26.32,Healthy
EV4531,Mahindra XUV400,Mahindra,2023,39,92.3,2038-06-04 05:00:00,2038-06-04 05:15:00,0.25,Mysore Station 1,Fast,39,10.9,212.0,130.80000000000001,City EV,Mysore,Completed,Good,D4531,Rainy,22.5,76.0,26.32,Healthy
EV4532,BYD Seal,BYD,2023,82,91.1,2038-06-05 13:00:00,2038-06-05 14:03:00,1.05,Mangalore Station 1,Fast,30,55.6,300.0,667.2,Premium Fleet,Mangalore,Completed,Good,D4532,Sunny,22.5,76.0,26.32,Healthy
EV4533,MG Comet EV,MG,2023,17,91.6,2038-06-06 12:45:00,2038-06-06 13:33:00,0.8,Mysore Station 1,Normal,31,13.7,94.0,164.4,Green Mobility,Mysore,Completed,Good,D4533,Rainy,22.5,76.0,26.32,Healthy
EV4534,Tata Curvv EV,Tata,2023,55,95.5,2038-06-07 04:15:00,2038-06-07 04:47:00,0.53,Hubli Station 2,Fast,32,26.0,190.0,312,City EV,Hubli,Completed,Good,D4534,Rainy,22.5,76.0,26.32,Healthy
EV4535,Mahindra XUV400,Mahindra,2023,39,93.9,2038-06-08 21:00:00,2038-06-08 22:21:00,1.35,Bangalore Station 2,Normal,36,23.2,205.0,278.39999999999998,Green Mobility,Bangalore,Completed,Good,D4535,Sunny,22.5,76.0,26.32,Healthy
EV4536,Mahindra XUV400,Mahindra,2023,39,90.9,2038-06-09 05:45:00,2038-06-09 06:15:00,0.5,Hubli Station 1,Fast,30,26.7,100.0,320.39999999999998,EV Fleet India,Hubli,Completed,Good,D4536,Rainy,22.5,76.0,26.32,Healthy
EV4537,Hyundai Kona EV,Hyundai,2023,39,91.2,2038-06-10 23:45:00,2038-06-11 00:04:00,0.32,Bangalore Station 2,Fast,34,16.0,240.0,192,Premium Fleet,Bangalore,Completed,Good,D4537,Rainy,22.5,76.0,26.32,Healthy
EV4538,Mahindra XUV400,Mahindra,2023,39,92.4,2038-06-11 03:30:00,2038-06-11 05:08:00,1.63,Mysore Station 2,Normal,29,29.5,191.0,354,Premium Fleet,Mysore,Completed,Good,D4538,Sunny,22.5,76.0,26.32,Healthy
EV4539,MG ZS EV,MG,2023,50,92.1,2038-06-12 22:00:00,2038-06-12 23:15:00,1.25,Bangalore Station 2,Normal,32,24.2,298.0,290.39999999999998,Eco Drive,Bangalore,Completed,Good,D4539,Rainy,22.5,76.0,26.32,Healthy
EV4540,Kia EV6,Kia,2023,77,92.0,2038-06-13 03:00:00,2038-06-13 04:51:00,1.85,Mysore Station 1,Normal,34,35.0,269.0,420,Eco Drive,Mysore,Completed,Good,D4540,Sunny,22.5,76.0,26.32,Healthy
EV4541,Kia EV6,Kia,2023,77,93.0,2038-06-14 16:00:00,2038-06-14 18:32:00,2.53,Hubli Station 1,Normal,39,47.2,121.0,566.4,Premium Fleet,Hubli,Completed,Good,D4541,Cloudy,22.5,76.0,26.32,Healthy
EV4542,Mahindra XUV400,Mahindra,2023,39,94.2,2038-06-15 18:00:00,2038-06-15 18:23:00,0.38,Mangalore Station 2,Fast,38,21.1,295.0,253.2,EV Fleet India,Mangalore,Completed,Good,D4542,Sunny,22.5,76.0,26.32,Healthy
EV4543,Hyundai Kona EV,Hyundai,2023,39,93.7,2038-06-16 06:15:00,2038-06-16 07:38:00,1.38,Mangalore Station 2,Normal,30,23.6,157.0,283.2,Eco Drive,Mangalore,Completed,Good,D4543,Cloudy,22.5,76.0,26.32,Healthy
EV4544,MG ZS EV,MG,2023,50,95.6,2038-06-17 02:45:00,2038-06-17 03:27:00,0.7,Hubli Station 1,Fast,39,32.1,266.0,385.2,Premium Fleet,Hubli,Completed,Good,D4544,Cloudy,22.5,76.0,26.32,Healthy
EV4545,MG Comet EV,MG,2023,17,92.1,2038-06-18 23:45:00,2038-06-19 00:27:00,0.7,Hubli Station 2,Normal,33,10.6,100.0,127.2,City EV,Hubli,Completed,Good,D4545,Rainy,22.5,76.0,26.32,Healthy
EV4546,BYD Seal,BYD,2023,82,95.1,2038-06-19 15:00:00,2038-06-19 15:46:00,0.77,Belagavi Station 2,Fast,39,31.7,343.0,380.4,Eco Drive,Belagavi,Completed,Good,D4546,Sunny,22.5,76.0,26.32,Healthy
EV4547,Hyundai Kona EV,Hyundai,2023,39,91.2,2038-06-20 04:30:00,2038-06-20 04:52:00,0.37,Belagavi Station 2,Fast,28,14.5,76.0,174,EV Fleet India,Belagavi,Completed,Good,D4547,Cloudy,22.5,76.0,26.32,Healthy
EV4548,Tata Punch EV,Tata,2023,35,93.1,2038-06-21 19:45:00,2038-06-21 19:57:00,0.2,Mangalore Station 1,Fast,29,12.0,294.0,144,EV Fleet India,Mangalore,Completed,Good,D4548,Sunny,22.5,76.0,26.32,Healthy
EV4549,Mahindra XUV400,Mahindra,2023,39,96.3,2038-06-22 16:30:00,2038-06-22 17:49:00,1.32,Mangalore Station 1,Normal,28,22.3,76.0,267.60000000000002,EV Fleet India,Mangalore,Completed,Good,D4549,Sunny,22.5,76.0,26.32,Healthy
EV4550,Kia EV6,Kia,2023,77,94.8,2038-06-23 01:45:00,2038-06-23 02:40:00,0.92,Mangalore Station 1,Fast,37,43.5,141.0,522,Eco Drive,Mangalore,Completed,Good,D4550,Cloudy,22.5,76.0,26.32,Healthy
EV4551,Tata Curvv EV,Tata,2023,55,94.4,2038-06-24 09:15:00,2038-06-24 11:03:00,1.8,Mangalore Station 2,Normal,33,30.3,248.0,363.6,Eco Drive,Mangalore,Completed,Good,D4551,Sunny,22.5,76.0,26.32,Healthy
EV4552,MG Comet EV,MG,2023,17,93.7,2038-06-25 15:00:00,2038-06-25 15:18:00,0.3,Hubli Station 2,Fast,36,14.1,281.0,169.2,City EV,Hubli,Completed,Good,D4552,Rainy,22.5,76.0,26.32,Healthy
EV4553,Mahindra XUV400,Mahindra,2023,39,92.4,2038-06-26 17:00:00,2038-06-26 17:33:00,0.55,Bangalore Station 1,Normal,27,10.2,345.0,122.4,Premium Fleet,Bangalore,Completed,Good,D4553,Cloudy,22.5,76.0,26.32,Healthy
EV4554,BYD Atto 3,BYD,2023,60,95.4,2038-06-27 07:00:00,2038-06-27 07:55:00,0.92,Belagavi Station 2,Fast,32,43.6,291.0,523.20000000000005,City EV,Belagavi,Completed,Good,D4554,Sunny,22.5,76.0,26.32,Healthy
EV4555,Tata Punch EV,Tata,2023,35,91.5,2038-06-28 02:45:00,2038-06-28 03:32:00,0.78,Hubli Station 1,Normal,27,12.8,286.0,153.6,Green Mobility,Hubli,Completed,Good,D4555,Sunny,22.5,76.0,26.32,Healthy
EV4556,Tata Punch EV,Tata,2023,35,91.5,2038-06-29 08:00:00,2038-06-29 08:35:00,0.58,Mangalore Station 2,Normal,29,11.9,164.0,142.80000000000001,EV Fleet India,Mangalore,Completed,Good,D4556,Rainy,22.5,76.0,26.32,Healthy
EV4557,Kia EV6,Kia,2023,77,92.2,2038-06-30 03:00:00,2038-06-30 03:34:00,0.57,Bangalore Station 2,Fast,31,23.9,205.0,286.8,Green Mobility,Bangalore,Completed,Good,D4557,Sunny,22.5,76.0,26.32,Healthy
EV4558,BYD Atto 3,BYD,2023,60,94.9,2038-07-01 14:00:00,2038-07-01 14:21:00,0.35,Belagavi Station 2,Fast,36,22.2,127.0,266.39999999999998,Eco Drive,Belagavi,Completed,Good,D4558,Rainy,22.5,76.0,26.32,Healthy
EV4559,Tata Punch EV,Tata,2023,35,95.3,2038-07-02 09:45:00,2038-07-02 09:58:00,0.22,Hubli Station 1,Fast,36,14.7,259.0,176.4,City EV,Hubli,Completed,Good,D4559,Sunny,22.5,76.0,26.32,Healthy
EV4560,Tata Curvv EV,Tata,2023,55,92.9,2038-07-03 05:00:00,2038-07-03 06:29:00,1.48,Mysore Station 1,Normal,37,26.7,97.0,320.39999999999998,City EV,Mysore,Completed,Good,D4560,Rainy,22.5,76.0,26.32,Healthy
EV4561,Kia EV6,Kia,2023,77,91.5,2038-07-04 16:15:00,2038-07-04 17:12:00,0.95,Mysore Station 2,Fast,34,40.9,185.0,490.8,City EV,Mysore,Completed,Good,D4561,Rainy,22.5,76.0,26.32,Healthy
EV4562,BYD Seal,BYD,2023,82,91.4,2038-07-05 08:45:00,2038-07-05 11:01:00,2.27,Mangalore Station 1,Normal,38,39.0,95.0,468,Premium Fleet,Mangalore,Completed,Good,D4562,Cloudy,22.5,76.0,26.32,Healthy
EV4563,BYD Atto 3,BYD,2023,60,96.3,2038-07-06 03:15:00,2038-07-06 05:32:00,2.28,Bangalore Station 2,Normal,29,42.0,176.0,504,EV Fleet India,Bangalore,Completed,Good,D4563,Rainy,22.5,76.0,26.32,Healthy
EV4564,MG ZS EV,MG,2023,50,92.0,2038-07-07 05:00:00,2038-07-07 05:44:00,0.73,Mangalore Station 1,Fast,30,35.5,141.0,426,City EV,Mangalore,Completed,Good,D4564,Rainy,22.5,76.0,26.32,Healthy
EV4565,Mahindra XUV400,Mahindra,2023,39,92.8,2038-07-08 07:30:00,2038-07-08 07:42:00,0.2,Mysore Station 2,Fast,35,14.4,241.0,172.8,City EV,Mysore,Completed,Good,D4565,Cloudy,22.5,76.0,26.32,Healthy
EV4566,Tata Curvv EV,Tata,2023,55,93.8,2038-07-09 11:45:00,2038-07-09 12:27:00,0.7,Bangalore Station 1,Fast,30,30.9,317.0,370.8,Premium Fleet,Bangalore,Completed,Good,D4566,Rainy,22.5,76.0,26.32,Healthy
EV4567,MG ZS EV,MG,2023,50,92.8,2038-07-10 08:00:00,2038-07-10 08:31:00,0.52,Belagavi Station 1,Fast,31,25.4,91.0,304.8,Green Mobility,Belagavi,Completed,Good,D4567,Cloudy,22.5,76.0,26.32,Healthy
EV4568,Tata Punch EV,Tata,2023,35,95.4,2038-07-11 00:30:00,2038-07-11 01:23:00,0.88,Mysore Station 2,Normal,32,15.9,102.0,190.8,Green Mobility,Mysore,Completed,Good,D4568,Rainy,22.5,76.0,26.32,Healthy
EV4569,Hyundai Kona EV,Hyundai,2023,39,90.5,2038-07-12 15:15:00,2038-07-12 15:36:00,0.35,Bangalore Station 1,Fast,33,20.0,286.0,240,City EV,Bangalore,Completed,Good,D4569,Sunny,22.5,76.0,26.32,Healthy
EV4570,Tata Curvv EV,Tata,2023,55,94.3,2038-07-13 07:00:00,2038-07-13 07:35:00,0.58,Hubli Station 1,Fast,34,32.8,70.0,393.6,Green Mobility,Hubli,Completed,Good,D4570,Rainy,22.5,76.0,26.32,Healthy
EV4571,BYD Atto 3,BYD,2023,60,92.6,2038-07-14 03:30:00,2038-07-14 04:23:00,0.88,Mysore Station 2,Fast,30,39.4,245.0,472.8,EV Fleet India,Mysore,Completed,Good,D4571,Cloudy,22.5,76.0,26.32,Healthy
EV4572,Tata Curvv EV,Tata,2023,55,91.1,2038-07-15 19:15:00,2038-07-15 19:54:00,0.65,Bangalore Station 1,Fast,31,26.3,330.0,315.60000000000002,Eco Drive,Bangalore,Completed,Good,D4572,Sunny,22.5,76.0,26.32,Healthy
EV4573,Hyundai Kona EV,Hyundai,2023,39,94.3,2038-07-16 05:45:00,2038-07-16 06:02:00,0.28,Mysore Station 2,Fast,34,16.7,296.0,200.4,City EV,Mysore,Completed,Good,D4573,Cloudy,22.5,76.0,26.32,Healthy
EV4574,BYD Seal,BYD,2023,82,92.3,2038-07-17 04:15:00,2038-07-17 05:09:00,0.9,Belagavi Station 2,Fast,39,43.2,153.0,518.4,EV Fleet India,Belagavi,Completed,Good,D4574,Cloudy,22.5,76.0,26.32,Healthy
EV4575,MG ZS EV,MG,2023,50,95.9,2038-07-18 13:00:00,2038-07-18 15:22:00,2.37,Bangalore Station 2,Normal,32,41.0,246.0,492,Eco Drive,Bangalore,Completed,Good,D4575,Sunny,22.5,76.0,26.32,Healthy
EV4576,Hyundai Kona EV,Hyundai,2023,39,94.1,2038-07-19 10:15:00,2038-07-19 10:36:00,0.35,Bangalore Station 1,Fast,38,22.3,188.0,267.60000000000002,City EV,Bangalore,Completed,Good,D4576,Cloudy,22.5,76.0,26.32,Healthy
EV4577,Hyundai Kona EV,Hyundai,2023,39,96.2,2038-07-20 23:30:00,2038-07-20 23:55:00,0.42,Mangalore Station 2,Fast,27,18.9,334.0,226.8,City EV,Mangalore,Completed,Good,D4577,Rainy,22.5,76.0,26.32,Healthy
EV4578,MG ZS EV,MG,2023,50,95.3,2038-07-21 23:00:00,2038-07-21 23:28:00,0.47,Bangalore Station 2,Fast,38,18.1,315.0,217.2,EV Fleet India,Bangalore,Completed,Good,D4578,Cloudy,22.5,76.0,26.32,Healthy
EV4579,Tata Punch EV,Tata,2023,35,94.4,2038-07-22 11:15:00,2038-07-22 11:49:00,0.57,Mangalore Station 2,Fast,28,21.8,233.0,261.60000000000002,Green Mobility,Mangalore,Completed,Good,D4579,Sunny,22.5,76.0,26.32,Healthy
EV4580,Kia EV6,Kia,2023,77,93.7,2038-07-23 12:15:00,2038-07-23 13:20:00,1.08,Hubli Station 2,Fast,36,49.8,232.0,597.6,Green Mobility,Hubli,Completed,Good,D4580,Rainy,22.5,76.0,26.32,Healthy
EV4581,Tata Nexon EV,Tata,2023,40,94.2,2038-07-24 12:30:00,2038-07-24 12:40:00,0.17,Belagavi Station 2,Fast,37,11.7,198.0,140.4,Green Mobility,Belagavi,Completed,Good,D4581,Rainy,22.5,76.0,26.32,Healthy
EV4582,Kia EV6,Kia,2023,77,96.3,2038-07-25 08:45:00,2038-07-25 11:02:00,2.28,Hubli Station 2,Normal,29,39.4,111.0,472.8,Green Mobility,Hubli,Completed,Good,D4582,Sunny,22.5,76.0,26.32,Healthy
EV4583,Tata Curvv EV,Tata,2023,55,91.6,2038-07-26 08:30:00,2038-07-26 09:18:00,0.8,Mysore Station 2,Fast,35,33.9,229.0,406.8,Green Mobility,Mysore,Completed,Good,D4583,Sunny,22.5,76.0,26.32,Healthy
EV4584,MG Comet EV,MG,2023,17,94.9,2038-07-27 10:30:00,2038-07-27 10:34:00,0.07,Bangalore Station 2,Fast,29,7.4,197.0,88.8,City EV,Bangalore,Completed,Good,D4584,Cloudy,22.5,76.0,26.32,Healthy
EV4585,MG Comet EV,MG,2023,17,91.3,2038-07-28 14:15:00,2038-07-28 14:33:00,0.3,Mangalore Station 1,Fast,39,12.7,146.0,152.4,EV Fleet India,Mangalore,Completed,Good,D4585,Rainy,22.5,76.0,26.32,Healthy
EV4586,Hyundai Kona EV,Hyundai,2023,39,93.3,2038-07-29 13:30:00,2038-07-29 14:33:00,1.05,Mysore Station 2,Normal,28,19.6,238.0,235.2,EV Fleet India,Mysore,Completed,Good,D4586,Cloudy,22.5,76.0,26.32,Healthy
EV4587,Mahindra XUV400,Mahindra,2023,39,95.2,2038-07-30 01:45:00,2038-07-30 03:22:00,1.62,Mysore Station 1,Normal,28,29.9,205.0,358.8,Green Mobility,Mysore,Completed,Good,D4587,Rainy,22.5,76.0,26.32,Healthy
EV4588,MG Comet EV,MG,2023,17,94.9,2038-07-31 09:00:00,2038-07-31 09:10:00,0.17,Bangalore Station 1,Fast,29,7.3,253.0,87.6,EV Fleet India,Bangalore,Completed,Good,D4588,Cloudy,22.5,76.0,26.32,Healthy
EV4589,Tata Punch EV,Tata,2023,35,94.6,2038-08-01 20:15:00,2038-08-01 20:30:00,0.25,Bangalore Station 1,Fast,31,15.9,112.0,190.8,Premium Fleet,Bangalore,Completed,Good,D4589,Sunny,22.5,76.0,26.32,Healthy
EV4590,Tata Nexon EV,Tata,2023,40,93.0,2038-08-02 11:15:00,2038-08-02 11:26:00,0.18,Bangalore Station 2,Fast,32,11.2,345.0,134.4,Premium Fleet,Bangalore,Completed,Good,D4590,Rainy,22.5,76.0,26.32,Healthy
EV4591,BYD Seal,BYD,2023,82,95.3,2038-08-03 20:00:00,2038-08-03 22:56:00,2.93,Belagavi Station 2,Normal,37,53.8,240.0,645.6,City EV,Belagavi,Completed,Good,D4591,Sunny,22.5,76.0,26.32,Healthy
EV4592,Mahindra XUV400,Mahindra,2023,39,92.5,2038-08-04 23:15:00,2038-08-05 00:51:00,1.6,Belagavi Station 2,Normal,28,29.0,136.0,348,Premium Fleet,Belagavi,Completed,Good,D4592,Rainy,22.5,76.0,26.32,Healthy
EV4593,MG Comet EV,MG,2023,17,93.8,2038-08-05 09:00:00,2038-08-05 09:39:00,0.65,Belagavi Station 2,Normal,31,12.1,115.0,145.19999999999999,Eco Drive,Belagavi,Completed,Good,D4593,Cloudy,22.5,76.0,26.32,Healthy
EV4594,Mahindra XUV400,Mahindra,2023,39,94.1,2038-08-06 04:30:00,2038-08-06 04:55:00,0.42,Mysore Station 1,Fast,33,15.9,250.0,190.8,City EV,Mysore,Completed,Good,D4594,Rainy,22.5,76.0,26.32,Healthy
EV4595,Kia EV6,Kia,2023,77,94.9,2038-08-07 02:15:00,2038-08-07 04:34:00,2.32,Bangalore Station 2,Normal,36,40.2,208.0,482.4,Premium Fleet,Bangalore,Completed,Good,D4595,Rainy,22.5,76.0,26.32,Healthy
EV4596,Kia EV6,Kia,2023,77,91.7,2038-08-08 14:15:00,2038-08-08 14:55:00,0.67,Mangalore Station 1,Fast,28,34.7,243.0,416.4,Eco Drive,Mangalore,Completed,Good,D4596,Cloudy,22.5,76.0,26.32,Healthy
EV4597,Tata Curvv EV,Tata,2023,55,91.8,2038-08-09 22:45:00,2038-08-09 23:36:00,0.85,Belagavi Station 1,Fast,34,44.7,320.0,536.4,City EV,Belagavi,Completed,Good,D4597,Sunny,22.5,76.0,26.32,Healthy
EV4598,Mahindra XUV400,Mahindra,2023,39,91.3,2038-08-10 20:45:00,2038-08-10 20:56:00,0.18,Belagavi Station 2,Fast,36,9.4,294.0,112.8,EV Fleet India,Belagavi,Completed,Good,D4598,Rainy,22.5,76.0,26.32,Healthy
EV4599,Tata Curvv EV,Tata,2023,55,94.7,2038-08-11 09:00:00,2038-08-11 09:52:00,0.87,Hubli Station 2,Fast,29,39.2,163.0,470.4,EV Fleet India,Hubli,Completed,Good,D4599,Sunny,22.5,76.0,26.32,Healthy
EV4600,Tata Nexon EV,Tata,2023,40,95.1,2038-08-12 14:00:00,2038-08-12 15:31:00,1.52,Hubli Station 2,Normal,31,25.3,278.0,303.60000000000002,Green Mobility,Hubli,Completed,Good,D4600,Rainy,22.5,76.0,26.32,Healthy
EV4601,BYD Seal,BYD,2023,82,92.9,2038-08-13 04:45:00,2038-08-13 06:33:00,1.8,Bangalore Station 2,Normal,29,32.5,268.0,390,Eco Drive,Bangalore,Completed,Good,D4601,Rainy,22.5,76.0,26.32,Healthy
EV4602,BYD Seal,BYD,2023,82,92.7,2038-08-14 18:00:00,2038-08-14 20:49:00,2.82,Hubli Station 2,Normal,39,52.1,202.0,625.20000000000005,Eco Drive,Hubli,Completed,Good,D4602,Sunny,22.5,76.0,26.32,Healthy
EV4603,Mahindra XUV400,Mahindra,2023,39,91.7,2038-08-15 09:30:00,2038-08-15 09:46:00,0.27,Bangalore Station 1,Fast,28,14.8,248.0,177.6,Premium Fleet,Bangalore,Completed,Good,D4603,Sunny,22.5,76.0,26.32,Healthy
EV4604,MG ZS EV,MG,2023,50,96.3,2038-08-16 03:45:00,2038-08-16 05:26:00,1.68,Bangalore Station 1,Normal,30,28.9,132.0,346.8,Green Mobility,Bangalore,Completed,Good,D4604,Cloudy,22.5,76.0,26.32,Healthy
EV4605,Tata Nexon EV,Tata,2023,40,93.3,2038-08-17 10:30:00,2038-08-17 10:54:00,0.4,Belagavi Station 2,Fast,36,16.0,292.0,192,Green Mobility,Belagavi,Completed,Good,D4605,Cloudy,22.5,76.0,26.32,Healthy
EV4606,BYD Seal,BYD,2023,82,93.2,2038-08-18 23:45:00,2038-08-19 00:26:00,0.68,Mangalore Station 2,Fast,31,27.5,217.0,330,City EV,Mangalore,Completed,Good,D4606,Rainy,22.5,76.0,26.32,Healthy
EV4607,MG Comet EV,MG,2023,17,94.8,2038-08-19 19:00:00,2038-08-19 19:41:00,0.68,Mysore Station 1,Normal,37,11.5,349.0,138,City EV,Mysore,Completed,Good,D4607,Cloudy,22.5,76.0,26.32,Healthy
EV4608,MG ZS EV,MG,2023,50,91.2,2038-08-20 21:45:00,2038-08-20 22:41:00,0.93,Mysore Station 2,Normal,34,15.8,216.0,189.6,Eco Drive,Mysore,Completed,Good,D4608,Cloudy,22.5,76.0,26.32,Healthy
EV4609,Tata Curvv EV,Tata,2023,55,93.5,2038-08-21 14:30:00,2038-08-21 16:36:00,2.1,Belagavi Station 1,Normal,34,37.6,246.0,451.2,Eco Drive,Belagavi,Completed,Good,D4609,Rainy,22.5,76.0,26.32,Healthy
EV4610,Mahindra XUV400,Mahindra,2023,39,91.2,2038-08-22 14:15:00,2038-08-22 14:43:00,0.47,Bangalore Station 1,Normal,31,8.1,67.0,97.2,City EV,Bangalore,Completed,Good,D4610,Sunny,22.5,76.0,26.32,Healthy
EV4611,Hyundai Kona EV,Hyundai,2023,39,94.1,2038-08-23 16:00:00,2038-08-23 16:10:00,0.17,Mysore Station 1,Fast,29,13.3,326.0,159.6,Premium Fleet,Mysore,Completed,Good,D4611,Sunny,22.5,76.0,26.32,Healthy
EV4612,Tata Curvv EV,Tata,2023,55,95.3,2038-08-24 21:30:00,2038-08-24 22:19:00,0.82,Belagavi Station 2,Fast,36,38.1,257.0,457.2,Premium Fleet,Belagavi,Completed,Good,D4612,Rainy,22.5,76.0,26.32,Healthy
EV4613,Tata Nexon EV,Tata,2023,40,95.0,2038-08-25 06:30:00,2038-08-25 07:02:00,0.53,Mysore Station 2,Fast,34,28.5,191.0,342,City EV,Mysore,Completed,Good,D4613,Rainy,22.5,76.0,26.32,Healthy
EV4614,Tata Nexon EV,Tata,2023,40,93.9,2038-08-26 09:15:00,2038-08-26 09:49:00,0.57,Bangalore Station 2,Fast,31,23.4,92.0,280.8,Premium Fleet,Bangalore,Completed,Good,D4614,Rainy,22.5,76.0,26.32,Healthy
EV4615,MG ZS EV,MG,2023,50,92.4,2038-08-27 11:15:00,2038-08-27 13:20:00,2.08,Belagavi Station 1,Normal,32,35.8,297.0,429.6,Green Mobility,Belagavi,Completed,Good,D4615,Sunny,22.5,76.0,26.32,Healthy
EV4616,BYD Seal,BYD,2023,82,93.6,2038-08-28 11:30:00,2038-08-28 14:21:00,2.85,Hubli Station 2,Normal,37,49.8,267.0,597.6,EV Fleet India,Hubli,Completed,Good,D4616,Cloudy,22.5,76.0,26.32,Healthy
EV4617,Tata Nexon EV,Tata,2023,40,93.5,2038-08-29 02:30:00,2038-08-29 03:16:00,0.77,Mangalore Station 2,Fast,36,32.8,202.0,393.6,City EV,Mangalore,Completed,Good,D4617,Sunny,22.5,76.0,26.32,Healthy
EV4618,Mahindra XUV400,Mahindra,2023,39,96.0,2038-08-30 23:45:00,2038-08-31 00:31:00,0.77,Belagavi Station 2,Normal,36,14.5,320.0,174,EV Fleet India,Belagavi,Completed,Good,D4618,Cloudy,22.5,76.0,26.32,Healthy
EV4619,BYD Atto 3,BYD,2023,60,95.4,2038-08-31 01:00:00,2038-08-31 01:42:00,0.7,Bangalore Station 1,Fast,38,32.4,319.0,388.8,EV Fleet India,Bangalore,Completed,Good,D4619,Sunny,22.5,76.0,26.32,Healthy
EV4620,Mahindra XUV400,Mahindra,2023,39,95.7,2038-09-01 15:45:00,2038-09-01 16:10:00,0.42,Mangalore Station 1,Fast,33,19.0,73.0,228,Premium Fleet,Mangalore,Completed,Good,D4620,Rainy,22.5,76.0,26.32,Healthy
EV4621,MG ZS EV,MG,2023,50,92.8,2038-09-02 16:30:00,2038-09-02 17:04:00,0.57,Mangalore Station 1,Fast,30,21.8,296.0,261.60000000000002,Green Mobility,Mangalore,Completed,Good,D4621,Rainy,22.5,76.0,26.32,Healthy
EV4622,Kia EV6,Kia,2023,77,91.7,2038-09-03 21:45:00,2038-09-03 22:35:00,0.83,Bangalore Station 1,Fast,31,42.8,210.0,513.6,Premium Fleet,Bangalore,Completed,Good,D4622,Rainy,22.5,76.0,26.32,Healthy
EV4623,Kia EV6,Kia,2023,77,94.5,2038-09-04 09:15:00,2038-09-04 09:57:00,0.7,Hubli Station 1,Fast,27,33.8,128.0,405.6,City EV,Hubli,Completed,Good,D4623,Cloudy,22.5,76.0,26.32,Healthy
EV4624,Kia EV6,Kia,2023,77,92.2,2038-09-05 03:00:00,2038-09-05 03:37:00,0.62,Mangalore Station 2,Fast,37,30.3,214.0,363.6,Green Mobility,Mangalore,Completed,Good,D4624,Sunny,22.5,76.0,26.32,Healthy
EV4625,MG ZS EV,MG,2023,50,91.4,2038-09-06 13:30:00,2038-09-06 14:09:00,0.65,Mangalore Station 2,Fast,37,32.4,196.0,388.8,Eco Drive,Mangalore,Completed,Good,D4625,Cloudy,22.5,76.0,26.32,Healthy
EV4626,Mahindra XUV400,Mahindra,2023,39,94.0,2038-09-07 22:45:00,2038-09-07 23:02:00,0.28,Bangalore Station 1,Fast,33,10.5,72.0,126,Green Mobility,Bangalore,Completed,Good,D4626,Rainy,22.5,76.0,26.32,Healthy
EV4627,MG Comet EV,MG,2023,17,93.9,2038-09-08 03:45:00,2038-09-08 04:03:00,0.3,Bangalore Station 2,Fast,32,13.4,304.0,160.80000000000001,Eco Drive,Bangalore,Completed,Good,D4627,Sunny,22.5,76.0,26.32,Healthy
EV4628,Mahindra XUV400,Mahindra,2023,39,90.8,2038-09-09 22:45:00,2038-09-09 23:54:00,1.15,Hubli Station 1,Normal,37,20.4,108.0,244.8,Premium Fleet,Hubli,Completed,Good,D4628,Rainy,22.5,76.0,26.32,Healthy
EV4629,Mahindra XUV400,Mahindra,2023,39,95.8,2038-09-10 20:00:00,2038-09-10 20:55:00,0.92,Mysore Station 2,Normal,35,18.1,196.0,217.2,Green Mobility,Mysore,Completed,Good,D4629,Cloudy,22.5,76.0,26.32,Healthy
EV4630,MG ZS EV,MG,2023,50,94.5,2038-09-11 18:30:00,2038-09-11 19:14:00,0.73,Mysore Station 1,Fast,33,30.7,150.0,368.4,EV Fleet India,Mysore,Completed,Good,D4630,Rainy,22.5,76.0,26.32,Healthy
EV4631,Hyundai Kona EV,Hyundai,2023,39,92.8,2038-09-12 21:45:00,2038-09-12 22:37:00,0.87,Mysore Station 1,Normal,39,17.3,275.0,207.6,EV Fleet India,Mysore,Completed,Good,D4631,Sunny,22.5,76.0,26.32,Healthy
EV4632,MG ZS EV,MG,2023,50,96.0,2038-09-13 06:15:00,2038-09-13 08:09:00,1.9,Hubli Station 2,Normal,30,35.0,79.0,420,EV Fleet India,Hubli,Completed,Good,D4632,Sunny,22.5,76.0,26.32,Healthy
EV4633,Tata Curvv EV,Tata,2023,55,93.2,2038-09-14 02:30:00,2038-09-14 04:15:00,1.75,Mangalore Station 2,Normal,35,31.9,191.0,382.8,EV Fleet India,Mangalore,Completed,Good,D4633,Sunny,22.5,76.0,26.32,Healthy
EV4634,Mahindra XUV400,Mahindra,2023,39,95.2,2038-09-15 05:00:00,2038-09-15 05:20:00,0.33,Bangalore Station 2,Fast,32,12.0,299.0,144,Premium Fleet,Bangalore,Completed,Good,D4634,Cloudy,22.5,76.0,26.32,Healthy
EV4635,BYD Atto 3,BYD,2023,60,92.0,2038-09-16 17:00:00,2038-09-16 17:35:00,0.58,Hubli Station 2,Fast,27,30.7,228.0,368.4,Eco Drive,Hubli,Completed,Good,D4635,Rainy,22.5,76.0,26.32,Healthy
EV4636,Mahindra XUV400,Mahindra,2023,39,91.0,2038-09-17 22:30:00,2038-09-17 23:02:00,0.53,Mysore Station 1,Fast,33,23.3,197.0,279.60000000000002,City EV,Mysore,Completed,Good,D4636,Cloudy,22.5,76.0,26.32,Healthy
EV4637,Hyundai Kona EV,Hyundai,2023,39,93.8,2038-09-18 11:15:00,2038-09-18 11:39:00,0.4,Mangalore Station 1,Fast,35,14.0,249.0,168,Green Mobility,Mangalore,Completed,Good,D4637,Cloudy,22.5,76.0,26.32,Healthy
EV4638,Kia EV6,Kia,2023,77,95.5,2038-09-19 02:00:00,2038-09-19 02:54:00,0.9,Belagavi Station 2,Fast,39,49.9,271.0,598.79999999999995,City EV,Belagavi,Completed,Good,D4638,Sunny,22.5,76.0,26.32,Healthy
EV4639,MG ZS EV,MG,2023,50,92.9,2038-09-20 20:45:00,2038-09-20 21:32:00,0.78,Hubli Station 1,Normal,34,15.0,112.0,180,Premium Fleet,Hubli,Completed,Good,D4639,Rainy,22.5,76.0,26.32,Healthy
EV4640,Tata Punch EV,Tata,2023,35,91.7,2038-09-21 23:00:00,2038-09-21 23:28:00,0.47,Bangalore Station 2,Fast,38,17.8,79.0,213.6,City EV,Bangalore,Completed,Good,D4640,Cloudy,22.5,76.0,26.32,Healthy
EV4641,BYD Atto 3,BYD,2023,60,95.3,2038-09-22 12:45:00,2038-09-22 13:29:00,0.73,Mangalore Station 2,Fast,35,34.1,208.0,409.2,Premium Fleet,Mangalore,Completed,Good,D4641,Rainy,22.5,76.0,26.32,Healthy
EV4642,Kia EV6,Kia,2023,77,91.0,2038-09-23 08:15:00,2038-09-23 09:55:00,1.67,Belagavi Station 1,Normal,27,30.3,99.0,363.6,EV Fleet India,Belagavi,Completed,Good,D4642,Cloudy,22.5,76.0,26.32,Healthy
EV4643,Tata Punch EV,Tata,2023,35,90.7,2038-09-24 01:45:00,2038-09-24 02:12:00,0.45,Bangalore Station 1,Fast,31,20.6,321.0,247.2,Premium Fleet,Bangalore,Completed,Good,D4643,Rainy,22.5,76.0,26.32,Healthy
EV4644,Kia EV6,Kia,2023,77,94.6,2038-09-25 11:45:00,2038-09-25 13:19:00,1.57,Mangalore Station 1,Normal,39,26.0,183.0,312,Premium Fleet,Mangalore,Completed,Good,D4644,Cloudy,22.5,76.0,26.32,Healthy
EV4645,MG ZS EV,MG,2023,50,91.6,2038-09-26 23:15:00,2038-09-27 01:20:00,2.08,Hubli Station 1,Normal,33,39.1,143.0,469.2,City EV,Hubli,Completed,Good,D4645,Sunny,22.5,76.0,26.32,Healthy
EV4646,MG ZS EV,MG,2023,50,95.7,2038-09-27 12:30:00,2038-09-27 13:15:00,0.75,Mangalore Station 2,Fast,36,38.4,144.0,460.8,EV Fleet India,Mangalore,Completed,Good,D4646,Sunny,22.5,76.0,26.32,Healthy
EV4647,BYD Seal,BYD,2023,82,93.3,2038-09-28 10:45:00,2038-09-28 11:09:00,0.4,Hubli Station 2,Fast,34,21.1,223.0,253.2,EV Fleet India,Hubli,Completed,Good,D4647,Sunny,22.5,76.0,26.32,Healthy
EV4648,Tata Curvv EV,Tata,2023,55,93.3,2038-09-29 02:30:00,2038-09-29 05:01:00,2.52,Mangalore Station 2,Normal,35,43.5,300.0,522,Eco Drive,Mangalore,Completed,Good,D4648,Rainy,22.5,76.0,26.32,Healthy
EV4649,Mahindra XUV400,Mahindra,2023,39,92.7,2038-09-30 07:00:00,2038-09-30 07:11:00,0.18,Mangalore Station 1,Fast,36,12.7,161.0,152.4,Premium Fleet,Mangalore,Completed,Good,D4649,Rainy,22.5,76.0,26.32,Healthy
EV4650,Mahindra XUV400,Mahindra,2023,39,92.5,2038-10-01 05:30:00,2038-10-01 06:15:00,0.75,Bangalore Station 1,Normal,37,12.3,122.0,147.6,City EV,Bangalore,Completed,Good,D4650,Cloudy,22.5,76.0,26.32,Healthy
EV4651,MG Comet EV,MG,2023,17,95.5,2038-10-02 08:30:00,2038-10-02 08:43:00,0.22,Belagavi Station 2,Fast,35,6.4,210.0,76.8,Eco Drive,Belagavi,Completed,Good,D4651,Sunny,22.5,76.0,26.32,Healthy
EV4652,MG Comet EV,MG,2023,17,92.9,2038-10-03 01:45:00,2038-10-03 01:56:00,0.18,Belagavi Station 2,Fast,39,8.2,73.0,98.4,Premium Fleet,Belagavi,Completed,Good,D4652,Sunny,22.5,76.0,26.32,Healthy
EV4653,Tata Nexon EV,Tata,2023,40,94.2,2038-10-04 00:30:00,2038-10-04 01:06:00,0.6,Mangalore Station 1,Fast,36,25.1,293.0,301.2,Eco Drive,Mangalore,Completed,Good,D4653,Cloudy,22.5,76.0,26.32,Healthy
EV4654,Kia EV6,Kia,2023,77,93.0,2038-10-05 20:45:00,2038-10-05 21:15:00,0.5,Belagavi Station 2,Fast,38,18.4,96.0,220.8,Eco Drive,Belagavi,Completed,Good,D4654,Cloudy,22.5,76.0,26.32,Healthy
EV4655,BYD Atto 3,BYD,2023,60,92.7,2038-10-06 21:45:00,2038-10-06 22:47:00,1.03,Hubli Station 2,Fast,38,47.8,333.0,573.6,EV Fleet India,Hubli,Completed,Good,D4655,Rainy,22.5,76.0,26.32,Healthy
EV4656,Kia EV6,Kia,2023,77,96.2,2038-10-07 16:00:00,2038-10-07 17:06:00,1.1,Bangalore Station 1,Fast,35,49.9,197.0,598.79999999999995,EV Fleet India,Bangalore,Completed,Good,D4656,Rainy,22.5,76.0,26.32,Healthy
EV4657,MG ZS EV,MG,2023,50,90.7,2038-10-08 13:15:00,2038-10-08 13:34:00,0.32,Hubli Station 2,Fast,27,17.6,308.0,211.2,Green Mobility,Hubli,Completed,Good,D4657,Sunny,22.5,76.0,26.32,Healthy
EV4658,Hyundai Kona EV,Hyundai,2023,39,92.9,2038-10-09 07:30:00,2038-10-09 08:45:00,1.25,Belagavi Station 2,Normal,36,21.7,315.0,260.39999999999998,EV Fleet India,Belagavi,Completed,Good,D4658,Cloudy,22.5,76.0,26.32,Healthy
EV4659,Tata Curvv EV,Tata,2023,55,93.0,2038-10-10 08:00:00,2038-10-10 08:22:00,0.37,Mysore Station 1,Fast,30,17.5,337.0,210,Eco Drive,Mysore,Completed,Good,D4659,Cloudy,22.5,76.0,26.32,Healthy
EV4660,MG Comet EV,MG,2023,17,91.6,2038-10-11 11:15:00,2038-10-11 11:29:00,0.23,Belagavi Station 2,Fast,32,10.3,228.0,123.6,EV Fleet India,Belagavi,Completed,Good,D4660,Sunny,22.5,76.0,26.32,Healthy
EV4661,MG Comet EV,MG,2023,17,92.3,2038-10-12 06:15:00,2038-10-12 06:24:00,0.15,Hubli Station 1,Fast,35,8.5,125.0,102,Green Mobility,Hubli,Completed,Good,D4661,Cloudy,22.5,76.0,26.32,Healthy
EV4662,MG ZS EV,MG,2023,50,94.2,2038-10-13 17:45:00,2038-10-13 18:44:00,0.98,Mysore Station 2,Normal,28,17.4,322.0,208.8,Green Mobility,Mysore,Completed,Good,D4662,Cloudy,22.5,76.0,26.32,Healthy
EV4663,Tata Punch EV,Tata,2023,35,95.2,2038-10-14 07:45:00,2038-10-14 08:09:00,0.4,Hubli Station 2,Fast,30,20.9,260.0,250.8,Eco Drive,Hubli,Completed,Good,D4663,Rainy,22.5,76.0,26.32,Healthy
EV4664,MG Comet EV,MG,2023,17,90.6,2038-10-15 15:00:00,2038-10-15 15:13:00,0.22,Mangalore Station 2,Fast,29,13.8,243.0,165.6,Eco Drive,Mangalore,Completed,Good,D4664,Sunny,22.5,76.0,26.32,Healthy
EV4665,MG ZS EV,MG,2023,50,94.6,2038-10-16 10:15:00,2038-10-16 10:40:00,0.42,Hubli Station 2,Fast,36,16.6,234.0,199.2,Eco Drive,Hubli,Completed,Good,D4665,Sunny,22.5,76.0,26.32,Healthy
EV4666,Mahindra XUV400,Mahindra,2023,39,94.6,2038-10-17 06:15:00,2038-10-17 06:43:00,0.47,Mangalore Station 1,Fast,34,24.8,269.0,297.60000000000002,EV Fleet India,Mangalore,Completed,Good,D4666,Sunny,22.5,76.0,26.32,Healthy
EV4667,Tata Nexon EV,Tata,2023,40,92.7,2038-10-18 02:00:00,2038-10-18 02:52:00,0.87,Belagavi Station 1,Normal,37,16.9,219.0,202.8,EV Fleet India,Belagavi,Completed,Good,D4667,Sunny,22.5,76.0,26.32,Healthy
EV4668,Hyundai Kona EV,Hyundai,2023,39,93.9,2038-10-19 07:15:00,2038-10-19 08:26:00,1.18,Bangalore Station 1,Normal,38,21.0,100.0,252,EV Fleet India,Bangalore,Completed,Good,D4668,Cloudy,22.5,76.0,26.32,Healthy
EV4669,Tata Curvv EV,Tata,2023,55,94.2,2038-10-20 11:30:00,2038-10-20 12:25:00,0.92,Bangalore Station 2,Fast,36,39.7,234.0,476.4,Premium Fleet,Bangalore,Completed,Good,D4669,Rainy,22.5,76.0,26.32,Healthy
EV4670,Mahindra XUV400,Mahindra,2023,39,94.2,2038-10-21 03:30:00,2038-10-21 05:05:00,1.58,Hubli Station 1,Normal,35,28.4,212.0,340.8,Green Mobility,Hubli,Completed,Good,D4670,Sunny,22.5,76.0,26.32,Healthy
EV4671,Hyundai Kona EV,Hyundai,2023,39,91.0,2038-10-22 02:30:00,2038-10-22 03:51:00,1.35,Hubli Station 2,Normal,34,23.2,140.0,278.39999999999998,EV Fleet India,Hubli,Completed,Good,D4671,Sunny,22.5,76.0,26.32,Healthy
EV4672,BYD Atto 3,BYD,2023,60,95.3,2038-10-23 16:00:00,2038-10-23 16:32:00,0.53,Belagavi Station 1,Fast,33,23.5,125.0,282,City EV,Belagavi,Completed,Good,D4672,Rainy,22.5,76.0,26.32,Healthy
EV4673,Mahindra XUV400,Mahindra,2023,39,90.3,2038-10-24 05:15:00,2038-10-24 06:45:00,1.5,Mangalore Station 2,Normal,35,27.9,222.0,334.8,EV Fleet India,Mangalore,Completed,Good,D4673,Cloudy,22.5,76.0,26.32,Healthy
EV4674,MG Comet EV,MG,2023,17,94.6,2038-10-25 17:00:00,2038-10-25 17:10:00,0.17,Hubli Station 1,Fast,32,6.8,306.0,81.599999999999994,Green Mobility,Hubli,Completed,Good,D4674,Cloudy,22.5,76.0,26.32,Healthy
EV4675,Tata Punch EV,Tata,2023,35,94.2,2038-10-26 03:30:00,2038-10-26 03:51:00,0.35,Belagavi Station 2,Fast,34,14.1,344.0,169.2,Green Mobility,Belagavi,Completed,Good,D4675,Rainy,22.5,76.0,26.32,Healthy
EV4676,BYD Seal,BYD,2023,82,94.6,2038-10-27 11:30:00,2038-10-27 12:45:00,1.25,Hubli Station 2,Fast,38,56.5,325.0,678,EV Fleet India,Hubli,Completed,Good,D4676,Cloudy,22.5,76.0,26.32,Healthy
EV4677,Hyundai Kona EV,Hyundai,2023,39,90.8,2038-10-28 03:45:00,2038-10-28 05:00:00,1.25,Mangalore Station 1,Normal,28,24.0,214.0,288,Eco Drive,Mangalore,Completed,Good,D4677,Rainy,22.5,76.0,26.32,Healthy
EV4678,BYD Seal,BYD,2023,82,93.7,2038-10-29 19:45:00,2038-10-29 22:28:00,2.72,Belagavi Station 1,Normal,36,48.9,337.0,586.79999999999995,City EV,Belagavi,Completed,Good,D4678,Rainy,22.5,76.0,26.32,Healthy
EV4679,Mahindra XUV400,Mahindra,2023,39,95.2,2038-10-30 12:45:00,2038-10-30 13:15:00,0.5,Bangalore Station 2,Fast,30,26.7,297.0,320.39999999999998,EV Fleet India,Bangalore,Completed,Good,D4679,Rainy,22.5,76.0,26.32,Healthy
EV4680,BYD Seal,BYD,2023,82,90.4,2038-10-31 00:15:00,2038-10-31 01:06:00,0.85,Bangalore Station 1,Fast,39,37.2,153.0,446.4,Eco Drive,Bangalore,Completed,Good,D4680,Rainy,22.5,76.0,26.32,Healthy
EV4681,Hyundai Kona EV,Hyundai,2023,39,93.0,2038-11-01 00:15:00,2038-11-01 00:33:00,0.3,Mysore Station 1,Fast,31,14.3,111.0,171.6,EV Fleet India,Mysore,Completed,Good,D4681,Rainy,22.5,76.0,26.32,Healthy
EV4682,Tata Curvv EV,Tata,2023,55,92.0,2038-11-02 22:30:00,2038-11-02 23:58:00,1.47,Mysore Station 1,Normal,36,24.0,157.0,288,Eco Drive,Mysore,Completed,Good,D4682,Sunny,22.5,76.0,26.32,Healthy
EV4683,Tata Punch EV,Tata,2023,35,95.0,2038-11-03 04:30:00,2038-11-03 04:51:00,0.35,Mysore Station 2,Fast,32,22.4,215.0,268.8,City EV,Mysore,Completed,Good,D4683,Rainy,22.5,76.0,26.32,Healthy
EV4684,Mahindra XUV400,Mahindra,2023,39,93.7,2038-11-04 21:45:00,2038-11-04 22:54:00,1.15,Hubli Station 1,Normal,35,18.6,228.0,223.2,City EV,Hubli,Completed,Good,D4684,Rainy,22.5,76.0,26.32,Healthy
EV4685,BYD Seal,BYD,2023,82,90.6,2038-11-05 22:15:00,2038-11-05 23:41:00,1.43,Mangalore Station 2,Normal,35,24.8,146.0,297.60000000000002,Green Mobility,Mangalore,Completed,Good,D4685,Rainy,22.5,76.0,26.32,Healthy
EV4686,Tata Nexon EV,Tata,2023,40,94.9,2038-11-06 07:15:00,2038-11-06 08:13:00,0.97,Hubli Station 2,Normal,32,15.8,77.0,189.6,Green Mobility,Hubli,Completed,Good,D4686,Rainy,22.5,76.0,26.32,Healthy
EV4687,BYD Atto 3,BYD,2023,60,93.6,2038-11-07 22:30:00,2038-11-07 23:10:00,0.67,Belagavi Station 1,Fast,32,28.2,241.0,338.4,City EV,Belagavi,Completed,Good,D4687,Cloudy,22.5,76.0,26.32,Healthy
EV4688,Kia EV6,Kia,2023,77,90.5,2038-11-08 07:15:00,2038-11-08 08:03:00,0.8,Belagavi Station 1,Fast,34,34.3,119.0,411.6,Eco Drive,Belagavi,Completed,Good,D4688,Rainy,22.5,76.0,26.32,Healthy
EV4689,BYD Seal,BYD,2023,82,93.6,2038-11-09 08:00:00,2038-11-09 08:29:00,0.48,Mysore Station 1,Fast,37,25.4,294.0,304.8,City EV,Mysore,Completed,Good,D4689,Rainy,22.5,76.0,26.32,Healthy
EV4690,Tata Curvv EV,Tata,2023,55,93.6,2038-11-10 14:30:00,2038-11-10 14:50:00,0.33,Hubli Station 2,Fast,36,17.6,270.0,211.2,Green Mobility,Hubli,Completed,Good,D4690,Cloudy,22.5,76.0,26.32,Healthy
EV4691,BYD Atto 3,BYD,2023,60,95.9,2038-11-11 03:45:00,2038-11-11 04:34:00,0.82,Belagavi Station 1,Fast,36,42.0,231.0,504,Green Mobility,Belagavi,Completed,Good,D4691,Sunny,22.5,76.0,26.32,Healthy
EV4692,Tata Punch EV,Tata,2023,35,92.3,2038-11-12 08:00:00,2038-11-12 08:35:00,0.58,Mangalore Station 1,Fast,33,26.8,342.0,321.60000000000002,EV Fleet India,Mangalore,Completed,Good,D4692,Cloudy,22.5,76.0,26.32,Healthy
EV4693,Kia EV6,Kia,2023,77,94.2,2038-11-13 22:30:00,2038-11-13 23:49:00,1.32,Bangalore Station 1,Normal,30,23.6,178.0,283.2,Premium Fleet,Bangalore,Completed,Good,D4693,Rainy,22.5,76.0,26.32,Healthy
EV4694,BYD Seal,BYD,2023,82,91.9,2038-11-14 05:15:00,2038-11-14 05:43:00,0.47,Mysore Station 2,Fast,36,18.5,68.0,222,Premium Fleet,Mysore,Completed,Good,D4694,Sunny,22.5,76.0,26.32,Healthy
EV4695,Tata Curvv EV,Tata,2023,55,95.3,2038-11-15 15:00:00,2038-11-15 15:17:00,0.28,Mysore Station 1,Fast,37,18.0,260.0,216,Eco Drive,Mysore,Completed,Good,D4695,Rainy,22.5,76.0,26.32,Healthy
EV4696,Kia EV6,Kia,2023,77,93.4,2038-11-16 06:45:00,2038-11-16 08:46:00,2.02,Mangalore Station 1,Normal,35,34.0,114.0,408,Green Mobility,Mangalore,Completed,Good,D4696,Cloudy,22.5,76.0,26.32,Healthy
EV4697,BYD Atto 3,BYD,2023,60,91.2,2038-11-17 01:15:00,2038-11-17 02:16:00,1.02,Mangalore Station 1,Normal,31,19.1,241.0,229.2,EV Fleet India,Mangalore,Completed,Good,D4697,Rainy,22.5,76.0,26.32,Healthy
EV4698,BYD Atto 3,BYD,2023,60,93.4,2038-11-18 11:30:00,2038-11-18 12:41:00,1.18,Mysore Station 1,Normal,35,19.6,260.0,235.2,Eco Drive,Mysore,Completed,Good,D4698,Sunny,22.5,76.0,26.32,Healthy
EV4699,Kia EV6,Kia,2023,77,95.7,2038-11-19 17:00:00,2038-11-19 18:54:00,1.9,Bangalore Station 2,Normal,27,32.9,136.0,394.8,City EV,Bangalore,Completed,Good,D4699,Cloudy,22.5,76.0,26.32,Healthy
EV4700,Mahindra XUV400,Mahindra,2023,39,91.5,2038-11-20 09:15:00,2038-11-20 10:53:00,1.63,Bangalore Station 1,Normal,28,29.8,225.0,357.6,EV Fleet India,Bangalore,Completed,Good,D4700,Sunny,22.5,76.0,26.32,Healthy
EV4701,Mahindra XUV400,Mahindra,2023,39,95.9,2038-11-21 05:45:00,2038-11-21 06:10:00,0.42,Mangalore Station 1,Fast,27,24.1,312.0,289.2,City EV,Mangalore,Completed,Good,D4701,Rainy,22.5,76.0,26.32,Healthy
EV4702,Tata Punch EV,Tata,2023,35,94.5,2038-11-22 02:30:00,2038-11-22 03:46:00,1.27,Mysore Station 1,Normal,28,24.3,123.0,291.60000000000002,Eco Drive,Mysore,Completed,Good,D4702,Sunny,22.5,76.0,26.32,Healthy
EV4703,BYD Seal,BYD,2023,82,95.5,2038-11-23 18:30:00,2038-11-23 20:20:00,1.83,Bangalore Station 1,Normal,30,33.1,247.0,397.2,Premium Fleet,Bangalore,Completed,Good,D4703,Rainy,22.5,76.0,26.32,Healthy
EV4704,Tata Punch EV,Tata,2023,35,91.2,2038-11-24 04:00:00,2038-11-24 04:20:00,0.33,Mangalore Station 1,Fast,37,18.1,286.0,217.2,Premium Fleet,Mangalore,Completed,Good,D4704,Cloudy,22.5,76.0,26.32,Healthy
EV4705,Tata Curvv EV,Tata,2023,55,91.8,2038-11-25 08:00:00,2038-11-25 08:32:00,0.53,Belagavi Station 1,Fast,28,27.8,261.0,333.6,Eco Drive,Belagavi,Completed,Good,D4705,Sunny,22.5,76.0,26.32,Healthy
EV4706,Tata Punch EV,Tata,2023,35,91.0,2038-11-26 06:30:00,2038-11-26 07:42:00,1.2,Mangalore Station 2,Normal,35,22.1,210.0,265.2,EV Fleet India,Mangalore,Completed,Good,D4706,Rainy,22.5,76.0,26.32,Healthy
EV4707,Hyundai Kona EV,Hyundai,2023,39,90.4,2038-11-27 20:30:00,2038-11-27 21:09:00,0.65,Mysore Station 2,Normal,38,10.6,278.0,127.2,Green Mobility,Mysore,Completed,Good,D4707,Cloudy,22.5,76.0,26.32,Healthy
EV4708,MG Comet EV,MG,2023,17,93.4,2038-11-28 09:30:00,2038-11-28 09:34:00,0.07,Hubli Station 2,Fast,35,5.9,78.0,70.8,Premium Fleet,Hubli,Completed,Good,D4708,Rainy,22.5,76.0,26.32,Healthy
EV4709,Hyundai Kona EV,Hyundai,2023,39,90.3,2038-11-29 06:00:00,2038-11-29 06:19:00,0.32,Bangalore Station 2,Fast,30,9.3,225.0,111.6,City EV,Bangalore,Completed,Good,D4709,Rainy,22.5,76.0,26.32,Healthy
EV4710,BYD Seal,BYD,2023,82,90.7,2038-11-30 22:00:00,2038-11-30 22:37:00,0.62,Hubli Station 2,Fast,38,34.3,181.0,411.6,Eco Drive,Hubli,Completed,Good,D4710,Rainy,22.5,76.0,26.32,Healthy
EV4711,Tata Curvv EV,Tata,2023,55,90.3,2038-12-01 19:00:00,2038-12-01 19:27:00,0.45,Belagavi Station 2,Fast,33,22.4,284.0,268.8,EV Fleet India,Belagavi,Completed,Good,D4711,Sunny,22.5,76.0,26.32,Healthy
EV4712,MG ZS EV,MG,2023,50,91.9,2038-12-02 18:15:00,2038-12-02 18:45:00,0.5,Mangalore Station 1,Fast,30,23.2,301.0,278.39999999999998,City EV,Mangalore,Completed,Good,D4712,Sunny,22.5,76.0,26.32,Healthy
EV4713,BYD Atto 3,BYD,2023,60,90.3,2038-12-03 07:45:00,2038-12-03 08:32:00,0.78,Mysore Station 1,Fast,31,42.1,68.0,505.2,City EV,Mysore,Completed,Good,D4713,Cloudy,22.5,76.0,26.32,Healthy
EV4714,Mahindra XUV400,Mahindra,2023,39,93.2,2038-12-04 09:45:00,2038-12-04 10:10:00,0.42,Belagavi Station 1,Fast,30,24.2,176.0,290.39999999999998,City EV,Belagavi,Completed,Good,D4714,Rainy,22.5,76.0,26.32,Healthy
EV4715,Tata Curvv EV,Tata,2023,55,94.5,2038-12-05 21:00:00,2038-12-05 22:09:00,1.15,Hubli Station 1,Normal,31,18.7,257.0,224.4,Eco Drive,Hubli,Completed,Good,D4715,Rainy,22.5,76.0,26.32,Healthy
EV4716,Mahindra XUV400,Mahindra,2023,39,94.7,2038-12-06 07:45:00,2038-12-06 08:05:00,0.33,Belagavi Station 2,Fast,32,13.5,140.0,162,Green Mobility,Belagavi,Completed,Good,D4716,Sunny,22.5,76.0,26.32,Healthy
EV4717,Hyundai Kona EV,Hyundai,2023,39,93.3,2038-12-07 20:30:00,2038-12-07 20:49:00,0.32,Belagavi Station 2,Fast,39,20.6,80.0,247.2,EV Fleet India,Belagavi,Completed,Good,D4717,Rainy,22.5,76.0,26.32,Healthy
EV4718,Tata Curvv EV,Tata,2023,55,92.9,2038-12-08 08:15:00,2038-12-08 09:49:00,1.57,Mysore Station 2,Normal,28,27.9,179.0,334.8,Eco Drive,Mysore,Completed,Good,D4718,Rainy,22.5,76.0,26.32,Healthy
EV4719,Tata Punch EV,Tata,2023,35,94.9,2038-12-09 04:15:00,2038-12-09 05:15:00,1.0,Belagavi Station 1,Normal,27,16.5,108.0,198,City EV,Belagavi,Completed,Good,D4719,Sunny,22.5,76.0,26.32,Healthy
EV4720,MG ZS EV,MG,2023,50,96.0,2038-12-10 08:30:00,2038-12-10 09:07:00,0.62,Hubli Station 1,Fast,30,32.1,222.0,385.2,City EV,Hubli,Completed,Good,D4720,Cloudy,22.5,76.0,26.32,Healthy
EV4721,Mahindra XUV400,Mahindra,2023,39,91.0,2038-12-11 00:00:00,2038-12-11 00:16:00,0.27,Mangalore Station 1,Fast,30,10.4,117.0,124.8,City EV,Mangalore,Completed,Good,D4721,Cloudy,22.5,76.0,26.32,Healthy
EV4722,MG ZS EV,MG,2023,50,92.7,2038-12-12 22:30:00,2038-12-12 23:40:00,1.17,Mysore Station 2,Normal,38,19.1,321.0,229.2,EV Fleet India,Mysore,Completed,Good,D4722,Rainy,22.5,76.0,26.32,Healthy
EV4723,BYD Seal,BYD,2023,82,94.9,2038-12-13 09:00:00,2038-12-13 09:50:00,0.83,Hubli Station 1,Fast,39,35.0,341.0,420,Premium Fleet,Hubli,Completed,Good,D4723,Rainy,22.5,76.0,26.32,Healthy
EV4724,BYD Seal,BYD,2023,82,93.4,2038-12-14 08:15:00,2038-12-14 09:02:00,0.78,Belagavi Station 2,Fast,31,36.7,83.0,440.4,Eco Drive,Belagavi,Completed,Good,D4724,Rainy,22.5,76.0,26.32,Healthy
EV4725,MG Comet EV,MG,2023,17,93.1,2038-12-15 17:15:00,2038-12-15 17:26:00,0.18,Belagavi Station 1,Fast,37,8.3,63.0,99.6,Premium Fleet,Belagavi,Completed,Good,D4725,Cloudy,22.5,76.0,26.32,Healthy
EV4726,Mahindra XUV400,Mahindra,2023,39,90.4,2038-12-16 19:45:00,2038-12-16 20:01:00,0.27,Belagavi Station 2,Fast,32,10.7,79.0,128.4,Green Mobility,Belagavi,Completed,Good,D4726,Rainy,22.5,76.0,26.32,Healthy
EV4727,MG Comet EV,MG,2023,17,93.9,2038-12-17 21:30:00,2038-12-17 21:44:00,0.23,Bangalore Station 1,Fast,39,8.3,66.0,99.6,Green Mobility,Bangalore,Completed,Good,D4727,Rainy,22.5,76.0,26.32,Healthy
EV4728,Mahindra XUV400,Mahindra,2023,39,93.3,2038-12-18 15:45:00,2038-12-18 16:57:00,1.2,Mangalore Station 1,Normal,37,22.6,149.0,271.2,City EV,Mangalore,Completed,Good,D4728,Rainy,22.5,76.0,26.32,Healthy
EV4729,Hyundai Kona EV,Hyundai,2023,39,92.1,2038-12-19 16:00:00,2038-12-19 16:20:00,0.33,Hubli Station 2,Fast,38,18.5,332.0,222,Eco Drive,Hubli,Completed,Good,D4729,Sunny,22.5,76.0,26.32,Healthy
EV4730,BYD Seal,BYD,2023,82,93.0,2038-12-20 13:30:00,2038-12-20 13:53:00,0.38,Bangalore Station 2,Fast,38,23.0,163.0,276,EV Fleet India,Bangalore,Completed,Good,D4730,Rainy,22.5,76.0,26.32,Healthy
EV4731,MG Comet EV,MG,2023,17,95.4,2038-12-21 10:30:00,2038-12-21 10:45:00,0.25,Bangalore Station 2,Fast,36,10.6,91.0,127.2,Green Mobility,Bangalore,Completed,Good,D4731,Cloudy,22.5,76.0,26.32,Healthy
EV4732,Tata Nexon EV,Tata,2023,40,94.6,2038-12-22 11:30:00,2038-12-22 13:24:00,1.9,Mysore Station 1,Normal,28,32.8,332.0,393.6,EV Fleet India,Mysore,Completed,Good,D4732,Rainy,22.5,76.0,26.32,Healthy
EV4733,MG Comet EV,MG,2023,17,93.4,2038-12-23 16:00:00,2038-12-23 16:15:00,0.25,Hubli Station 1,Fast,29,10.8,150.0,129.6,Premium Fleet,Hubli,Completed,Good,D4733,Rainy,22.5,76.0,26.32,Healthy
EV4734,Kia EV6,Kia,2023,77,94.1,2038-12-24 23:00:00,2038-12-24 23:59:00,0.98,Belagavi Station 1,Normal,33,18.6,199.0,223.2,Green Mobility,Belagavi,Completed,Good,D4734,Sunny,22.5,76.0,26.32,Healthy
EV4735,Mahindra XUV400,Mahindra,2023,39,93.2,2038-12-25 04:45:00,2038-12-25 05:16:00,0.52,Belagavi Station 1,Fast,33,21.9,309.0,262.8,City EV,Belagavi,Completed,Good,D4735,Rainy,22.5,76.0,26.32,Healthy
EV4736,Mahindra XUV400,Mahindra,2023,39,91.9,2038-12-26 18:30:00,2038-12-26 18:56:00,0.43,Hubli Station 2,Fast,28,16.2,240.0,194.4,EV Fleet India,Hubli,Completed,Good,D4736,Sunny,22.5,76.0,26.32,Healthy
EV4737,BYD Seal,BYD,2023,82,94.6,2038-12-27 01:00:00,2038-12-27 01:29:00,0.48,Belagavi Station 2,Fast,36,23.7,164.0,284.39999999999998,City EV,Belagavi,Completed,Good,D4737,Rainy,22.5,76.0,26.32,Healthy
EV4738,Hyundai Kona EV,Hyundai,2023,39,92.6,2038-12-28 03:00:00,2038-12-28 03:26:00,0.43,Belagavi Station 1,Fast,38,26.0,195.0,312,EV Fleet India,Belagavi,Completed,Good,D4738,Sunny,22.5,76.0,26.32,Healthy
EV4739,Tata Curvv EV,Tata,2023,55,94.4,2038-12-29 08:30:00,2038-12-29 09:25:00,0.92,Hubli Station 2,Fast,36,44.3,71.0,531.6,EV Fleet India,Hubli,Completed,Good,D4739,Rainy,22.5,76.0,26.32,Healthy
EV4740,MG Comet EV,MG,2023,17,90.5,2038-12-30 11:30:00,2038-12-30 11:50:00,0.33,Mysore Station 1,Normal,38,5.4,236.0,64.8,EV Fleet India,Mysore,Completed,Good,D4740,Sunny,22.5,76.0,26.32,Healthy
EV4741,Tata Punch EV,Tata,2023,35,91.2,2038-12-31 09:30:00,2038-12-31 09:47:00,0.28,Belagavi Station 1,Fast,32,16.6,135.0,199.2,Green Mobility,Belagavi,Completed,Good,D4741,Rainy,22.5,76.0,26.32,Healthy
EV4742,Hyundai Kona EV,Hyundai,2023,39,93.3,2039-01-01 07:15:00,2039-01-01 08:34:00,1.32,Mysore Station 1,Normal,34,21.7,290.0,260.39999999999998,Eco Drive,Mysore,Completed,Good,D4742,Rainy,22.5,76.0,26.32,Healthy
EV4743,Tata Nexon EV,Tata,2023,40,93.9,2039-01-02 10:45:00,2039-01-02 11:20:00,0.58,Mysore Station 1,Fast,32,23.8,282.0,285.60000000000002,City EV,Mysore,Completed,Good,D4743,Rainy,22.5,76.0,26.32,Healthy
EV4744,Hyundai Kona EV,Hyundai,2023,39,96.0,2039-01-03 14:30:00,2039-01-03 14:36:00,0.1,Mangalore Station 2,Fast,37,9.3,120.0,111.6,EV Fleet India,Mangalore,Completed,Good,D4744,Rainy,22.5,76.0,26.32,Healthy
EV4745,BYD Seal,BYD,2023,82,94.6,2039-01-04 15:15:00,2039-01-04 17:24:00,2.15,Mangalore Station 2,Normal,39,37.4,124.0,448.8,City EV,Mangalore,Completed,Good,D4745,Rainy,22.5,76.0,26.32,Healthy
EV4746,Tata Punch EV,Tata,2023,35,95.7,2039-01-05 06:45:00,2039-01-05 08:08:00,1.38,Mangalore Station 2,Normal,31,23.5,338.0,282,Green Mobility,Mangalore,Completed,Good,D4746,Rainy,22.5,76.0,26.32,Healthy
EV4747,BYD Seal,BYD,2023,82,91.2,2039-01-06 03:00:00,2039-01-06 03:43:00,0.72,Mysore Station 1,Fast,30,33.1,90.0,397.2,City EV,Mysore,Completed,Good,D4747,Sunny,22.5,76.0,26.32,Healthy
EV4748,Hyundai Kona EV,Hyundai,2023,39,93.0,2039-01-07 02:45:00,2039-01-07 03:27:00,0.7,Mangalore Station 2,Normal,33,12.8,207.0,153.6,Green Mobility,Mangalore,Completed,Good,D4748,Sunny,22.5,76.0,26.32,Healthy
EV4749,Kia EV6,Kia,2023,77,94.5,2039-01-08 06:45:00,2039-01-08 07:22:00,0.62,Belagavi Station 2,Fast,32,30.3,185.0,363.6,EV Fleet India,Belagavi,Completed,Good,D4749,Cloudy,22.5,76.0,26.32,Healthy
EV4750,Kia EV6,Kia,2023,77,95.5,2039-01-09 16:00:00,2039-01-09 19:13:00,3.22,Mysore Station 1,Normal,39,56.6,326.0,679.2,City EV,Mysore,Completed,Good,D4750,Sunny,22.5,76.0,26.32,Healthy
EV4751,Kia EV6,Kia,2023,77,95.1,2039-01-10 22:15:00,2039-01-10 23:18:00,1.05,Bangalore Station 2,Fast,29,54.4,117.0,652.79999999999995,Eco Drive,Bangalore,Completed,Good,D4751,Cloudy,22.5,76.0,26.32,Healthy
EV4752,Hyundai Kona EV,Hyundai,2023,39,93.6,2039-01-11 08:15:00,2039-01-11 08:43:00,0.47,Mangalore Station 2,Fast,27,20.8,223.0,249.6,City EV,Mangalore,Completed,Good,D4752,Rainy,22.5,76.0,26.32,Healthy
EV4753,Tata Nexon EV,Tata,2023,40,93.5,2039-01-12 13:30:00,2039-01-12 14:51:00,1.35,Mysore Station 1,Normal,37,23.0,346.0,276,City EV,Mysore,Completed,Good,D4753,Rainy,22.5,76.0,26.32,Healthy
EV4754,BYD Atto 3,BYD,2023,60,91.3,2039-01-13 21:15:00,2039-01-13 22:06:00,0.85,Mangalore Station 2,Fast,27,43.1,271.0,517.20000000000005,City EV,Mangalore,Completed,Good,D4754,Cloudy,22.5,76.0,26.32,Healthy
EV4755,Tata Punch EV,Tata,2023,35,93.9,2039-01-14 21:15:00,2039-01-14 21:28:00,0.22,Mangalore Station 2,Fast,31,14.0,271.0,168,Green Mobility,Mangalore,Completed,Good,D4755,Sunny,22.5,76.0,26.32,Healthy
EV4756,Kia EV6,Kia,2023,77,95.2,2039-01-15 23:45:00,2039-01-16 00:27:00,0.7,Bangalore Station 1,Fast,29,31.4,332.0,376.8,City EV,Bangalore,Completed,Good,D4756,Sunny,22.5,76.0,26.32,Healthy
EV4757,Mahindra XUV400,Mahindra,2023,39,93.5,2039-01-16 19:15:00,2039-01-16 19:52:00,0.62,Bangalore Station 1,Fast,36,24.7,110.0,296.39999999999998,Eco Drive,Bangalore,Completed,Good,D4757,Rainy,22.5,76.0,26.32,Healthy
EV4758,Kia EV6,Kia,2023,77,94.8,2039-01-17 20:30:00,2039-01-17 21:26:00,0.93,Belagavi Station 2,Fast,35,46.1,89.0,553.20000000000005,EV Fleet India,Belagavi,Completed,Good,D4758,Rainy,22.5,76.0,26.32,Healthy
EV4759,Hyundai Kona EV,Hyundai,2023,39,90.8,2039-01-18 02:45:00,2039-01-18 03:52:00,1.12,Belagavi Station 1,Normal,32,18.5,83.0,222,City EV,Belagavi,Completed,Good,D4759,Sunny,22.5,76.0,26.32,Healthy
EV4760,Mahindra XUV400,Mahindra,2023,39,92.0,2039-01-19 00:00:00,2039-01-19 00:40:00,0.67,Mangalore Station 1,Normal,31,13.6,81.0,163.19999999999999,City EV,Mangalore,Completed,Good,D4760,Cloudy,22.5,76.0,26.32,Healthy
EV4761,MG Comet EV,MG,2023,17,92.3,2039-01-20 10:45:00,2039-01-20 10:56:00,0.18,Bangalore Station 1,Fast,30,6.9,174.0,82.8,Green Mobility,Bangalore,Completed,Good,D4761,Cloudy,22.5,76.0,26.32,Healthy
EV4762,Hyundai Kona EV,Hyundai,2023,39,94.7,2039-01-21 19:45:00,2039-01-21 20:18:00,0.55,Bangalore Station 2,Fast,31,26.5,86.0,318,City EV,Bangalore,Completed,Good,D4762,Sunny,22.5,76.0,26.32,Healthy
EV4763,Mahindra XUV400,Mahindra,2023,39,91.8,2039-01-22 16:30:00,2039-01-22 16:58:00,0.47,Hubli Station 1,Fast,34,23.5,279.0,282,Premium Fleet,Hubli,Completed,Good,D4763,Cloudy,22.5,76.0,26.32,Healthy
EV4764,Tata Nexon EV,Tata,2023,40,94.4,2039-01-23 04:45:00,2039-01-23 05:04:00,0.32,Mangalore Station 2,Fast,32,13.2,131.0,158.4,Green Mobility,Mangalore,Completed,Good,D4764,Rainy,22.5,76.0,26.32,Healthy
EV4765,BYD Atto 3,BYD,2023,60,92.4,2039-01-24 08:30:00,2039-01-24 09:11:00,0.68,Mysore Station 2,Fast,29,28.1,248.0,337.2,Eco Drive,Mysore,Completed,Good,D4765,Cloudy,22.5,76.0,26.32,Healthy
EV4766,Tata Nexon EV,Tata,2023,40,91.2,2039-01-25 23:15:00,2039-01-25 23:47:00,0.53,Bangalore Station 1,Fast,33,23.4,216.0,280.8,Premium Fleet,Bangalore,Completed,Good,D4766,Rainy,22.5,76.0,26.32,Healthy
EV4767,MG Comet EV,MG,2023,17,91.8,2039-01-26 16:45:00,2039-01-26 16:58:00,0.22,Mysore Station 1,Fast,35,11.0,182.0,132,Premium Fleet,Mysore,Completed,Good,D4767,Rainy,22.5,76.0,26.32,Healthy
EV4768,MG ZS EV,MG,2023,50,94.6,2039-01-27 14:15:00,2039-01-27 14:44:00,0.48,Belagavi Station 2,Fast,34,23.7,310.0,284.39999999999998,Green Mobility,Belagavi,Completed,Good,D4768,Rainy,22.5,76.0,26.32,Healthy
EV4769,BYD Seal,BYD,2023,82,92.1,2039-01-28 03:45:00,2039-01-28 05:58:00,2.22,Belagavi Station 1,Normal,34,39.2,122.0,470.4,Green Mobility,Belagavi,Completed,Good,D4769,Sunny,22.5,76.0,26.32,Healthy
EV4770,Hyundai Kona EV,Hyundai,2023,39,96.1,2039-01-29 03:15:00,2039-01-29 03:35:00,0.33,Hubli Station 1,Fast,39,12.9,131.0,154.80000000000001,Green Mobility,Hubli,Completed,Good,D4770,Cloudy,22.5,76.0,26.32,Healthy
EV4771,Tata Curvv EV,Tata,2023,55,92.4,2039-01-30 00:15:00,2039-01-30 00:51:00,0.6,Bangalore Station 2,Fast,36,23.6,166.0,283.2,Premium Fleet,Bangalore,Completed,Good,D4771,Rainy,22.5,76.0,26.32,Healthy
EV4772,Tata Punch EV,Tata,2023,35,90.5,2039-01-31 22:45:00,2039-01-31 23:05:00,0.33,Mysore Station 2,Fast,29,19.7,293.0,236.4,Green Mobility,Mysore,Completed,Good,D4772,Rainy,22.5,76.0,26.32,Healthy
EV4773,Tata Nexon EV,Tata,2023,40,91.9,2039-02-01 08:15:00,2039-02-01 08:41:00,0.43,Mysore Station 2,Fast,31,24.4,81.0,292.8,City EV,Mysore,Completed,Good,D4773,Sunny,22.5,76.0,26.32,Healthy
EV4774,Kia EV6,Kia,2023,77,95.8,2039-02-02 23:30:00,2039-02-03 00:00:00,0.5,Mangalore Station 1,Fast,28,27.5,344.0,330,Premium Fleet,Mangalore,Completed,Good,D4774,Sunny,22.5,76.0,26.32,Healthy
EV4775,Mahindra XUV400,Mahindra,2023,39,92.4,2039-02-03 08:45:00,2039-02-03 09:14:00,0.48,Bangalore Station 2,Fast,35,22.8,193.0,273.60000000000002,EV Fleet India,Bangalore,Completed,Good,D4775,Sunny,22.5,76.0,26.32,Healthy
EV4776,BYD Seal,BYD,2023,82,90.5,2039-02-04 10:45:00,2039-02-04 11:17:00,0.53,Mangalore Station 1,Fast,33,31.0,182.0,372,Eco Drive,Mangalore,Completed,Good,D4776,Rainy,22.5,76.0,26.32,Healthy
EV4777,BYD Seal,BYD,2023,82,90.6,2039-02-05 07:00:00,2039-02-05 07:56:00,0.93,Hubli Station 2,Fast,33,49.0,288.0,588,Premium Fleet,Hubli,Completed,Good,D4777,Sunny,22.5,76.0,26.32,Healthy
EV4778,Tata Punch EV,Tata,2023,35,93.4,2039-02-06 16:15:00,2039-02-06 17:48:00,1.55,Hubli Station 1,Normal,39,29.2,310.0,350.4,Premium Fleet,Hubli,Completed,Good,D4778,Sunny,22.5,76.0,26.32,Healthy
EV4779,MG Comet EV,MG,2023,17,92.3,2039-02-07 09:15:00,2039-02-07 09:26:00,0.18,Mysore Station 1,Fast,39,10.0,146.0,120,Green Mobility,Mysore,Completed,Good,D4779,Rainy,22.5,76.0,26.32,Healthy
EV4780,MG ZS EV,MG,2023,50,90.6,2039-02-08 13:00:00,2039-02-08 13:31:00,0.52,Mangalore Station 1,Fast,27,22.4,98.0,268.8,Premium Fleet,Mangalore,Completed,Good,D4780,Cloudy,22.5,76.0,26.32,Healthy
EV4781,MG ZS EV,MG,2023,50,94.4,2039-02-09 05:00:00,2039-02-09 07:01:00,2.02,Hubli Station 2,Normal,32,34.7,197.0,416.4,Eco Drive,Hubli,Completed,Good,D4781,Cloudy,22.5,76.0,26.32,Healthy
EV4782,MG Comet EV,MG,2023,17,94.8,2039-02-10 18:00:00,2039-02-10 18:14:00,0.23,Mangalore Station 1,Fast,37,9.7,320.0,116.4,City EV,Mangalore,Completed,Good,D4782,Rainy,22.5,76.0,26.32,Healthy
EV4783,Hyundai Kona EV,Hyundai,2023,39,94.7,2039-02-11 02:30:00,2039-02-11 03:03:00,0.55,Bangalore Station 2,Fast,30,25.3,347.0,303.60000000000002,Green Mobility,Bangalore,Completed,Good,D4783,Cloudy,22.5,76.0,26.32,Healthy
EV4784,MG Comet EV,MG,2023,17,91.0,2039-02-12 10:15:00,2039-02-12 11:00:00,0.75,Mangalore Station 1,Normal,33,12.2,133.0,146.4,Premium Fleet,Mangalore,Completed,Good,D4784,Rainy,22.5,76.0,26.32,Healthy
EV4785,MG ZS EV,MG,2023,50,95.6,2039-02-13 17:30:00,2039-02-13 18:59:00,1.48,Mangalore Station 1,Normal,27,25.2,139.0,302.39999999999998,EV Fleet India,Mangalore,Completed,Good,D4785,Sunny,22.5,76.0,26.32,Healthy
EV4786,BYD Seal,BYD,2023,82,90.8,2039-02-14 13:00:00,2039-02-14 16:33:00,3.55,Hubli Station 1,Normal,29,62.4,267.0,748.8,City EV,Hubli,Completed,Good,D4786,Rainy,22.5,76.0,26.32,Healthy
EV4787,Tata Punch EV,Tata,2023,35,96.1,2039-02-15 20:00:00,2039-02-15 20:23:00,0.38,Mysore Station 2,Fast,31,18.1,233.0,217.2,City EV,Mysore,Completed,Good,D4787,Sunny,22.5,76.0,26.32,Healthy
EV4788,BYD Seal,BYD,2023,82,91.9,2039-02-16 19:30:00,2039-02-16 20:16:00,0.77,Hubli Station 1,Fast,38,32.5,123.0,390,Green Mobility,Hubli,Completed,Good,D4788,Cloudy,22.5,76.0,26.32,Healthy
EV4789,MG ZS EV,MG,2023,50,94.5,2039-02-17 21:30:00,2039-02-17 23:31:00,2.02,Mysore Station 1,Normal,37,35.2,232.0,422.4,Eco Drive,Mysore,Completed,Good,D4789,Cloudy,22.5,76.0,26.32,Healthy
EV4790,MG Comet EV,MG,2023,17,90.6,2039-02-18 14:45:00,2039-02-18 15:10:00,0.42,Belagavi Station 2,Normal,37,6.4,224.0,76.8,City EV,Belagavi,Completed,Good,D4790,Sunny,22.5,76.0,26.32,Healthy
EV4791,Kia EV6,Kia,2023,77,96.1,2039-02-19 09:30:00,2039-02-19 10:11:00,0.68,Belagavi Station 2,Fast,32,27.7,103.0,332.4,EV Fleet India,Belagavi,Completed,Good,D4791,Rainy,22.5,76.0,26.32,Healthy
EV4792,MG ZS EV,MG,2023,50,93.9,2039-02-20 20:15:00,2039-02-20 20:59:00,0.73,Bangalore Station 1,Fast,37,34.1,229.0,409.2,Premium Fleet,Bangalore,Completed,Good,D4792,Rainy,22.5,76.0,26.32,Healthy
EV4793,BYD Atto 3,BYD,2023,60,93.2,2039-02-21 09:00:00,2039-02-21 10:09:00,1.15,Bangalore Station 2,Normal,39,20.0,327.0,240,EV Fleet India,Bangalore,Completed,Good,D4793,Rainy,22.5,76.0,26.32,Healthy
EV4794,Tata Curvv EV,Tata,2023,55,93.6,2039-02-22 05:00:00,2039-02-22 05:31:00,0.52,Bangalore Station 1,Fast,32,20.4,189.0,244.8,Eco Drive,Bangalore,Completed,Good,D4794,Sunny,22.5,76.0,26.32,Healthy
EV4795,Mahindra XUV400,Mahindra,2023,39,91.4,2039-02-23 21:45:00,2039-02-23 22:04:00,0.32,Mysore Station 2,Fast,27,10.7,170.0,128.4,Eco Drive,Mysore,Completed,Good,D4795,Sunny,22.5,76.0,26.32,Healthy
EV4796,Tata Curvv EV,Tata,2023,55,95.2,2039-02-24 20:15:00,2039-02-24 21:53:00,1.63,Mangalore Station 2,Normal,37,27.5,318.0,330,City EV,Mangalore,Completed,Good,D4796,Rainy,22.5,76.0,26.32,Healthy
EV4797,Tata Nexon EV,Tata,2023,40,91.8,2039-02-25 13:45:00,2039-02-25 14:42:00,0.95,Bangalore Station 1,Normal,36,15.8,158.0,189.6,City EV,Bangalore,Completed,Good,D4797,Sunny,22.5,76.0,26.32,Healthy
EV4798,Tata Curvv EV,Tata,2023,55,93.2,2039-02-26 22:00:00,2039-02-26 23:31:00,1.52,Mangalore Station 2,Normal,34,27.5,60.0,330,EV Fleet India,Mangalore,Completed,Good,D4798,Sunny,22.5,76.0,26.32,Healthy
EV4799,MG ZS EV,MG,2023,50,90.8,2039-02-27 08:15:00,2039-02-27 08:45:00,0.5,Belagavi Station 2,Fast,36,19.2,170.0,230.4,EV Fleet India,Belagavi,Completed,Good,D4799,Cloudy,22.5,76.0,26.32,Healthy
EV4800,BYD Atto 3,BYD,2023,60,92.2,2039-02-28 21:00:00,2039-02-28 22:44:00,1.73,Mysore Station 2,Normal,36,29.1,170.0,349.2,Green Mobility,Mysore,Completed,Good,D4800,Rainy,22.5,76.0,26.32,Healthy
EV4801,BYD Seal,BYD,2023,82,92.5,2039-03-01 07:45:00,2039-03-01 08:50:00,1.08,Belagavi Station 1,Normal,35,19.9,225.0,238.8,City EV,Belagavi,Completed,Good,D4801,Cloudy,22.5,76.0,26.32,Healthy
EV4802,Tata Curvv EV,Tata,2023,55,92.9,2039-03-02 21:00:00,2039-03-02 21:43:00,0.72,Mangalore Station 1,Fast,39,37.0,240.0,444,EV Fleet India,Mangalore,Completed,Good,D4802,Cloudy,22.5,76.0,26.32,Healthy
EV4803,Mahindra XUV400,Mahindra,2023,39,91.1,2039-03-03 15:30:00,2039-03-03 15:55:00,0.42,Bangalore Station 2,Fast,38,25.6,284.0,307.2,Green Mobility,Bangalore,Completed,Good,D4803,Cloudy,22.5,76.0,26.32,Healthy
EV4804,Tata Punch EV,Tata,2023,35,91.2,2039-03-04 00:45:00,2039-03-04 02:17:00,1.53,Hubli Station 1,Normal,33,26.0,306.0,312,City EV,Hubli,Completed,Good,D4804,Rainy,22.5,76.0,26.32,Healthy
EV4805,Hyundai Kona EV,Hyundai,2023,39,91.1,2039-03-05 23:30:00,2039-03-06 00:43:00,1.22,Belagavi Station 1,Normal,32,23.4,77.0,280.8,Green Mobility,Belagavi,Completed,Good,D4805,Cloudy,22.5,76.0,26.32,Healthy
EV4806,BYD Seal,BYD,2023,82,93.8,2039-03-06 20:30:00,2039-03-06 21:14:00,0.73,Bangalore Station 1,Fast,39,30.7,152.0,368.4,Eco Drive,Bangalore,Completed,Good,D4806,Sunny,22.5,76.0,26.32,Healthy
EV4807,BYD Seal,BYD,2023,82,93.6,2039-03-07 10:00:00,2039-03-07 10:39:00,0.65,Bangalore Station 2,Fast,36,37.3,106.0,447.6,City EV,Bangalore,Completed,Good,D4807,Cloudy,22.5,76.0,26.32,Healthy
EV4808,Tata Curvv EV,Tata,2023,55,96.1,2039-03-08 03:00:00,2039-03-08 03:50:00,0.83,Hubli Station 1,Fast,28,37.5,86.0,450,Green Mobility,Hubli,Completed,Good,D4808,Rainy,22.5,76.0,26.32,Healthy
EV4809,Mahindra XUV400,Mahindra,2023,39,93.7,2039-03-09 05:45:00,2039-03-09 06:17:00,0.53,Bangalore Station 1,Fast,33,24.9,264.0,298.8,Premium Fleet,Bangalore,Completed,Good,D4809,Cloudy,22.5,76.0,26.32,Healthy
EV4810,Mahindra XUV400,Mahindra,2023,39,91.1,2039-03-10 11:15:00,2039-03-10 11:46:00,0.52,Mangalore Station 2,Fast,37,29.8,227.0,357.6,City EV,Mangalore,Completed,Good,D4810,Rainy,22.5,76.0,26.32,Healthy
EV4811,Tata Curvv EV,Tata,2023,55,91.3,2039-03-11 08:15:00,2039-03-11 10:00:00,1.75,Mangalore Station 2,Normal,38,32.7,285.0,392.4,Eco Drive,Mangalore,Completed,Good,D4811,Cloudy,22.5,76.0,26.32,Healthy
EV4812,Tata Curvv EV,Tata,2023,55,92.3,2039-03-12 05:15:00,2039-03-12 06:12:00,0.95,Mangalore Station 1,Normal,38,18.6,122.0,223.2,Eco Drive,Mangalore,Completed,Good,D4812,Rainy,22.5,76.0,26.32,Healthy
EV4813,BYD Atto 3,BYD,2023,60,92.3,2039-03-13 22:45:00,2039-03-14 00:05:00,1.33,Mysore Station 1,Normal,29,25.0,280.0,300,Premium Fleet,Mysore,Completed,Good,D4813,Rainy,22.5,76.0,26.32,Healthy
EV4814,Tata Nexon EV,Tata,2023,40,94.9,2039-03-14 21:45:00,2039-03-14 22:24:00,0.65,Mysore Station 2,Fast,33,29.0,158.0,348,Eco Drive,Mysore,Completed,Good,D4814,Rainy,22.5,76.0,26.32,Healthy
EV4815,MG ZS EV,MG,2023,50,94.5,2039-03-15 11:15:00,2039-03-15 11:45:00,0.5,Mangalore Station 1,Fast,33,20.2,304.0,242.4,Premium Fleet,Mangalore,Completed,Good,D4815,Cloudy,22.5,76.0,26.32,Healthy
EV4816,BYD Seal,BYD,2023,82,93.0,2039-03-16 04:00:00,2039-03-16 04:40:00,0.67,Hubli Station 2,Fast,35,34.5,180.0,414,EV Fleet India,Hubli,Completed,Good,D4816,Rainy,22.5,76.0,26.32,Healthy
EV4817,Mahindra XUV400,Mahindra,2023,39,91.8,2039-03-17 03:30:00,2039-03-17 03:59:00,0.48,Belagavi Station 1,Fast,36,17.8,120.0,213.6,Green Mobility,Belagavi,Completed,Good,D4817,Sunny,22.5,76.0,26.32,Healthy
EV4818,Tata Curvv EV,Tata,2023,55,92.5,2039-03-18 19:15:00,2039-03-18 19:34:00,0.32,Belagavi Station 2,Fast,33,16.6,145.0,199.2,Eco Drive,Belagavi,Completed,Good,D4818,Rainy,22.5,76.0,26.32,Healthy
EV4819,Tata Curvv EV,Tata,2023,55,90.2,2039-03-19 13:15:00,2039-03-19 14:03:00,0.8,Mysore Station 1,Fast,33,36.2,75.0,434.4,Premium Fleet,Mysore,Completed,Good,D4819,Rainy,22.5,76.0,26.32,Healthy
EV4820,Hyundai Kona EV,Hyundai,2023,39,94.9,2039-03-20 18:45:00,2039-03-20 19:50:00,1.08,Bangalore Station 2,Normal,37,19.1,293.0,229.2,EV Fleet India,Bangalore,Completed,Good,D4820,Sunny,22.5,76.0,26.32,Healthy
EV4821,BYD Seal,BYD,2023,82,93.6,2039-03-21 12:15:00,2039-03-21 12:51:00,0.6,Belagavi Station 1,Fast,34,28.5,212.0,342,Eco Drive,Belagavi,Completed,Good,D4821,Rainy,22.5,76.0,26.32,Healthy
EV4822,Tata Curvv EV,Tata,2023,55,95.5,2039-03-22 17:30:00,2039-03-22 19:38:00,2.13,Mysore Station 2,Normal,33,38.5,174.0,462,Premium Fleet,Mysore,Completed,Good,D4822,Rainy,22.5,76.0,26.32,Healthy
EV4823,MG ZS EV,MG,2023,50,92.7,2039-03-23 20:45:00,2039-03-23 21:16:00,0.52,Mangalore Station 2,Fast,28,27.9,65.0,334.8,Eco Drive,Mangalore,Completed,Good,D4823,Cloudy,22.5,76.0,26.32,Healthy
EV4824,Tata Curvv EV,Tata,2023,55,91.9,2039-03-24 06:45:00,2039-03-24 08:02:00,1.28,Belagavi Station 2,Normal,34,24.8,76.0,297.60000000000002,Eco Drive,Belagavi,Completed,Good,D4824,Sunny,22.5,76.0,26.32,Healthy
EV4825,Tata Punch EV,Tata,2023,35,93.6,2039-03-25 22:15:00,2039-03-25 23:07:00,0.87,Hubli Station 2,Normal,31,16.3,315.0,195.6,EV Fleet India,Hubli,Completed,Good,D4825,Cloudy,22.5,76.0,26.32,Healthy
EV4826,Tata Nexon EV,Tata,2023,40,93.8,2039-03-26 17:45:00,2039-03-26 18:02:00,0.28,Bangalore Station 1,Fast,31,17.4,234.0,208.8,Green Mobility,Bangalore,Completed,Good,D4826,Cloudy,22.5,76.0,26.32,Healthy
EV4827,BYD Seal,BYD,2023,82,92.1,2039-03-27 03:45:00,2039-03-27 05:04:00,1.32,Hubli Station 2,Fast,38,64.4,203.0,772.8,Green Mobility,Hubli,Completed,Good,D4827,Cloudy,22.5,76.0,26.32,Healthy
EV4828,Tata Nexon EV,Tata,2023,40,90.6,2039-03-28 14:45:00,2039-03-28 15:46:00,1.02,Hubli Station 1,Normal,36,19.5,292.0,234,EV Fleet India,Hubli,Completed,Good,D4828,Sunny,22.5,76.0,26.32,Healthy
EV4829,Mahindra XUV400,Mahindra,2023,39,91.9,2039-03-29 19:00:00,2039-03-29 20:26:00,1.43,Mysore Station 2,Normal,28,27.2,66.0,326.39999999999998,EV Fleet India,Mysore,Completed,Good,D4829,Cloudy,22.5,76.0,26.32,Healthy
EV4830,Hyundai Kona EV,Hyundai,2023,39,90.5,2039-03-30 14:30:00,2039-03-30 14:58:00,0.47,Hubli Station 2,Fast,29,23.4,109.0,280.8,City EV,Hubli,Completed,Good,D4830,Sunny,22.5,76.0,26.32,Healthy
EV4831,Kia EV6,Kia,2023,77,91.7,2039-03-31 09:15:00,2039-03-31 10:24:00,1.15,Belagavi Station 1,Normal,39,21.9,84.0,262.8,Premium Fleet,Belagavi,Completed,Good,D4831,Sunny,22.5,76.0,26.32,Healthy
EV4832,Mahindra XUV400,Mahindra,2023,39,91.3,2039-04-01 16:15:00,2039-04-01 17:29:00,1.23,Mangalore Station 2,Normal,30,20.1,231.0,241.2,EV Fleet India,Mangalore,Completed,Good,D4832,Cloudy,22.5,76.0,26.32,Healthy
EV4833,BYD Atto 3,BYD,2023,60,90.3,2039-04-02 06:15:00,2039-04-02 07:34:00,1.32,Mysore Station 1,Normal,30,23.9,227.0,286.8,Green Mobility,Mysore,Completed,Good,D4833,Cloudy,22.5,76.0,26.32,Healthy
EV4834,Kia EV6,Kia,2023,77,91.1,2039-04-03 11:45:00,2039-04-03 12:21:00,0.6,Belagavi Station 1,Fast,39,25.3,228.0,303.60000000000002,City EV,Belagavi,Completed,Good,D4834,Cloudy,22.5,76.0,26.32,Healthy
EV4835,MG Comet EV,MG,2023,17,95.0,2039-04-04 21:30:00,2039-04-04 22:15:00,0.75,Mysore Station 1,Normal,30,12.5,204.0,150,Eco Drive,Mysore,Completed,Good,D4835,Sunny,22.5,76.0,26.32,Healthy
EV4836,Kia EV6,Kia,2023,77,95.6,2039-04-05 15:15:00,2039-04-05 16:56:00,1.68,Bangalore Station 1,Normal,29,31.3,157.0,375.6,Eco Drive,Bangalore,Completed,Good,D4836,Rainy,22.5,76.0,26.32,Healthy
EV4837,Tata Curvv EV,Tata,2023,55,95.6,2039-04-06 20:45:00,2039-04-06 22:01:00,1.27,Mysore Station 2,Normal,35,21.4,181.0,256.8,City EV,Mysore,Completed,Good,D4837,Cloudy,22.5,76.0,26.32,Healthy
EV4838,Mahindra XUV400,Mahindra,2023,39,91.7,2039-04-07 07:00:00,2039-04-07 07:16:00,0.27,Hubli Station 2,Fast,30,11.5,223.0,138,City EV,Hubli,Completed,Good,D4838,Rainy,22.5,76.0,26.32,Healthy
EV4839,MG Comet EV,MG,2023,17,93.6,2039-04-08 15:15:00,2039-04-08 15:19:00,0.07,Hubli Station 1,Fast,33,6.1,280.0,73.2,Eco Drive,Hubli,Completed,Good,D4839,Cloudy,22.5,76.0,26.32,Healthy
EV4840,Tata Curvv EV,Tata,2023,55,94.9,2039-04-09 02:00:00,2039-04-09 02:24:00,0.4,Hubli Station 2,Fast,29,21.0,141.0,252,Eco Drive,Hubli,Completed,Good,D4840,Sunny,22.5,76.0,26.32,Healthy
EV4841,Tata Nexon EV,Tata,2023,40,92.2,2039-04-10 20:15:00,2039-04-10 20:38:00,0.38,Mangalore Station 1,Fast,35,22.1,110.0,265.2,City EV,Mangalore,Completed,Good,D4841,Rainy,22.5,76.0,26.32,Healthy
EV4842,Mahindra XUV400,Mahindra,2023,39,95.5,2039-04-11 10:45:00,2039-04-11 11:10:00,0.42,Belagavi Station 2,Fast,37,16.6,262.0,199.2,City EV,Belagavi,Completed,Good,D4842,Sunny,22.5,76.0,26.32,Healthy
EV4843,Tata Curvv EV,Tata,2023,55,91.5,2039-04-12 11:00:00,2039-04-12 12:53:00,1.88,Bangalore Station 2,Normal,31,35.3,350.0,423.6,Premium Fleet,Bangalore,Completed,Good,D4843,Cloudy,22.5,76.0,26.32,Healthy
EV4844,Hyundai Kona EV,Hyundai,2023,39,92.7,2039-04-13 23:00:00,2039-04-13 23:23:00,0.38,Bangalore Station 1,Fast,32,13.2,338.0,158.4,Eco Drive,Bangalore,Completed,Good,D4844,Rainy,22.5,76.0,26.32,Healthy
EV4845,Tata Nexon EV,Tata,2023,40,92.9,2039-04-14 18:30:00,2039-04-14 19:05:00,0.58,Hubli Station 2,Fast,34,23.5,137.0,282,Green Mobility,Hubli,Completed,Good,D4845,Cloudy,22.5,76.0,26.32,Healthy
EV4846,Tata Nexon EV,Tata,2023,40,95.8,2039-04-15 08:45:00,2039-04-15 09:19:00,0.57,Belagavi Station 2,Fast,32,30.7,243.0,368.4,EV Fleet India,Belagavi,Completed,Good,D4846,Sunny,22.5,76.0,26.32,Healthy
EV4847,MG Comet EV,MG,2023,17,94.7,2039-04-16 03:00:00,2039-04-16 03:08:00,0.13,Bangalore Station 1,Fast,36,9.2,82.0,110.4,EV Fleet India,Bangalore,Completed,Good,D4847,Cloudy,22.5,76.0,26.32,Healthy
EV4848,Tata Nexon EV,Tata,2023,40,90.9,2039-04-17 16:30:00,2039-04-17 17:29:00,0.98,Mysore Station 2,Normal,27,16.5,219.0,198,EV Fleet India,Mysore,Completed,Good,D4848,Cloudy,22.5,76.0,26.32,Healthy
EV4849,Kia EV6,Kia,2023,77,95.0,2039-04-18 19:45:00,2039-04-18 20:44:00,0.98,Belagavi Station 1,Fast,34,46.0,318.0,552,Premium Fleet,Belagavi,Completed,Good,D4849,Cloudy,22.5,76.0,26.32,Healthy
EV4850,Tata Curvv EV,Tata,2023,55,96.1,2039-04-19 22:00:00,2039-04-19 22:30:00,0.5,Belagavi Station 2,Fast,32,24.3,87.0,291.60000000000002,EV Fleet India,Belagavi,Completed,Good,D4850,Rainy,22.5,76.0,26.32,Healthy
EV4851,BYD Atto 3,BYD,2023,60,93.0,2039-04-20 11:15:00,2039-04-20 12:27:00,1.2,Mysore Station 2,Normal,37,22.4,261.0,268.8,Premium Fleet,Mysore,Completed,Good,D4851,Rainy,22.5,76.0,26.32,Healthy
EV4852,MG Comet EV,MG,2023,17,90.9,2039-04-21 20:00:00,2039-04-21 20:17:00,0.28,Belagavi Station 2,Fast,38,11.0,140.0,132,Premium Fleet,Belagavi,Completed,Good,D4852,Cloudy,22.5,76.0,26.32,Healthy
EV4853,Hyundai Kona EV,Hyundai,2023,39,90.5,2039-04-22 16:45:00,2039-04-22 17:06:00,0.35,Belagavi Station 2,Fast,29,19.6,320.0,235.2,EV Fleet India,Belagavi,Completed,Good,D4853,Cloudy,22.5,76.0,26.32,Healthy
EV4854,Tata Punch EV,Tata,2023,35,92.8,2039-04-23 21:30:00,2039-04-23 21:54:00,0.4,Mysore Station 1,Fast,30,13.4,349.0,160.80000000000001,City EV,Mysore,Completed,Good,D4854,Sunny,22.5,76.0,26.32,Healthy
EV4855,BYD Atto 3,BYD,2023,60,92.7,2039-04-24 20:30:00,2039-04-24 21:24:00,0.9,Mysore Station 2,Fast,30,48.8,276.0,585.6,EV Fleet India,Mysore,Completed,Good,D4855,Cloudy,22.5,76.0,26.32,Healthy
EV4856,Mahindra XUV400,Mahindra,2023,39,94.7,2039-04-25 03:15:00,2039-04-25 03:41:00,0.43,Bangalore Station 2,Fast,37,20.8,218.0,249.6,City EV,Bangalore,Completed,Good,D4856,Cloudy,22.5,76.0,26.32,Healthy
EV4857,Tata Nexon EV,Tata,2023,40,90.9,2039-04-26 04:30:00,2039-04-26 04:55:00,0.42,Belagavi Station 2,Fast,39,14.5,286.0,174,Eco Drive,Belagavi,Completed,Good,D4857,Cloudy,22.5,76.0,26.32,Healthy
EV4858,Kia EV6,Kia,2023,77,90.5,2039-04-27 23:15:00,2039-04-28 00:00:00,0.75,Belagavi Station 2,Fast,37,34.5,132.0,414,Green Mobility,Belagavi,Completed,Good,D4858,Rainy,22.5,76.0,26.32,Healthy
EV4859,MG Comet EV,MG,2023,17,92.4,2039-04-28 15:15:00,2039-04-28 15:27:00,0.2,Belagavi Station 2,Fast,33,4.1,166.0,49.2,Premium Fleet,Belagavi,Completed,Good,D4859,Sunny,22.5,76.0,26.32,Healthy
EV4860,MG Comet EV,MG,2023,17,91.5,2039-04-29 10:45:00,2039-04-29 10:53:00,0.13,Mysore Station 2,Fast,32,8.0,317.0,96,EV Fleet India,Mysore,Completed,Good,D4860,Sunny,22.5,76.0,26.32,Healthy
EV4861,Tata Curvv EV,Tata,2023,55,90.5,2039-04-30 12:45:00,2039-04-30 13:33:00,0.8,Bangalore Station 2,Fast,35,41.4,237.0,496.8,City EV,Bangalore,Completed,Good,D4861,Sunny,22.5,76.0,26.32,Healthy
EV4862,Kia EV6,Kia,2023,77,90.9,2039-05-01 06:00:00,2039-05-01 09:02:00,3.03,Mysore Station 2,Normal,34,55.5,282.0,666,Green Mobility,Mysore,Completed,Good,D4862,Rainy,22.5,76.0,26.32,Healthy
EV4863,Kia EV6,Kia,2023,77,96.1,2039-05-02 02:45:00,2039-05-02 03:40:00,0.92,Bangalore Station 1,Fast,29,39.2,97.0,470.4,Green Mobility,Bangalore,Completed,Good,D4863,Cloudy,22.5,76.0,26.32,Healthy
EV4864,Tata Nexon EV,Tata,2023,40,96.0,2039-05-03 04:30:00,2039-05-03 05:57:00,1.45,Belagavi Station 1,Normal,34,23.8,176.0,285.60000000000002,EV Fleet India,Belagavi,Completed,Good,D4864,Sunny,22.5,76.0,26.32,Healthy
EV4865,Mahindra XUV400,Mahindra,2023,39,91.1,2039-05-04 14:30:00,2039-05-04 14:49:00,0.32,Bangalore Station 1,Fast,33,17.2,265.0,206.4,Eco Drive,Bangalore,Completed,Good,D4865,Cloudy,22.5,76.0,26.32,Healthy
EV4866,BYD Seal,BYD,2023,82,95.3,2039-05-05 20:30:00,2039-05-05 21:11:00,0.68,Belagavi Station 1,Fast,27,32.0,138.0,384,Green Mobility,Belagavi,Completed,Good,D4866,Rainy,22.5,76.0,26.32,Healthy
EV4867,BYD Atto 3,BYD,2023,60,91.3,2039-05-06 06:45:00,2039-05-06 07:39:00,0.9,Belagavi Station 2,Fast,38,47.6,136.0,571.20000000000005,Green Mobility,Belagavi,Completed,Good,D4867,Rainy,22.5,76.0,26.32,Healthy
EV4868,BYD Seal,BYD,2023,82,94.8,2039-05-07 14:30:00,2039-05-07 15:25:00,0.92,Hubli Station 2,Fast,30,48.2,80.0,578.4,City EV,Hubli,Completed,Good,D4868,Rainy,22.5,76.0,26.32,Healthy
EV4869,Mahindra XUV400,Mahindra,2023,39,95.4,2039-05-08 06:15:00,2039-05-08 06:58:00,0.72,Belagavi Station 1,Fast,38,30.2,190.0,362.4,Premium Fleet,Belagavi,Completed,Good,D4869,Sunny,22.5,76.0,26.32,Healthy
EV4870,Kia EV6,Kia,2023,77,94.1,2039-05-09 13:15:00,2039-05-09 16:09:00,2.9,Mysore Station 1,Normal,31,51.8,206.0,621.6,EV Fleet India,Mysore,Completed,Good,D4870,Sunny,22.5,76.0,26.32,Healthy
EV4871,Mahindra XUV400,Mahindra,2023,39,94.1,2039-05-10 10:00:00,2039-05-10 10:23:00,0.38,Belagavi Station 1,Fast,28,15.3,343.0,183.6,Premium Fleet,Belagavi,Completed,Good,D4871,Cloudy,22.5,76.0,26.32,Healthy
EV4872,Tata Nexon EV,Tata,2023,40,94.9,2039-05-11 13:15:00,2039-05-11 13:56:00,0.68,Hubli Station 1,Fast,29,29.8,276.0,357.6,City EV,Hubli,Completed,Good,D4872,Sunny,22.5,76.0,26.32,Healthy
EV4873,Tata Punch EV,Tata,2023,35,93.2,2039-05-12 21:45:00,2039-05-12 21:58:00,0.22,Hubli Station 2,Fast,37,15.4,270.0,184.8,Eco Drive,Hubli,Completed,Good,D4873,Rainy,22.5,76.0,26.32,Healthy
EV4874,BYD Atto 3,BYD,2023,60,90.2,2039-05-13 04:45:00,2039-05-13 06:44:00,1.98,Mangalore Station 2,Normal,36,34.4,281.0,412.8,Eco Drive,Mangalore,Completed,Good,D4874,Cloudy,22.5,76.0,26.32,Healthy
EV4875,Tata Punch EV,Tata,2023,35,92.4,2039-05-14 13:15:00,2039-05-14 14:03:00,0.8,Mangalore Station 1,Normal,37,16.1,193.0,193.2,EV Fleet India,Mangalore,Completed,Good,D4875,Rainy,22.5,76.0,26.32,Healthy
EV4876,BYD Atto 3,BYD,2023,60,93.3,2039-05-15 10:15:00,2039-05-15 11:02:00,0.78,Belagavi Station 1,Normal,32,13.7,62.0,164.4,City EV,Belagavi,Completed,Good,D4876,Rainy,22.5,76.0,26.32,Healthy
EV4877,Tata Curvv EV,Tata,2023,55,96.0,2039-05-16 12:00:00,2039-05-16 13:34:00,1.57,Belagavi Station 2,Normal,39,28.5,314.0,342,Premium Fleet,Belagavi,Completed,Good,D4877,Cloudy,22.5,76.0,26.32,Healthy
EV4878,Kia EV6,Kia,2023,77,93.5,2039-05-17 03:45:00,2039-05-17 04:22:00,0.62,Bangalore Station 1,Fast,33,35.2,124.0,422.4,Green Mobility,Bangalore,Completed,Good,D4878,Rainy,22.5,76.0,26.32,Healthy
EV4879,BYD Atto 3,BYD,2023,60,95.4,2039-05-18 13:15:00,2039-05-18 15:17:00,2.03,Mysore Station 2,Normal,35,37.5,326.0,450,City EV,Mysore,Completed,Good,D4879,Cloudy,22.5,76.0,26.32,Healthy
EV4880,BYD Seal,BYD,2023,82,91.0,2039-05-19 08:15:00,2039-05-19 11:21:00,3.1,Mysore Station 1,Normal,28,54.3,266.0,651.6,Premium Fleet,Mysore,Completed,Good,D4880,Cloudy,22.5,76.0,26.32,Healthy
EV4881,BYD Atto 3,BYD,2023,60,93.8,2039-05-20 22:30:00,2039-05-21 00:28:00,1.97,Mangalore Station 1,Normal,36,35.0,90.0,420,Green Mobility,Mangalore,Completed,Good,D4881,Sunny,22.5,76.0,26.32,Healthy
EV4882,Tata Curvv EV,Tata,2023,55,95.8,2039-05-21 11:45:00,2039-05-21 13:52:00,2.12,Mysore Station 2,Normal,33,36.0,133.0,432,Premium Fleet,Mysore,Completed,Good,D4882,Cloudy,22.5,76.0,26.32,Healthy
EV4883,Tata Nexon EV,Tata,2023,40,93.9,2039-05-22 18:00:00,2039-05-22 18:21:00,0.35,Mangalore Station 1,Fast,33,16.3,135.0,195.6,Premium Fleet,Mangalore,Completed,Good,D4883,Sunny,22.5,76.0,26.32,Healthy
EV4884,MG ZS EV,MG,2023,50,93.1,2039-05-23 08:45:00,2039-05-23 09:33:00,0.8,Mangalore Station 1,Fast,34,39.0,336.0,468,Premium Fleet,Mangalore,Completed,Good,D4884,Rainy,22.5,76.0,26.32,Healthy
EV4885,Mahindra XUV400,Mahindra,2023,39,92.6,2039-05-24 21:15:00,2039-05-24 22:03:00,0.8,Bangalore Station 2,Normal,36,13.6,218.0,163.19999999999999,Green Mobility,Bangalore,Completed,Good,D4885,Cloudy,22.5,76.0,26.32,Healthy
EV4886,Mahindra XUV400,Mahindra,2023,39,91.5,2039-05-25 18:00:00,2039-05-25 18:17:00,0.28,Mangalore Station 1,Fast,27,12.1,151.0,145.19999999999999,Eco Drive,Mangalore,Completed,Good,D4886,Rainy,22.5,76.0,26.32,Healthy
EV4887,Hyundai Kona EV,Hyundai,2023,39,90.3,2039-05-26 06:15:00,2039-05-26 06:25:00,0.17,Bangalore Station 2,Fast,34,12.3,158.0,147.6,Premium Fleet,Bangalore,Completed,Good,D4887,Cloudy,22.5,76.0,26.32,Healthy
EV4888,Tata Nexon EV,Tata,2023,40,91.9,2039-05-27 18:00:00,2039-05-27 19:42:00,1.7,Belagavi Station 1,Normal,35,30.2,322.0,362.4,City EV,Belagavi,Completed,Good,D4888,Sunny,22.5,76.0,26.32,Healthy
EV4889,Kia EV6,Kia,2023,77,92.6,2039-05-28 20:15:00,2039-05-28 20:39:00,0.4,Mangalore Station 1,Fast,38,21.1,119.0,253.2,Green Mobility,Mangalore,Completed,Good,D4889,Rainy,22.5,76.0,26.32,Healthy
EV4890,Tata Curvv EV,Tata,2023,55,93.2,2039-05-29 13:45:00,2039-05-29 14:13:00,0.47,Mysore Station 2,Fast,34,27.6,225.0,331.2,Green Mobility,Mysore,Completed,Good,D4890,Sunny,22.5,76.0,26.32,Healthy
EV4891,Mahindra XUV400,Mahindra,2023,39,91.2,2039-05-30 09:30:00,2039-05-30 10:53:00,1.38,Bangalore Station 2,Normal,34,24.0,69.0,288,Eco Drive,Bangalore,Completed,Good,D4891,Cloudy,22.5,76.0,26.32,Healthy
EV4892,Hyundai Kona EV,Hyundai,2023,39,94.5,2039-05-31 09:30:00,2039-05-31 10:06:00,0.6,Mysore Station 1,Fast,29,30.0,299.0,360,Eco Drive,Mysore,Completed,Good,D4892,Rainy,22.5,76.0,26.32,Healthy
EV4893,Mahindra XUV400,Mahindra,2023,39,91.0,2039-06-01 14:30:00,2039-06-01 15:02:00,0.53,Belagavi Station 1,Fast,32,25.6,344.0,307.2,Eco Drive,Belagavi,Completed,Good,D4893,Sunny,22.5,76.0,26.32,Healthy
EV4894,MG ZS EV,MG,2023,50,91.4,2039-06-02 12:00:00,2039-06-02 12:20:00,0.33,Mangalore Station 1,Fast,28,18.1,314.0,217.2,EV Fleet India,Mangalore,Completed,Good,D4894,Cloudy,22.5,76.0,26.32,Healthy
EV4895,Tata Curvv EV,Tata,2023,55,92.3,2039-06-03 15:00:00,2039-06-03 15:46:00,0.77,Mangalore Station 2,Fast,38,34.2,235.0,410.4,Premium Fleet,Mangalore,Completed,Good,D4895,Rainy,22.5,76.0,26.32,Healthy
EV4896,BYD Atto 3,BYD,2023,60,92.9,2039-06-04 02:30:00,2039-06-04 03:13:00,0.72,Mangalore Station 1,Fast,35,35.9,80.0,430.8,Premium Fleet,Mangalore,Completed,Good,D4896,Sunny,22.5,76.0,26.32,Healthy
EV4897,BYD Atto 3,BYD,2023,60,93.5,2039-06-05 00:15:00,2039-06-05 02:21:00,2.1,Hubli Station 2,Normal,27,37.6,148.0,451.2,Premium Fleet,Hubli,Completed,Good,D4897,Sunny,22.5,76.0,26.32,Healthy
EV4898,Tata Punch EV,Tata,2023,35,91.9,2039-06-06 03:00:00,2039-06-06 03:30:00,0.5,Bangalore Station 2,Normal,31,7.9,60.0,94.8,Green Mobility,Bangalore,Completed,Good,D4898,Cloudy,22.5,76.0,26.32,Healthy
EV4899,Tata Punch EV,Tata,2023,35,91.4,2039-06-07 05:30:00,2039-06-07 06:04:00,0.57,Hubli Station 2,Fast,29,23.7,259.0,284.39999999999998,City EV,Hubli,Completed,Good,D4899,Sunny,22.5,76.0,26.32,Healthy
EV4900,Mahindra XUV400,Mahindra,2023,39,91.0,2039-06-08 06:30:00,2039-06-08 06:55:00,0.42,Belagavi Station 2,Fast,35,20.7,111.0,248.4,Green Mobility,Belagavi,Completed,Good,D4900,Rainy,22.5,76.0,26.32,Healthy
EV4901,BYD Seal,BYD,2023,82,92.2,2039-06-09 14:45:00,2039-06-09 15:19:00,0.57,Belagavi Station 1,Fast,33,30.3,252.0,363.6,EV Fleet India,Belagavi,Completed,Good,D4901,Cloudy,22.5,76.0,26.32,Healthy
EV4902,Tata Punch EV,Tata,2023,35,91.2,2039-06-10 07:30:00,2039-06-10 07:45:00,0.25,Hubli Station 1,Fast,29,6.8,183.0,81.599999999999994,City EV,Hubli,Completed,Good,D4902,Rainy,22.5,76.0,26.32,Healthy
EV4903,Tata Curvv EV,Tata,2023,55,92.1,2039-06-11 09:15:00,2039-06-11 09:42:00,0.45,Belagavi Station 2,Fast,36,26.9,317.0,322.8,Premium Fleet,Belagavi,Completed,Good,D4903,Sunny,22.5,76.0,26.32,Healthy
EV4904,BYD Seal,BYD,2023,82,95.8,2039-06-12 06:45:00,2039-06-12 09:02:00,2.28,Bangalore Station 2,Normal,37,41.0,230.0,492,Premium Fleet,Bangalore,Completed,Good,D4904,Rainy,22.5,76.0,26.32,Healthy
EV4905,Tata Nexon EV,Tata,2023,40,93.6,2039-06-13 18:15:00,2039-06-13 18:48:00,0.55,Bangalore Station 2,Fast,33,23.3,181.0,279.60000000000002,Green Mobility,Bangalore,Completed,Good,D4905,Rainy,22.5,76.0,26.32,Healthy
EV4906,Tata Curvv EV,Tata,2023,55,91.0,2039-06-14 21:00:00,2039-06-14 22:53:00,1.88,Mangalore Station 1,Normal,34,35.1,239.0,421.2,Green Mobility,Mangalore,Completed,Good,D4906,Sunny,22.5,76.0,26.32,Healthy
EV4907,BYD Seal,BYD,2023,82,93.1,2039-06-15 17:30:00,2039-06-15 20:38:00,3.13,Mangalore Station 1,Normal,34,56.1,307.0,673.2,Green Mobility,Mangalore,Completed,Good,D4907,Sunny,22.5,76.0,26.32,Healthy
EV4908,Mahindra XUV400,Mahindra,2023,39,94.0,2039-06-16 23:45:00,2039-06-17 00:22:00,0.62,Belagavi Station 2,Fast,28,28.8,134.0,345.6,EV Fleet India,Belagavi,Completed,Good,D4908,Rainy,22.5,76.0,26.32,Healthy
EV4909,BYD Atto 3,BYD,2023,60,95.1,2039-06-17 07:15:00,2039-06-17 08:55:00,1.67,Mangalore Station 2,Normal,36,31.0,70.0,372,Green Mobility,Mangalore,Completed,Good,D4909,Cloudy,22.5,76.0,26.32,Healthy
EV4910,Tata Nexon EV,Tata,2023,40,96.1,2039-06-18 04:00:00,2039-06-18 04:51:00,0.85,Belagavi Station 2,Normal,27,15.3,114.0,183.6,Premium Fleet,Belagavi,Completed,Good,D4910,Sunny,22.5,76.0,26.32,Healthy
EV4911,Tata Curvv EV,Tata,2023,55,93.9,2039-06-19 14:30:00,2039-06-19 15:10:00,0.67,Belagavi Station 2,Fast,27,35.4,182.0,424.8,Premium Fleet,Belagavi,Completed,Good,D4911,Cloudy,22.5,76.0,26.32,Healthy
EV4912,MG Comet EV,MG,2023,17,91.4,2039-06-20 14:15:00,2039-06-20 14:40:00,0.42,Belagavi Station 1,Normal,34,6.0,181.0,72,City EV,Belagavi,Completed,Good,D4912,Cloudy,22.5,76.0,26.32,Healthy
EV4913,MG ZS EV,MG,2023,50,91.4,2039-06-21 14:00:00,2039-06-21 14:32:00,0.53,Hubli Station 1,Fast,35,27.7,311.0,332.4,Premium Fleet,Hubli,Completed,Good,D4913,Cloudy,22.5,76.0,26.32,Healthy
EV4914,Tata Curvv EV,Tata,2023,55,91.2,2039-06-22 03:15:00,2039-06-22 03:59:00,0.73,Hubli Station 1,Fast,31,30.7,220.0,368.4,Premium Fleet,Hubli,Completed,Good,D4914,Rainy,22.5,76.0,26.32,Healthy
EV4915,BYD Atto 3,BYD,2023,60,92.0,2039-06-23 22:15:00,2039-06-23 22:56:00,0.68,Belagavi Station 2,Fast,36,37.4,169.0,448.8,City EV,Belagavi,Completed,Good,D4915,Rainy,22.5,76.0,26.32,Healthy
EV4916,BYD Atto 3,BYD,2023,60,95.5,2039-06-24 21:15:00,2039-06-24 21:40:00,0.42,Hubli Station 2,Fast,37,22.6,128.0,271.2,Green Mobility,Hubli,Completed,Good,D4916,Rainy,22.5,76.0,26.32,Healthy
EV4917,Hyundai Kona EV,Hyundai,2023,39,92.9,2039-06-25 14:15:00,2039-06-25 14:40:00,0.42,Mysore Station 2,Fast,28,17.1,258.0,205.2,EV Fleet India,Mysore,Completed,Good,D4917,Cloudy,22.5,76.0,26.32,Healthy
EV4918,BYD Seal,BYD,2023,82,92.2,2039-06-26 13:30:00,2039-06-26 15:04:00,1.57,Hubli Station 2,Normal,38,29.7,315.0,356.4,Eco Drive,Hubli,Completed,Good,D4918,Cloudy,22.5,76.0,26.32,Healthy
EV4919,Tata Curvv EV,Tata,2023,55,95.7,2039-06-27 20:30:00,2039-06-27 21:05:00,0.58,Bangalore Station 2,Fast,29,23.9,275.0,286.8,Green Mobility,Bangalore,Completed,Good,D4919,Sunny,22.5,76.0,26.32,Healthy
EV4920,Tata Punch EV,Tata,2023,35,91.5,2039-06-28 03:45:00,2039-06-28 03:49:00,0.07,Mangalore Station 2,Fast,39,7.9,156.0,94.8,Eco Drive,Mangalore,Completed,Good,D4920,Rainy,22.5,76.0,26.32,Healthy
EV4921,Tata Curvv EV,Tata,2023,55,93.3,2039-06-29 07:30:00,2039-06-29 08:12:00,0.7,Mangalore Station 2,Fast,30,31.0,322.0,372,City EV,Mangalore,Completed,Good,D4921,Cloudy,22.5,76.0,26.32,Healthy
EV4922,Tata Curvv EV,Tata,2023,55,92.3,2039-06-30 07:30:00,2039-06-30 08:07:00,0.62,Mangalore Station 2,Fast,37,26.5,254.0,318,EV Fleet India,Mangalore,Completed,Good,D4922,Sunny,22.5,76.0,26.32,Healthy
EV4923,Tata Curvv EV,Tata,2023,55,92.9,2039-07-01 12:00:00,2039-07-01 12:18:00,0.3,Mysore Station 1,Fast,28,19.2,223.0,230.4,Eco Drive,Mysore,Completed,Good,D4923,Sunny,22.5,76.0,26.32,Healthy
EV4924,Kia EV6,Kia,2023,77,94.2,2039-07-02 07:15:00,2039-07-02 08:04:00,0.82,Mysore Station 2,Fast,38,35.3,299.0,423.6,EV Fleet India,Mysore,Completed,Good,D4924,Sunny,22.5,76.0,26.32,Healthy
EV4925,Tata Nexon EV,Tata,2023,40,93.4,2039-07-03 13:00:00,2039-07-03 13:19:00,0.32,Mysore Station 2,Fast,29,17.5,136.0,210,EV Fleet India,Mysore,Completed,Good,D4925,Sunny,22.5,76.0,26.32,Healthy
EV4926,Tata Curvv EV,Tata,2023,55,90.9,2039-07-04 03:45:00,2039-07-04 04:32:00,0.78,Belagavi Station 1,Fast,36,36.4,160.0,436.8,City EV,Belagavi,Completed,Good,D4926,Sunny,22.5,76.0,26.32,Healthy
EV4927,MG Comet EV,MG,2023,17,92.0,2039-07-05 18:30:00,2039-07-05 18:51:00,0.35,Bangalore Station 2,Normal,27,6.6,291.0,79.2,City EV,Bangalore,Completed,Good,D4927,Cloudy,22.5,76.0,26.32,Healthy
EV4928,Mahindra XUV400,Mahindra,2023,39,93.4,2039-07-06 03:30:00,2039-07-06 04:01:00,0.52,Mysore Station 2,Fast,38,26.3,236.0,315.60000000000002,Green Mobility,Mysore,Completed,Good,D4928,Rainy,22.5,76.0,26.32,Healthy
EV4929,BYD Seal,BYD,2023,82,95.9,2039-07-07 12:30:00,2039-07-07 13:27:00,0.95,Belagavi Station 1,Fast,34,44.8,308.0,537.6,City EV,Belagavi,Completed,Good,D4929,Rainy,22.5,76.0,26.32,Healthy
EV4930,Tata Nexon EV,Tata,2023,40,95.6,2039-07-08 23:15:00,2039-07-09 00:18:00,1.05,Bangalore Station 1,Normal,29,18.4,161.0,220.8,Green Mobility,Bangalore,Completed,Good,D4930,Sunny,22.5,76.0,26.32,Healthy
EV4931,Hyundai Kona EV,Hyundai,2023,39,95.2,2039-07-09 22:45:00,2039-07-09 23:15:00,0.5,Belagavi Station 1,Fast,35,19.7,238.0,236.4,Eco Drive,Belagavi,Completed,Good,D4931,Sunny,22.5,76.0,26.32,Healthy
EV4932,MG ZS EV,MG,2023,50,94.3,2039-07-10 19:30:00,2039-07-10 19:58:00,0.47,Mysore Station 2,Fast,34,27.0,315.0,324,Eco Drive,Mysore,Completed,Good,D4932,Cloudy,22.5,76.0,26.32,Healthy
EV4933,Hyundai Kona EV,Hyundai,2023,39,92.8,2039-07-11 19:30:00,2039-07-11 21:13:00,1.72,Bangalore Station 2,Normal,39,30.7,286.0,368.4,City EV,Bangalore,Completed,Good,D4933,Rainy,22.5,76.0,26.32,Healthy
EV4934,BYD Atto 3,BYD,2023,60,95.2,2039-07-12 01:30:00,2039-07-12 02:21:00,0.85,Mangalore Station 1,Fast,34,42.0,112.0,504,Green Mobility,Mangalore,Completed,Good,D4934,Sunny,22.5,76.0,26.32,Healthy
EV4935,Tata Punch EV,Tata,2023,35,91.5,2039-07-13 15:45:00,2039-07-13 16:45:00,1.0,Bangalore Station 1,Normal,29,16.6,207.0,199.2,Premium Fleet,Bangalore,Completed,Good,D4935,Cloudy,22.5,76.0,26.32,Healthy
EV4936,Tata Punch EV,Tata,2023,35,93.7,2039-07-14 09:30:00,2039-07-14 09:59:00,0.48,Bangalore Station 1,Fast,34,19.8,67.0,237.6,Green Mobility,Bangalore,Completed,Good,D4936,Rainy,22.5,76.0,26.32,Healthy
EV4937,BYD Atto 3,BYD,2023,60,93.5,2039-07-15 15:30:00,2039-07-15 16:36:00,1.1,Mysore Station 1,Normal,39,19.8,178.0,237.6,City EV,Mysore,Completed,Good,D4937,Rainy,22.5,76.0,26.32,Healthy
EV4938,Mahindra XUV400,Mahindra,2023,39,94.8,2039-07-16 01:30:00,2039-07-16 02:12:00,0.7,Mysore Station 1,Normal,39,12.5,139.0,150,Green Mobility,Mysore,Completed,Good,D4938,Cloudy,22.5,76.0,26.32,Healthy
EV4939,MG Comet EV,MG,2023,17,93.0,2039-07-17 11:45:00,2039-07-17 12:01:00,0.27,Bangalore Station 2,Normal,38,5.7,236.0,68.400000000000006,Eco Drive,Bangalore,Completed,Good,D4939,Sunny,22.5,76.0,26.32,Healthy
EV4940,Hyundai Kona EV,Hyundai,2023,39,95.9,2039-07-18 07:30:00,2039-07-18 08:06:00,0.6,Hubli Station 1,Fast,33,25.9,206.0,310.8,EV Fleet India,Hubli,Completed,Good,D4940,Sunny,22.5,76.0,26.32,Healthy
EV4941,BYD Seal,BYD,2023,82,92.5,2039-07-19 08:15:00,2039-07-19 09:02:00,0.78,Bangalore Station 1,Fast,31,34.2,185.0,410.4,Green Mobility,Bangalore,Completed,Good,D4941,Sunny,22.5,76.0,26.32,Healthy
EV4942,Kia EV6,Kia,2023,77,91.8,2039-07-20 07:45:00,2039-07-20 08:16:00,0.52,Belagavi Station 1,Fast,29,27.0,154.0,324,Eco Drive,Belagavi,Completed,Good,D4942,Sunny,22.5,76.0,26.32,Healthy
EV4943,Mahindra XUV400,Mahindra,2023,39,94.8,2039-07-21 23:15:00,2039-07-21 23:50:00,0.58,Hubli Station 1,Fast,29,27.0,231.0,324,EV Fleet India,Hubli,Completed,Good,D4943,Cloudy,22.5,76.0,26.32,Healthy
EV4944,MG Comet EV,MG,2023,17,93.4,2039-07-22 02:15:00,2039-07-22 02:26:00,0.18,Mangalore Station 2,Fast,38,9.7,309.0,116.4,Green Mobility,Mangalore,Completed,Good,D4944,Cloudy,22.5,76.0,26.32,Healthy
EV4945,Tata Punch EV,Tata,2023,35,95.8,2039-07-23 05:45:00,2039-07-23 05:54:00,0.15,Bangalore Station 2,Fast,39,11.0,301.0,132,Premium Fleet,Bangalore,Completed,Good,D4945,Rainy,22.5,76.0,26.32,Healthy
EV4946,Tata Punch EV,Tata,2023,35,91.6,2039-07-24 11:45:00,2039-07-24 12:26:00,0.68,Mysore Station 2,Fast,35,30.6,107.0,367.2,EV Fleet India,Mysore,Completed,Good,D4946,Sunny,22.5,76.0,26.32,Healthy
EV4947,MG Comet EV,MG,2023,17,94.6,2039-07-25 09:45:00,2039-07-25 10:03:00,0.3,Hubli Station 2,Fast,38,12.0,104.0,144,Green Mobility,Hubli,Completed,Good,D4947,Cloudy,22.5,76.0,26.32,Healthy
EV4948,Tata Curvv EV,Tata,2023,55,92.9,2039-07-26 19:45:00,2039-07-26 20:02:00,0.28,Mysore Station 2,Fast,34,11.2,283.0,134.4,Eco Drive,Mysore,Completed,Good,D4948,Rainy,22.5,76.0,26.32,Healthy
EV4949,Tata Punch EV,Tata,2023,35,90.5,2039-07-27 09:00:00,2039-07-27 09:35:00,0.58,Hubli Station 1,Fast,28,23.5,178.0,282,Premium Fleet,Hubli,Completed,Good,D4949,Rainy,22.5,76.0,26.32,Healthy
EV4950,Mahindra XUV400,Mahindra,2023,39,93.5,2039-07-28 21:45:00,2039-07-28 23:09:00,1.4,Mysore Station 1,Normal,38,22.9,159.0,274.8,Premium Fleet,Mysore,Completed,Good,D4950,Cloudy,22.5,76.0,26.32,Healthy
EV4951,MG Comet EV,MG,2023,17,93.8,2039-07-29 03:30:00,2039-07-29 03:39:00,0.15,Bangalore Station 2,Fast,37,5.4,337.0,64.8,City EV,Bangalore,Completed,Good,D4951,Rainy,22.5,76.0,26.32,Healthy
EV4952,Tata Curvv EV,Tata,2023,55,91.1,2039-07-30 13:45:00,2039-07-30 14:08:00,0.38,Hubli Station 1,Fast,31,17.1,219.0,205.2,Eco Drive,Hubli,Completed,Good,D4952,Cloudy,22.5,76.0,26.32,Healthy
EV4953,Mahindra XUV400,Mahindra,2023,39,91.8,2039-07-31 06:15:00,2039-07-31 06:54:00,0.65,Mysore Station 2,Normal,36,11.3,320.0,135.6,Premium Fleet,Mysore,Completed,Good,D4953,Cloudy,22.5,76.0,26.32,Healthy
EV4954,Mahindra XUV400,Mahindra,2023,39,91.1,2039-08-01 07:30:00,2039-08-01 08:46:00,1.27,Bangalore Station 1,Normal,32,24.3,263.0,291.60000000000002,City EV,Bangalore,Completed,Good,D4954,Rainy,22.5,76.0,26.32,Healthy
EV4955,Hyundai Kona EV,Hyundai,2023,39,92.2,2039-08-02 13:00:00,2039-08-02 14:14:00,1.23,Belagavi Station 2,Normal,27,22.9,108.0,274.8,City EV,Belagavi,Completed,Good,D4955,Cloudy,22.5,76.0,26.32,Healthy
EV4956,Tata Nexon EV,Tata,2023,40,92.7,2039-08-03 15:00:00,2039-08-03 16:13:00,1.22,Mangalore Station 2,Normal,28,21.0,277.0,252,Green Mobility,Mangalore,Completed,Good,D4956,Cloudy,22.5,76.0,26.32,Healthy
EV4957,Tata Nexon EV,Tata,2023,40,92.6,2039-08-04 15:15:00,2039-08-04 15:26:00,0.18,Bangalore Station 1,Fast,34,13.9,233.0,166.8,EV Fleet India,Bangalore,Completed,Good,D4957,Cloudy,22.5,76.0,26.32,Healthy
EV4958,Kia EV6,Kia,2023,77,94.3,2039-08-05 21:45:00,2039-08-05 22:39:00,0.9,Hubli Station 2,Fast,28,49.6,99.0,595.20000000000005,Green Mobility,Hubli,Completed,Good,D4958,Sunny,22.5,76.0,26.32,Healthy
EV4959,BYD Atto 3,BYD,2023,60,94.1,2039-08-06 23:15:00,2039-08-06 23:56:00,0.68,Hubli Station 2,Fast,29,34.8,193.0,417.6,Premium Fleet,Hubli,Completed,Good,D4959,Rainy,22.5,76.0,26.32,Healthy
EV4960,MG ZS EV,MG,2023,50,94.3,2039-08-07 23:30:00,2039-08-08 00:04:00,0.57,Mangalore Station 2,Fast,34,29.9,333.0,358.8,Eco Drive,Mangalore,Completed,Good,D4960,Cloudy,22.5,76.0,26.32,Healthy
EV4961,Tata Curvv EV,Tata,2023,55,93.3,2039-08-08 19:15:00,2039-08-08 20:57:00,1.7,Hubli Station 2,Normal,39,28.9,129.0,346.8,Premium Fleet,Hubli,Completed,Good,D4961,Rainy,22.5,76.0,26.32,Healthy
EV4962,Tata Curvv EV,Tata,2023,55,92.8,2039-08-09 14:00:00,2039-08-09 16:05:00,2.08,Mangalore Station 2,Normal,31,37.8,233.0,453.6,Green Mobility,Mangalore,Completed,Good,D4962,Rainy,22.5,76.0,26.32,Healthy
EV4963,Tata Punch EV,Tata,2023,35,90.2,2039-08-10 19:15:00,2039-08-10 20:11:00,0.93,Belagavi Station 1,Normal,27,17.7,135.0,212.4,Eco Drive,Belagavi,Completed,Good,D4963,Rainy,22.5,76.0,26.32,Healthy
EV4964,Mahindra XUV400,Mahindra,2023,39,94.6,2039-08-11 17:45:00,2039-08-11 18:04:00,0.32,Belagavi Station 1,Fast,39,19.2,313.0,230.4,EV Fleet India,Belagavi,Completed,Good,D4964,Sunny,22.5,76.0,26.32,Healthy
EV4965,BYD Seal,BYD,2023,82,93.9,2039-08-12 23:00:00,2039-08-13 02:08:00,3.13,Mysore Station 2,Normal,33,55.5,89.0,666,Eco Drive,Mysore,Completed,Good,D4965,Sunny,22.5,76.0,26.32,Healthy
EV4966,Tata Punch EV,Tata,2023,35,93.3,2039-08-13 11:15:00,2039-08-13 11:25:00,0.17,Bangalore Station 2,Fast,39,10.3,99.0,123.6,Eco Drive,Bangalore,Completed,Good,D4966,Sunny,22.5,76.0,26.32,Healthy
EV4967,BYD Atto 3,BYD,2023,60,95.5,2039-08-14 23:00:00,2039-08-14 23:31:00,0.52,Mangalore Station 2,Fast,32,30.0,235.0,360,City EV,Mangalore,Completed,Good,D4967,Sunny,22.5,76.0,26.32,Healthy
EV4968,Tata Nexon EV,Tata,2023,40,90.7,2039-08-15 18:00:00,2039-08-15 18:23:00,0.38,Mangalore Station 2,Fast,38,13.8,82.0,165.6,Green Mobility,Mangalore,Completed,Good,D4968,Sunny,22.5,76.0,26.32,Healthy
EV4969,Tata Curvv EV,Tata,2023,55,95.9,2039-08-16 18:00:00,2039-08-16 18:54:00,0.9,Belagavi Station 1,Fast,28,41.5,228.0,498,Green Mobility,Belagavi,Completed,Good,D4969,Cloudy,22.5,76.0,26.32,Healthy
EV4970,MG Comet EV,MG,2023,17,92.2,2039-08-17 18:15:00,2039-08-17 18:30:00,0.25,Mysore Station 1,Fast,34,7.8,259.0,93.6,Premium Fleet,Mysore,Completed,Good,D4970,Sunny,22.5,76.0,26.32,Healthy
EV4971,Tata Punch EV,Tata,2023,35,90.5,2039-08-18 16:45:00,2039-08-18 17:20:00,0.58,Bangalore Station 1,Fast,30,27.7,81.0,332.4,EV Fleet India,Bangalore,Completed,Good,D4971,Rainy,22.5,76.0,26.32,Healthy
EV4972,Hyundai Kona EV,Hyundai,2023,39,92.0,2039-08-19 01:45:00,2039-08-19 02:12:00,0.45,Hubli Station 1,Fast,33,27.3,228.0,327.60000000000002,City EV,Hubli,Completed,Good,D4972,Rainy,22.5,76.0,26.32,Healthy
EV4973,Kia EV6,Kia,2023,77,93.1,2039-08-20 16:45:00,2039-08-20 20:08:00,3.38,Bangalore Station 2,Normal,32,60.6,283.0,727.2,Eco Drive,Bangalore,Completed,Good,D4973,Cloudy,22.5,76.0,26.32,Healthy
EV4974,Mahindra XUV400,Mahindra,2023,39,91.9,2039-08-21 17:45:00,2039-08-21 18:16:00,0.52,Mangalore Station 1,Fast,27,20.3,284.0,243.6,Green Mobility,Mangalore,Completed,Good,D4974,Rainy,22.5,76.0,26.32,Healthy
EV4975,Tata Punch EV,Tata,2023,35,90.6,2039-08-22 03:15:00,2039-08-22 03:37:00,0.37,Mysore Station 1,Fast,36,15.1,141.0,181.2,Premium Fleet,Mysore,Completed,Good,D4975,Sunny,22.5,76.0,26.32,Healthy
EV4976,Tata Punch EV,Tata,2023,35,91.7,2039-08-23 21:15:00,2039-08-23 21:33:00,0.3,Hubli Station 1,Fast,30,13.1,76.0,157.19999999999999,Premium Fleet,Hubli,Completed,Good,D4976,Rainy,22.5,76.0,26.32,Healthy
EV4977,Hyundai Kona EV,Hyundai,2023,39,91.3,2039-08-24 18:45:00,2039-08-24 19:12:00,0.45,Mysore Station 1,Fast,30,19.2,207.0,230.4,Green Mobility,Mysore,Completed,Good,D4977,Rainy,22.5,76.0,26.32,Healthy
EV4978,Mahindra XUV400,Mahindra,2023,39,90.7,2039-08-25 11:30:00,2039-08-25 11:50:00,0.33,Mangalore Station 1,Fast,38,18.4,135.0,220.8,City EV,Mangalore,Completed,Good,D4978,Sunny,22.5,76.0,26.32,Healthy
EV4979,BYD Seal,BYD,2023,82,93.1,2039-08-26 05:30:00,2039-08-26 08:33:00,3.05,Belagavi Station 2,Normal,32,52.6,110.0,631.20000000000005,Green Mobility,Belagavi,Completed,Good,D4979,Cloudy,22.5,76.0,26.32,Healthy
EV4980,Tata Curvv EV,Tata,2023,55,96.0,2039-08-27 17:45:00,2039-08-27 19:19:00,1.57,Hubli Station 2,Normal,37,26.8,105.0,321.60000000000002,City EV,Hubli,Completed,Good,D4980,Rainy,22.5,76.0,26.32,Healthy
EV4981,Tata Nexon EV,Tata,2023,40,94.1,2039-08-28 09:45:00,2039-08-28 10:28:00,0.72,Belagavi Station 2,Normal,38,14.0,196.0,168,Green Mobility,Belagavi,Completed,Good,D4981,Cloudy,22.5,76.0,26.32,Healthy
EV4982,BYD Seal,BYD,2023,82,92.9,2039-08-29 23:15:00,2039-08-29 23:56:00,0.68,Bangalore Station 2,Fast,37,36.7,132.0,440.4,Premium Fleet,Bangalore,Completed,Good,D4982,Cloudy,22.5,76.0,26.32,Healthy
EV4983,BYD Atto 3,BYD,2023,60,96.0,2039-08-30 05:00:00,2039-08-30 05:30:00,0.5,Belagavi Station 2,Fast,34,29.7,154.0,356.4,Premium Fleet,Belagavi,Completed,Good,D4983,Sunny,22.5,76.0,26.32,Healthy
EV4984,Tata Punch EV,Tata,2023,35,94.8,2039-08-31 13:30:00,2039-08-31 13:58:00,0.47,Mysore Station 1,Fast,27,18.1,211.0,217.2,Green Mobility,Mysore,Completed,Good,D4984,Rainy,22.5,76.0,26.32,Healthy
EV4985,MG Comet EV,MG,2023,17,92.6,2039-09-01 06:00:00,2039-09-01 06:51:00,0.85,Mysore Station 2,Normal,39,14.1,150.0,169.2,Eco Drive,Mysore,Completed,Good,D4985,Sunny,22.5,76.0,26.32,Healthy
EV4986,Tata Punch EV,Tata,2023,35,91.4,2039-09-02 04:45:00,2039-09-02 05:09:00,0.4,Hubli Station 1,Fast,37,16.3,244.0,195.6,Premium Fleet,Hubli,Completed,Good,D4986,Cloudy,22.5,76.0,26.32,Healthy
EV4987,Tata Punch EV,Tata,2023,35,95.2,2039-09-03 12:45:00,2039-09-03 14:06:00,1.35,Hubli Station 1,Normal,39,22.2,324.0,266.39999999999998,Eco Drive,Hubli,Completed,Good,D4987,Cloudy,22.5,76.0,26.32,Healthy
EV4988,BYD Seal,BYD,2023,82,90.1,2039-09-04 02:45:00,2039-09-04 06:29:00,3.73,Hubli Station 1,Normal,35,65.2,152.0,782.4,Eco Drive,Hubli,Completed,Good,D4988,Rainy,22.5,76.0,26.32,Healthy
EV4989,Tata Curvv EV,Tata,2023,55,94.9,2039-09-05 00:45:00,2039-09-05 01:37:00,0.87,Hubli Station 2,Fast,29,37.4,144.0,448.8,Eco Drive,Hubli,Completed,Good,D4989,Sunny,22.5,76.0,26.32,Healthy
EV4990,Tata Nexon EV,Tata,2023,40,93.0,2039-09-06 21:30:00,2039-09-06 23:02:00,1.53,Belagavi Station 2,Normal,30,26.2,166.0,314.39999999999998,City EV,Belagavi,Completed,Good,D4990,Rainy,22.5,76.0,26.32,Healthy
EV4991,MG ZS EV,MG,2023,50,90.6,2039-09-07 00:15:00,2039-09-07 00:51:00,0.6,Bangalore Station 2,Fast,36,30.2,182.0,362.4,City EV,Bangalore,Completed,Good,D4991,Cloudy,22.5,76.0,26.32,Healthy
EV4992,Hyundai Kona EV,Hyundai,2023,39,90.7,2039-09-08 21:15:00,2039-09-08 22:33:00,1.3,Mysore Station 2,Normal,34,21.4,332.0,256.8,Green Mobility,Mysore,Completed,Good,D4992,Cloudy,22.5,76.0,26.32,Healthy
EV4993,Hyundai Kona EV,Hyundai,2023,39,91.0,2039-09-09 22:45:00,2039-09-09 23:11:00,0.43,Hubli Station 1,Fast,32,22.9,217.0,274.8,City EV,Hubli,Completed,Good,D4993,Cloudy,22.5,76.0,26.32,Healthy
EV4994,Hyundai Kona EV,Hyundai,2023,39,94.2,2039-09-10 11:15:00,2039-09-10 11:48:00,0.55,Bangalore Station 2,Fast,38,32.0,263.0,384,EV Fleet India,Bangalore,Completed,Good,D4994,Sunny,22.5,76.0,26.32,Healthy
EV4995,BYD Seal,BYD,2023,82,93.7,2039-09-11 11:30:00,2039-09-11 12:15:00,0.75,Bangalore Station 2,Fast,31,35.8,174.0,429.6,City EV,Bangalore,Completed,Good,D4995,Sunny,22.5,76.0,26.32,Healthy
EV4996,MG Comet EV,MG,2023,17,92.0,2039-09-12 08:15:00,2039-09-12 08:22:00,0.12,Bangalore Station 1,Fast,29,8.4,189.0,100.8,Premium Fleet,Bangalore,Completed,Good,D4996,Cloudy,22.5,76.0,26.32,Healthy
EV4997,MG ZS EV,MG,2023,50,90.6,2039-09-13 22:45:00,2039-09-13 23:30:00,0.75,Mangalore Station 2,Fast,30,39.3,260.0,471.6,City EV,Mangalore,Completed,Good,D4997,Rainy,22.5,76.0,26.32,Healthy
EV4998,MG ZS EV,MG,2023,50,94.5,2039-09-14 02:45:00,2039-09-14 04:00:00,1.25,Mysore Station 2,Normal,35,22.5,85.0,270,Green Mobility,Mysore,Completed,Good,D4998,Sunny,22.5,76.0,26.32,Healthy
EV4999,MG Comet EV,MG,2023,17,93.0,2039-09-15 01:15:00,2039-09-15 01:24:00,0.15,Hubli Station 1,Fast,33,9.6,64.0,115.2,EV Fleet India,Hubli,Completed,Good,D4999,Sunny,22.5,76.0,26.32,Healthy
EV5000,BYD Atto 3,BYD,2023,60,94.6,2039-09-16 10:00:00,2039-09-16 10:41:00,0.68,Mysore Station 1,Fast,35,28.9,238.0,346.8,City EV,Mysore,Completed,Good,D5000,Cloudy,22.5,76.0,26.32,Healthy
